{
  "version": 2,
  "settings": {
    "startup_iters": 50,
    "random_seed": 16541799507913229037,
    "worker_iterations": 0,
    "warmup_iterations": 0,
    "workers": 30,
    "puma_processes": 10,
    "puma_threads": 6,
    "port_num": 4567,
    "out_dir": ".",
    "discourse_revision": "02fb86916f5265ad8318c4415229753428c68eaf"
  },
  "environment": {
    "RUBY_VERSION": "2.3.4",
    "RUBY_DESCRIPTION": "ruby 2.3.4p301 (2017-03-30 revision 58214) [x86_64-linux]",
    "rvm current": "ext-mri-2.3.4"
  },
  "startup": {
    "times": [
      6.485140812,
      6.51615592,
      6.269102579,
      6.556824815,
      6.672204309,
      6.40478495,
      6.544571604,
      6.416889204,
      6.489684426,
      6.566789637,
      6.453746225,
      6.58765476,
      6.655455077,
      6.544357399,
      6.50828663,
      6.541705755,
      6.609645082,
      6.625414671,
      6.672802058,
      6.475069683,
      6.410791018,
      6.73188124,
      6.579361376,
      6.525100306,
      6.542430286,
      6.473496483,
      6.334754621,
      6.455688103,
      6.715648596,
      6.493035158,
      6.453074051,
      6.68294234,
      6.503630205,
      6.558995377,
      6.664214803,
      6.583769126,
      6.630299445,
      6.494620143,
      6.467454411,
      6.543628546,
      6.365339724,
      6.577193037,
      6.597224839,
      6.41180655,
      6.773849184,
      6.538501196,
      6.383758971,
      6.47039817,
      6.603300795,
      6.611009593
    ]
  },
  "warmup": {
    "times": [

    ]
  },
  "requests": {
    "times": [

    ]
  }
}
