{
  "version": 2,
  "settings": {
    "startup_iters": 50,
    "random_seed": 16541799507913229037,
    "worker_iterations": 0,
    "warmup_iterations": 0,
    "workers": 30,
    "puma_processes": 10,
    "puma_threads": 6,
    "port_num": 4567,
    "out_dir": ".",
    "discourse_revision": "02fb86916f5265ad8318c4415229753428c68eaf"
  },
  "environment": {
    "RUBY_VERSION": "2.4.1",
    "RUBY_DESCRIPTION": "ruby 2.4.1p111 (2017-03-22 revision 58053) [x86_64-linux]",
    "rvm current": "ext-mri-2.4.1"
  },
  "startup": {
    "times": [
      5.862705445,
      5.83372727,
      5.771140155,
      5.972253154,
      5.90959482,
      5.866422164,
      5.762719789,
      5.76391138,
      5.928252832,
      5.808089733,
      5.914213465,
      5.88223996,
      5.787963114,
      5.859442303,
      5.89807426,
      5.791260016,
      5.961727134,
      5.772286938,
      5.949647359,
      5.736242651,
      5.834403124,
      5.801483945,
      5.893285081,
      5.848506032,
      5.676083027,
      5.726256093,
      5.760211536,
      5.843985715,
      5.884131076,
      5.866819335,
      5.71478057,
      5.812854841,
      5.952034897,
      5.986998431,
      5.855079879,
      5.931475157,
      5.834535642,
      5.893850196,
      5.836983646,
      5.886914951,
      5.883581364,
      5.897284219,
      5.7733588,
      5.730912335,
      5.882301573,
      5.817378687,
      5.888800347,
      5.841304869,
      5.814461734,
      5.937757032
    ]
  },
  "warmup": {
    "times": [

    ]
  },
  "requests": {
    "times": [

    ]
  }
}
