{
  "version": 2,
  "settings": {
    "startup_iters": 50,
    "random_seed": 16541799507913229037,
    "worker_iterations": 0,
    "warmup_iterations": 0,
    "workers": 30,
    "puma_processes": 10,
    "puma_threads": 6,
    "port_num": 4567,
    "out_dir": ".",
    "discourse_revision": "02fb86916f5265ad8318c4415229753428c68eaf"
  },
  "environment": {
    "RUBY_VERSION": "2.4.1",
    "RUBY_DESCRIPTION": "ruby 2.4.1p111 (2017-03-22 revision 58053) [x86_64-linux]",
    "rvm current": "ext-mri-2.4.1"
  },
  "startup": {
    "times": [
      5.897412402,
      5.834349994,
      5.930138513,
      5.910391558,
      5.94756289,
      5.807499745,
      5.991769508,
      5.98861083,
      5.903429727,
      5.907678699,
      5.852050933,
      5.863828808,
      5.954638492,
      5.957493715,
      5.930577766,
      5.867370807,
      5.940668931,
      5.658395723,
      5.865812597,
      5.807007267,
      5.90556371,
      5.856876987,
      5.93837728,
      5.731617629,
      5.821445176,
      5.879530845,
      5.826977701,
      5.78057056,
      5.863361122,
      5.80340146,
      5.821496941,
      5.791197465,
      5.880361206,
      5.700440749,
      5.633966206,
      5.802765492,
      5.717826441,
      5.847294422,
      5.785010439,
      5.821734156,
      5.819616934,
      5.80312574,
      5.597290519,
      5.629427183,
      5.885358016,
      5.702424175,
      5.811528703,
      5.840921818,
      5.877258971,
      5.915448083
    ]
  },
  "warmup": {
    "times": [

    ]
  },
  "requests": {
    "times": [

    ]
  }
}
