{
  "version": 2,
  "settings": {
    "startup_iters": 50,
    "random_seed": 16541799507913229037,
    "worker_iterations": 0,
    "warmup_iterations": 0,
    "workers": 30,
    "puma_processes": 10,
    "puma_threads": 6,
    "port_num": 4567,
    "out_dir": ".",
    "discourse_revision": "02fb86916f5265ad8318c4415229753428c68eaf"
  },
  "environment": {
    "RUBY_VERSION": "2.3.4",
    "RUBY_DESCRIPTION": "ruby 2.3.4p301 (2017-03-30 revision 58214) [x86_64-linux]",
    "rvm current": "ext-mri-2.3.4"
  },
  "startup": {
    "times": [
      6.66763519,
      6.506253375,
      6.567124445,
      6.682069908,
      6.532600599,
      6.456830749,
      6.532172953,
      6.512630558,
      6.579766749,
      6.36727331,
      6.568654302,
      6.565575052,
      6.602218291,
      6.670685783,
      6.415797352,
      6.545315919,
      6.523032151,
      6.623910532,
      6.607637701,
      6.664776524,
      6.537001451,
      6.586863008,
      6.535417262,
      6.447217207,
      6.497824398,
      6.551270428,
      6.5345029,
      6.457067847,
      6.581238375,
      6.641957293,
      6.336195645,
      6.663559599,
      6.653846853,
      6.58245322,
      6.540642193,
      6.418568535,
      6.666441071,
      6.324503011,
      6.449549812,
      6.442843132,
      6.378905856,
      6.585673572,
      6.601371787,
      6.560979345,
      6.55399496,
      6.317888375,
      6.377442623,
      6.325835028,
      6.561433973,
      6.547199251
    ]
  },
  "warmup": {
    "times": [

    ]
  },
  "requests": {
    "times": [

    ]
  }
}
