{
  "version": 2,
  "settings": {
    "startup_iters": 50,
    "random_seed": 16541799507913229037,
    "worker_iterations": 0,
    "warmup_iterations": 0,
    "workers": 30,
    "puma_processes": 10,
    "puma_threads": 6,
    "port_num": 4567,
    "out_dir": ".",
    "discourse_revision": "02fb86916f5265ad8318c4415229753428c68eaf"
  },
  "environment": {
    "RUBY_VERSION": "2.3.4",
    "RUBY_DESCRIPTION": "ruby 2.3.4p301 (2017-03-30 revision 58214) [x86_64-linux]",
    "rvm current": "ext-mri-2.3.4"
  },
  "startup": {
    "times": [
      6.350011233,
      6.572542118,
      6.463714938,
      6.581817592,
      6.517935328,
      6.600627546,
      6.533335118,
      6.746145653,
      6.338873096,
      6.519346341,
      6.385410512,
      6.522099354,
      6.58239078,
      6.410523395,
      6.515217391,
      6.55994204,
      6.640335108,
      6.476586376,
      6.588214027,
      6.470215052,
      6.619472538,
      6.393553784,
      6.363128523,
      6.644034421,
      6.495495561,
      6.407467438,
      6.550029055,
      6.426764717,
      6.63489072,
      6.555296889,
      6.579895584,
      6.524809858,
      6.653391901,
      6.5625979,
      6.565409967,
      6.663454669,
      6.68476423,
      6.644170842,
      6.453207032,
      6.625921829,
      6.482099197,
      6.366465243,
      6.616605394,
      6.63682844,
      6.514798282,
      6.505948162,
      6.627490345,
      6.549023788,
      6.607681601,
      6.424556523
    ]
  },
  "warmup": {
    "times": [

    ]
  },
  "requests": {
    "times": [

    ]
  }
}
