{
  "version": 2,
  "settings": {
    "startup_iters": 150,
    "random_seed": 16541799507913229037,
    "worker_iterations": 0,
    "warmup_iterations": 0,
    "workers": 30,
    "puma_processes": 10,
    "puma_threads": 6,
    "port_num": 4567,
    "out_dir": ".",
    "discourse_revision": "a6ef10d61374a4d420799e7410a67b0afaeec637"
  },
  "environment": {
    "RUBY_VERSION": "2.0.0",
    "rvm current": "ext-mri-2.0.0"
  },
  "startup": {
    "times": [
      9.989354279,
      9.790610023,
      9.735187076,
      9.899243404,
      9.953018828,
      9.938467174,
      10.050096589,
      9.935024436,
      10.068383783,
      9.86204971,
      10.000950063,
      9.912976999,
      9.734649916,
      9.964195883,
      9.633825932,
      9.924539589,
      9.944761519,
      10.023664673,
      9.80853328,
      9.82883663,
      9.806182756,
      10.073405536,
      9.784601262,
      9.967250824,
      9.850165515,
      9.840889925,
      9.792240045,
      9.863591625,
      9.966929299,
      9.922111009,
      9.933698467,
      9.878507976,
      9.654492964,
      9.921563754,
      9.87249562,
      9.988613789,
      9.831898694,
      9.892400025,
      9.892691234,
      9.977343634,
      9.628815217,
      10.020007407,
      9.814024523,
      9.904262046,
      9.836703399,
      9.960616416,
      9.882978665,
      10.007378184,
      10.000614408,
      9.75999276,
      9.909896233,
      10.008927945,
      9.932409647,
      9.979533436,
      9.956806556,
      9.796604853,
      9.782263453,
      9.841659954,
      10.101196644,
      9.889087499,
      10.054837602,
      9.818597545,
      9.755380406,
      10.0250756,
      9.874693479,
      9.945773903,
      9.816384958,
      9.884074909,
      9.962073328,
      9.912694827,
      9.879865766,
      9.972925994,
      9.778777981,
      10.025281032,
      9.791340695,
      9.996451918,
      9.794809545,
      10.07558593,
      10.105289896,
      9.962975143,
      9.990166523,
      9.946431618,
      9.953724405,
      10.030868057,
      9.978646005,
      9.740957949,
      10.03777565,
      9.970643386,
      9.91655143,
      9.923343294,
      9.90630612,
      9.888441205,
      9.997512013,
      9.838817395,
      9.688930253,
      10.002249471,
      10.030434285,
      9.965557677,
      9.919088349,
      9.939352246,
      9.872341184,
      9.992291005,
      10.000290417,
      9.950752278,
      9.763723553,
      9.871683464,
      9.884151754,
      9.807145061,
      9.950504483,
      9.920668948,
      9.979513962,
      9.920860974,
      9.942371382,
      9.975510817,
      10.009752723,
      9.752374321,
      9.916678322,
      9.984191454,
      9.818557226,
      9.837293899,
      9.784541397,
      9.819224933,
      9.756821255,
      9.872207599,
      10.031979036,
      9.893975968,
      9.990884024,
      10.011651508,
      9.717196731,
      9.78047489,
      9.967561852,
      9.965758071,
      10.031848704,
      9.868433848,
      9.921476808,
      9.973926565,
      9.849204105,
      9.769101521,
      9.76320469,
      9.849851713,
      9.91028854,
      9.721561391,
      9.900575214,
      9.805616815,
      10.108682008,
      9.953380848,
      9.913277744,
      9.770757591,
      9.939394479,
      9.618342673
    ]
  },
  "warmup": {
    "times": [

    ]
  },
  "requests": {
    "times": [

    ]
  }
}
