{
  "version": 2,
  "settings": {
    "startup_iters": 150,
    "random_seed": 16541799507913229037,
    "worker_iterations": 0,
    "warmup_iterations": 0,
    "workers": 30,
    "puma_processes": 10,
    "puma_threads": 6,
    "port_num": 4567,
    "out_dir": ".",
    "discourse_revision": "a6ef10d61374a4d420799e7410a67b0afaeec637"
  },
  "environment": {
    "RUBY_VERSION": "2.2.7",
    "rvm current": "ext-mri-2.2.7"
  },
  "startup": {
    "times": [
      7.757341557,
      7.658196718,
      7.783143656,
      7.806202472,
      7.742782182,
      7.859141351,
      7.932319555,
      7.691409192,
      7.707738265,
      7.805893424,
      7.678978691,
      7.807814851,
      7.785279484,
      7.852038708,
      7.71119599,
      7.791626909,
      7.979593005,
      7.732030511,
      7.826320867,
      7.85300419,
      7.915234317,
      7.87006669,
      7.876309455,
      7.609863461,
      7.874847826,
      7.871943797,
      7.70804836,
      7.870536444,
      7.927669981,
      7.856408731,
      7.853069395,
      7.867349262,
      7.81840201,
      7.641659657,
      7.751260612,
      7.744388562,
      7.892226702,
      7.906306291,
      7.872255203,
      7.787137275,
      7.656699601,
      7.983727199,
      7.766927572,
      7.903655176,
      7.854318637,
      7.959985279,
      7.698987757,
      7.880214877,
      7.769161602,
      7.959345928,
      7.752205385,
      7.967770514,
      7.74490109,
      7.681877248,
      7.874058933,
      7.814325843,
      7.782430793,
      7.828467954,
      7.737065649,
      7.954633899,
      7.745913173,
      7.719846754,
      7.776985217,
      7.740304846,
      7.893423738,
      7.749774195,
      7.799531874,
      7.783330194,
      7.721907313,
      7.718122965,
      7.929357411,
      7.763769583,
      7.831491503,
      7.885066712,
      7.809726744,
      7.763366391,
      7.859060896,
      7.46430845,
      7.891814122,
      7.925725516,
      7.843294011,
      7.697369047,
      7.646179803,
      7.873483794,
      7.893172182,
      7.651274117,
      7.840860879,
      7.793773371,
      7.805113853,
      7.643294579,
      7.88337157,
      7.806106545,
      7.843141416,
      7.801779237,
      7.872419778,
      7.703160885,
      7.865109276,
      7.785016453,
      7.841875182,
      7.869189735,
      7.935440893,
      7.827481656,
      7.833111354,
      7.969054521,
      7.715136529,
      7.843800341,
      7.76587885,
      7.767852726,
      7.883984592,
      7.574417762,
      7.81073776,
      7.803969463,
      7.896970103,
      7.913548144,
      7.72431826,
      7.88354031,
      7.736627853,
      7.851268564,
      7.73318332,
      7.949512864,
      7.781953334,
      7.891293214,
      7.807752421,
      7.747653674,
      7.828097074,
      7.861441294,
      7.747992771,
      7.853336691,
      7.774906921,
      7.662804076,
      7.718258225,
      7.689198051,
      7.788644556,
      7.943257598,
      7.8365248,
      7.799252395,
      7.756060829,
      7.802391609,
      7.855749237,
      7.81966187,
      7.925038347,
      7.889179966,
      8.060647119,
      7.850294281,
      7.675849252,
      7.965158334,
      7.691008084,
      7.882759826,
      7.752834154,
      7.902240687
    ]
  },
  "warmup": {
    "times": [

    ]
  },
  "requests": {
    "times": [

    ]
  }
}
