{
  "version": 2,
  "settings": {
    "startup_iters": 50,
    "random_seed": 16541799507913229037,
    "worker_iterations": 0,
    "warmup_iterations": 0,
    "workers": 30,
    "puma_processes": 10,
    "puma_threads": 6,
    "port_num": 4567,
    "out_dir": ".",
    "discourse_revision": "02fb86916f5265ad8318c4415229753428c68eaf"
  },
  "environment": {
    "RUBY_VERSION": "2.4.1",
    "RUBY_DESCRIPTION": "ruby 2.4.1p111 (2017-03-22 revision 58053) [x86_64-linux]",
    "rvm current": "ext-mri-2.4.1"
  },
  "startup": {
    "times": [
      5.873823394,
      5.907123794,
      5.690841725,
      5.928200296,
      5.996812719,
      5.796082046,
      5.833850912,
      5.84350296,
      5.834040879,
      5.768279417,
      5.896702563,
      5.780595854,
      5.822007718,
      5.892056352,
      5.824011576,
      5.858283932,
      5.769570797,
      5.88547934,
      5.70588338,
      5.83863636,
      5.914720265,
      5.961026822,
      5.885103597,
      5.761079109,
      5.849638111,
      5.844477523,
      5.936323436,
      5.89250401,
      5.896682884,
      5.764823857,
      5.889695975,
      5.881313481,
      5.860396015,
      6.000995349,
      5.745355854,
      5.904742771,
      5.888568725,
      5.82645567,
      5.936469976,
      5.940067797,
      5.764109306,
      5.854358413,
      5.680214003,
      5.909167002,
      5.921250785,
      5.963426618,
      5.968437985,
      5.835512369,
      5.857135117,
      5.966542678
    ]
  },
  "warmup": {
    "times": [

    ]
  },
  "requests": {
    "times": [

    ]
  }
}
