{
  "version": 2,
  "settings": {
    "startup_iters": 50,
    "random_seed": 16541799507913229037,
    "worker_iterations": 0,
    "warmup_iterations": 0,
    "workers": 30,
    "puma_processes": 10,
    "puma_threads": 6,
    "port_num": 4567,
    "out_dir": ".",
    "discourse_revision": "02fb86916f5265ad8318c4415229753428c68eaf"
  },
  "environment": {
    "RUBY_VERSION": "2.3.4",
    "RUBY_DESCRIPTION": "ruby 2.3.4p301 (2017-03-30 revision 58214) [x86_64-linux]",
    "rvm current": "ext-mri-2.3.4"
  },
  "startup": {
    "times": [
      6.546025255,
      6.591098408,
      6.601997958,
      6.639689335,
      6.461508074,
      6.477391459,
      6.5150081,
      6.628282039,
      6.518284601,
      6.411615335,
      6.504766239,
      6.74802309,
      6.527237895,
      6.359418271,
      6.404345794,
      6.510835223,
      6.554472184,
      6.632422744,
      6.681621683,
      6.45673312,
      6.346564769,
      6.466438365,
      6.615097726,
      6.505414512,
      6.441791721,
      6.47273807,
      6.502060227,
      6.547726095,
      6.546409024,
      6.502077843,
      6.658758508,
      6.612621341,
      6.543576,
      6.465009885,
      6.412915901,
      6.619665682,
      6.485481463,
      6.539073944,
      6.566268435,
      6.525018326,
      6.437076065,
      6.614776703,
      6.595998627,
      6.436178739,
      6.582733634,
      6.568556332,
      6.485466252,
      6.591607461,
      6.526951357,
      6.390569368
    ]
  },
  "warmup": {
    "times": [

    ]
  },
  "requests": {
    "times": [

    ]
  }
}
