{
  "version": 2,
  "settings": {
    "startup_iters": 50,
    "random_seed": 16541799507913229037,
    "worker_iterations": 0,
    "warmup_iterations": 0,
    "workers": 30,
    "puma_processes": 10,
    "puma_threads": 6,
    "port_num": 4567,
    "out_dir": ".",
    "discourse_revision": "02fb86916f5265ad8318c4415229753428c68eaf"
  },
  "environment": {
    "RUBY_VERSION": "2.3.4",
    "RUBY_DESCRIPTION": "ruby 2.3.4p301 (2017-03-30 revision 58214) [x86_64-linux]",
    "rvm current": "ext-mri-2.3.4"
  },
  "startup": {
    "times": [
      6.614620238,
      6.594705124,
      6.480370615,
      6.629707939,
      6.589707893,
      6.531970496,
      6.493741573,
      6.712340077,
      6.484093425,
      6.564107419,
      6.532890236,
      6.382497489,
      6.598998642,
      6.512421567,
      6.696246481,
      6.496400005,
      6.637288753,
      6.470457957,
      6.610481152,
      6.683514988,
      6.637038476,
      6.711474651,
      6.626543789,
      6.504037338,
      6.444735123,
      6.453682464,
      6.571849874,
      6.624340118,
      6.500980058,
      6.517487967,
      6.506117707,
      6.589237374,
      6.554422481,
      6.467053214,
      6.522923593,
      6.700597692,
      6.532785008,
      6.545638418,
      6.646817319,
      6.669482037,
      6.454970967,
      6.520920421,
      6.500695624,
      6.677682444,
      6.535619623,
      6.637021091,
      6.596735336,
      6.416203595,
      6.567244277,
      6.618566918
    ]
  },
  "warmup": {
    "times": [

    ]
  },
  "requests": {
    "times": [

    ]
  }
}
