{
  "version": 2,
  "settings": {
    "startup_iters": 50,
    "random_seed": 16541799507913229037,
    "worker_iterations": 0,
    "warmup_iterations": 0,
    "workers": 30,
    "puma_processes": 10,
    "puma_threads": 6,
    "port_num": 4567,
    "out_dir": ".",
    "discourse_revision": "02fb86916f5265ad8318c4415229753428c68eaf"
  },
  "environment": {
    "RUBY_VERSION": "2.3.4",
    "RUBY_DESCRIPTION": "ruby 2.3.4p301 (2017-03-30 revision 58214) [x86_64-linux]",
    "rvm current": "ext-mri-2.3.4"
  },
  "startup": {
    "times": [
      6.440606663,
      6.548111942,
      6.462459661,
      6.582387108,
      6.620354848,
      6.590522308,
      6.56439982,
      6.60223609,
      6.585721262,
      6.485540312,
      6.274098689,
      6.549765425,
      6.274472489,
      6.390961811,
      6.606122925,
      6.626701509,
      6.398063042,
      6.686059013,
      6.563719661,
      6.426262497,
      6.469660767,
      6.689138637,
      6.477479048,
      6.368019185,
      6.673201197,
      6.591488683,
      6.548426909,
      6.53942632,
      6.477906707,
      6.485582255,
      6.458283056,
      6.445045147,
      6.575269898,
      6.609359158,
      6.432598945,
      6.576507853,
      6.616770689,
      6.572262174,
      6.639039312,
      6.421447631,
      6.409948838,
      6.674838872,
      6.421402788,
      6.611381856,
      6.449915817,
      6.541366525,
      6.478866794,
      6.520545447,
      6.364248848,
      6.663116489
    ]
  },
  "warmup": {
    "times": [

    ]
  },
  "requests": {
    "times": [

    ]
  }
}
