{
  "version": 2,
  "settings": {
    "startup_iters": 50,
    "random_seed": 16541799507913229037,
    "worker_iterations": 0,
    "warmup_iterations": 0,
    "workers": 30,
    "puma_processes": 10,
    "puma_threads": 6,
    "port_num": 4567,
    "out_dir": ".",
    "discourse_revision": "02fb86916f5265ad8318c4415229753428c68eaf"
  },
  "environment": {
    "RUBY_VERSION": "2.4.1",
    "RUBY_DESCRIPTION": "ruby 2.4.1p111 (2017-03-22 revision 58053) [x86_64-linux]",
    "rvm current": "ext-mri-2.4.1"
  },
  "startup": {
    "times": [
      5.79757462,
      5.752150926,
      5.850194378,
      5.867418071,
      5.818172824,
      5.833458589,
      5.85673292,
      5.799500348,
      5.883838178,
      5.759465845,
      5.736372772,
      5.835047606,
      5.891680694,
      5.778355493,
      5.723818879,
      5.911770418,
      5.938099234,
      5.85793813,
      5.90367077,
      5.881438888,
      5.791879558,
      5.785190067,
      5.770756719,
      5.724969515,
      5.874955682,
      5.696258198,
      5.84254735,
      5.817029522,
      5.824191448,
      5.896731577,
      5.836141668,
      5.850408261,
      5.788321554,
      5.970360049,
      5.813871535,
      5.804927123,
      5.880905209,
      5.858925658,
      5.704556119,
      5.741598463,
      5.89309465,
      5.827734953,
      5.789571833,
      5.832897676,
      5.76656178,
      5.945876127,
      5.981997214,
      5.896958501,
      5.838706364,
      5.964988438
    ]
  },
  "warmup": {
    "times": [

    ]
  },
  "requests": {
    "times": [

    ]
  }
}
