{
  "version": 2,
  "settings": {
    "startup_iters": 150,
    "random_seed": 16541799507913229037,
    "worker_iterations": 0,
    "warmup_iterations": 0,
    "workers": 30,
    "puma_processes": 10,
    "puma_threads": 6,
    "port_num": 4567,
    "out_dir": ".",
    "discourse_revision": "a6ef10d61374a4d420799e7410a67b0afaeec637"
  },
  "environment": {
    "RUBY_VERSION": "2.1.10",
    "rvm current": "ext-mri-2.1.10"
  },
  "startup": {
    "times": [
      7.919732193,
      7.62798833,
      7.944676762,
      7.915953772,
      7.982037744,
      7.828173811,
      7.703472252,
      7.834444875,
      7.842765433,
      7.543718413,
      7.738812764,
      7.820094614,
      7.753167394,
      8.015168428,
      7.882762384,
      7.930338849,
      8.047861327,
      7.928944352,
      7.863679813,
      7.885804124,
      7.839708041,
      7.821217275,
      7.730262573,
      7.984120455,
      7.911880911,
      7.989546042,
      7.904146768,
      7.854545967,
      8.091063903,
      7.876547002,
      7.993559852,
      7.887280206,
      7.79820833,
      7.902228594,
      7.764938965,
      7.779553706,
      7.792131495,
      7.945584032,
      7.923287347,
      7.746552958,
      7.905361034,
      7.915270131,
      7.983771986,
      7.78058356,
      7.777966613,
      7.869158755,
      7.784181631,
      7.860911212,
      7.820105835,
      7.821827369,
      7.893909679,
      7.788995298,
      7.995481068,
      7.944923037,
      7.81896104,
      7.601981871,
      7.769269976,
      7.944302579,
      7.867136724,
      8.055932572,
      7.855399368,
      7.748859536,
      7.959965144,
      7.934387733,
      8.010794124,
      7.82722776,
      7.771020994,
      8.045568426,
      8.001029304,
      7.916732734,
      7.989607742,
      8.031082332,
      7.90398933,
      7.741533853,
      7.924367589,
      7.941345104,
      7.964068132,
      7.884137476,
      7.898139002,
      7.976238391,
      8.002126279,
      7.633544315,
      7.799364331,
      8.017719986,
      7.911348971,
      7.788605489,
      7.829670023,
      7.776912194,
      7.939545248,
      7.87512657,
      7.746400168,
      7.853169319,
      7.963750926,
      7.724624323,
      7.806269905,
      7.829934329,
      7.907716391,
      7.902744809,
      7.824467185,
      7.979794579,
      8.02274152,
      7.714605952,
      7.782697953,
      7.788076941,
      8.038743492,
      7.772352872,
      7.940766803,
      7.628573181,
      7.878598119,
      7.95023602,
      7.823576123,
      7.831922346,
      7.781752727,
      8.074900162,
      7.948587384,
      7.851261421,
      7.931686752,
      7.758215589,
      7.846236667,
      7.705476575,
      7.983275301,
      7.857141645,
      7.898301949,
      7.798786079,
      7.774955058,
      7.829902203,
      7.927587134,
      7.914846406,
      8.004044787,
      7.972821181,
      7.703558978,
      7.82275048,
      7.847519803,
      7.77032492,
      7.745911156,
      7.993284354,
      7.813300422,
      7.682839502,
      7.737301174,
      7.795405252,
      7.805584448,
      7.895162018,
      7.867506664,
      7.973814765,
      7.812882665,
      8.018966654,
      7.868926822,
      7.805162179,
      7.886073466,
      7.942116679
    ]
  },
  "warmup": {
    "times": [

    ]
  },
  "requests": {
    "times": [

    ]
  }
}
