{
  "version": 2,
  "settings": {
    "startup_iters": 50,
    "random_seed": 16541799507913229037,
    "worker_iterations": 0,
    "warmup_iterations": 0,
    "workers": 30,
    "puma_processes": 10,
    "puma_threads": 6,
    "port_num": 4567,
    "out_dir": ".",
    "discourse_revision": "02fb86916f5265ad8318c4415229753428c68eaf"
  },
  "environment": {
    "RUBY_VERSION": "2.4.1",
    "RUBY_DESCRIPTION": "ruby 2.4.1p111 (2017-03-22 revision 58053) [x86_64-linux]",
    "rvm current": "ext-mri-2.4.1"
  },
  "startup": {
    "times": [
      5.804145436,
      5.834293348,
      5.843800225,
      5.879095499,
      5.913431664,
      5.91370022,
      5.787417993,
      5.855078163,
      5.782189235,
      5.81518169,
      5.92296973,
      5.795715971,
      6.028089386,
      5.954020679,
      5.924726769,
      5.828209964,
      5.930323628,
      5.841433882,
      5.849957441,
      5.875892168,
      5.755212758,
      5.852143785,
      5.785466122,
      5.920011467,
      5.84783697,
      5.796634532,
      5.769217789,
      5.927691169,
      5.770363197,
      5.770131915,
      5.813693288,
      5.751774685,
      5.865067648,
      5.859840478,
      5.824314053,
      5.869266488,
      5.911198069,
      5.847121954,
      5.981938329,
      5.801734478,
      5.900636368,
      5.863212071,
      5.736930818,
      5.836063015,
      5.783404669,
      5.908031178,
      5.930046662,
      5.683226138,
      5.759178081,
      5.78878656
    ]
  },
  "warmup": {
    "times": [

    ]
  },
  "requests": {
    "times": [

    ]
  }
}
