{
  "version": 2,
  "settings": {
    "startup_iters": 50,
    "random_seed": 16541799507913229037,
    "worker_iterations": 0,
    "warmup_iterations": 0,
    "workers": 30,
    "puma_processes": 10,
    "puma_threads": 6,
    "port_num": 4567,
    "out_dir": ".",
    "discourse_revision": "02fb86916f5265ad8318c4415229753428c68eaf"
  },
  "environment": {
    "RUBY_VERSION": "2.4.1",
    "RUBY_DESCRIPTION": "ruby 2.4.1p111 (2017-03-22 revision 58053) [x86_64-linux]",
    "rvm current": "ext-mri-2.4.1"
  },
  "startup": {
    "times": [
      5.784268826,
      5.905261028,
      5.910891829,
      5.966380375,
      5.917238134,
      5.813015879,
      5.809409882,
      5.911056906,
      5.857205194,
      5.871528116,
      5.7638305,
      5.768813062,
      5.760549993,
      5.825100964,
      5.82637252,
      5.976046491,
      5.919857895,
      5.806940351,
      5.7755742,
      5.794287699,
      6.000813063,
      5.843702546,
      5.920003491,
      5.961518758,
      5.908629617,
      5.732289868,
      5.688424651,
      5.826328929,
      5.856323221,
      5.935363592,
      5.881400275,
      5.801468038,
      5.858942274,
      5.819185834,
      5.960345322,
      5.710480076,
      5.853572267,
      5.783784256,
      5.858578283,
      5.848679658,
      5.778343596,
      5.938110318,
      5.881812496,
      5.650878617,
      5.958006269,
      5.978632932,
      5.844995007,
      5.77033246,
      5.649643943,
      5.872482192
    ]
  },
  "warmup": {
    "times": [

    ]
  },
  "requests": {
    "times": [

    ]
  }
}
