{
  "version": 2,
  "settings": {
    "startup_iters": 150,
    "random_seed": 16541799507913229037,
    "worker_iterations": 0,
    "warmup_iterations": 0,
    "workers": 30,
    "puma_processes": 10,
    "puma_threads": 6,
    "port_num": 4567,
    "out_dir": ".",
    "discourse_revision": "a6ef10d61374a4d420799e7410a67b0afaeec637"
  },
  "environment": {
    "RUBY_VERSION": "2.0.0",
    "rvm current": "ext-mri-2.0.0"
  },
  "startup": {
    "times": [
      10.01932747,
      9.91595708,
      9.776898459,
      9.954000227,
      9.724096197,
      9.79159792,
      10.02400653,
      9.631054981,
      9.968391903,
      9.912520187,
      9.948981266,
      9.86062961,
      9.868892088,
      9.963547046,
      9.708335312,
      9.878540295,
      9.823181916,
      9.790923211,
      9.953836496,
      10.00578507,
      9.663290554,
      9.728588671,
      9.917795291,
      9.940183258,
      9.9947574,
      9.796361673,
      9.938698015,
      9.978747631,
      9.985225351,
      9.878965912,
      9.777771083,
      9.955622471,
      9.870034691,
      9.825508473,
      10.050581888,
      9.840576659,
      9.900477779,
      9.981628411,
      9.990840676,
      9.984475833,
      9.926337443,
      9.982739363,
      9.876192701,
      9.903641815,
      9.838815186,
      9.832201901,
      9.550980368,
      9.632206772,
      9.87702737,
      9.878617435,
      9.746493436,
      10.028588107,
      9.923779179,
      9.853234354,
      9.651627366,
      10.177246255,
      9.894897452,
      9.769146552,
      10.001758467,
      9.864674747,
      9.977625981,
      9.806254374,
      9.970298831,
      9.880845257,
      9.798991729,
      9.849081467,
      9.71643134,
      10.033637905,
      9.973630645,
      9.888741013,
      10.085350411,
      9.998774467,
      10.034490973,
      9.944398813,
      9.840237192,
      10.047712035,
      9.98241496,
      9.781103977,
      9.851220472,
      9.921320761,
      9.90865335,
      9.832424734,
      9.972349113,
      9.89285719,
      9.859496112,
      9.822018752,
      9.566142458,
      9.902641396,
      9.884545646,
      9.824461894,
      9.907593218,
      9.797850975,
      9.873221509,
      9.977959429,
      10.003792132,
      9.786951938,
      10.074689246,
      9.914664657,
      9.848561431,
      9.965122481,
      9.902294211,
      9.943362728,
      9.902967666,
      9.931347577,
      10.036203042,
      10.031096994,
      9.916587524,
      9.83432724,
      10.099120153,
      9.750391347,
      9.968593605,
      9.8663292,
      9.776345704,
      9.774509648,
      9.893410053,
      9.831398885,
      9.8247121,
      9.973895164,
      10.024093343,
      9.82650185,
      9.986718005,
      9.864458233,
      9.975978954,
      9.898010117,
      9.725721518,
      9.802841041,
      9.8051674,
      9.89193214,
      10.06526862,
      9.801625743,
      10.004644007,
      10.007138644,
      9.875636388,
      9.934530179,
      9.839922783,
      10.004048935,
      9.974371511,
      9.98354181,
      10.002915312,
      9.606642724,
      9.907988026,
      9.753960543,
      9.884108958,
      10.031997093,
      9.849602897,
      9.888858264,
      9.747472843,
      9.886970964,
      9.712737068,
      9.90183028
    ]
  },
  "warmup": {
    "times": [

    ]
  },
  "requests": {
    "times": [

    ]
  }
}
