{
  "version": 2,
  "settings": {
    "startup_iters": 50,
    "random_seed": 16541799507913229037,
    "worker_iterations": 0,
    "warmup_iterations": 0,
    "workers": 30,
    "puma_processes": 10,
    "puma_threads": 6,
    "port_num": 4567,
    "out_dir": ".",
    "discourse_revision": "02fb86916f5265ad8318c4415229753428c68eaf"
  },
  "environment": {
    "RUBY_VERSION": "2.3.4",
    "RUBY_DESCRIPTION": "ruby 2.3.4p301 (2017-03-30 revision 58214) [x86_64-linux]",
    "rvm current": "ext-mri-2.3.4"
  },
  "startup": {
    "times": [
      6.613877255,
      6.521771885,
      6.463752578,
      6.579288113,
      6.34031332,
      6.453035565,
      6.610173455,
      6.646740109,
      6.479918101,
      6.360016019,
      6.50954566,
      6.574025838,
      6.545349706,
      6.341397221,
      6.199274903,
      6.450981638,
      6.521737043,
      6.343402037,
      6.660240834,
      6.623902791,
      6.604603588,
      6.544385357,
      6.577479742,
      6.637583234,
      6.427497196,
      6.686661917,
      6.654188726,
      6.58006823,
      6.481113101,
      6.379982647,
      6.571037452,
      6.540396066,
      6.55978019,
      6.610699501,
      6.466309625,
      6.592798719,
      6.641323605,
      6.664960747,
      6.589492107,
      6.516951182,
      6.33662132,
      6.72465399,
      6.364241873,
      6.583974392,
      6.409383582,
      6.475533563,
      6.60704599,
      6.550306797,
      6.411660304,
      6.397328165
    ]
  },
  "warmup": {
    "times": [

    ]
  },
  "requests": {
    "times": [

    ]
  }
}
