{
  "version": 2,
  "settings": {
    "startup_iters": 150,
    "random_seed": 16541799507913229037,
    "worker_iterations": 0,
    "warmup_iterations": 0,
    "workers": 30,
    "puma_processes": 10,
    "puma_threads": 6,
    "port_num": 4567,
    "out_dir": ".",
    "discourse_revision": "a6ef10d61374a4d420799e7410a67b0afaeec637"
  },
  "environment": {
    "RUBY_VERSION": "2.0.0",
    "rvm current": "ext-mri-2.0.0"
  },
  "startup": {
    "times": [
      9.881696884,
      9.971960989,
      9.826883177,
      9.892203457,
      9.904622339,
      9.924974716,
      9.879832994,
      9.920793203,
      9.819302203,
      10.133240145,
      9.981311795,
      10.004724483,
      9.823227412,
      9.908982282,
      9.871861028,
      9.967713071,
      9.885957563,
      9.868722217,
      9.85502824,
      9.840032172,
      9.865932816,
      9.715907144,
      9.82326746,
      9.949138208,
      9.992849849,
      9.70625334,
      10.010273183,
      9.859304712,
      9.766953651,
      9.822126668,
      9.771903054,
      9.958257448,
      10.017791837,
      9.684254372,
      9.858615964,
      10.074486761,
      9.912545621,
      9.798276682,
      9.866064303,
      9.487393915,
      9.807559708,
      9.914244451,
      9.754361179,
      9.864312783,
      9.918059149,
      9.913898119,
      9.810288047,
      10.006383083,
      9.850204052,
      9.938977119,
      10.0291659,
      9.844469033,
      9.846626199,
      9.983962826,
      9.85322651,
      9.995022932,
      9.811679093,
      9.972954223,
      9.794466425,
      9.821820857,
      10.063885588,
      10.010167604,
      9.967714687,
      9.893843522,
      10.005608302,
      10.03872925,
      9.966026811,
      9.773494101,
      9.789924481,
      10.058006775,
      9.953000488,
      9.796333429,
      10.019987256,
      9.954182191,
      9.851426706,
      9.942283663,
      9.795489158,
      9.997885667,
      9.950300744,
      9.940031531,
      10.082426625,
      9.734847473,
      9.987014521,
      9.965342107,
      9.933004667,
      10.03236464,
      9.688638458,
      10.104398228,
      9.868570401,
      9.879164275,
      9.913958963,
      9.896211973,
      9.847765381,
      9.851155851,
      9.914934582,
      9.979704653,
      9.954616086,
      9.891171576,
      9.799433164,
      9.935342665,
      9.93868802,
      9.849377128,
      9.961530356,
      9.870272535,
      9.909394276,
      9.937700392,
      9.920416332,
      9.800422583,
      9.90001439,
      9.848834922,
      10.014933426,
      9.875681678,
      9.650177179,
      9.826928815,
      9.847903223,
      9.951662459,
      9.997883072,
      9.693888706,
      10.010117084,
      9.929039707,
      9.629560704,
      9.842996732,
      9.790852526,
      9.963998222,
      9.858274147,
      10.044785354,
      9.830473932,
      9.926814814,
      9.84585289,
      9.811949827,
      9.751404051,
      9.612239648,
      9.920789289,
      9.880130849,
      10.000631341,
      9.899198344,
      10.069708066,
      9.998623562,
      9.785593099,
      9.753046185,
      10.030029183,
      9.816590299,
      9.973830365,
      10.004750767,
      9.841257871,
      9.580683872,
      9.820189692,
      10.038190528,
      9.926819713,
      9.963551945
    ]
  },
  "warmup": {
    "times": [

    ]
  },
  "requests": {
    "times": [

    ]
  }
}
