{
  "version": 2,
  "settings": {
    "startup_iters": 150,
    "random_seed": 16541799507913229037,
    "worker_iterations": 0,
    "warmup_iterations": 0,
    "workers": 30,
    "puma_processes": 10,
    "puma_threads": 6,
    "port_num": 4567,
    "out_dir": ".",
    "discourse_revision": "a6ef10d61374a4d420799e7410a67b0afaeec637"
  },
  "environment": {
    "RUBY_VERSION": "2.1.10",
    "rvm current": "ext-mri-2.1.10"
  },
  "startup": {
    "times": [
      7.983884468,
      7.652590203,
      7.983110311,
      7.988240828,
      7.872531585,
      7.695976392,
      7.913908279,
      7.824545643,
      7.659822183,
      7.864736248,
      7.915694819,
      7.824696397,
      7.894546391,
      7.883279256,
      7.674776502,
      7.780275083,
      7.722572065,
      7.775097381,
      7.905305179,
      7.92194492,
      8.039398365,
      8.021115107,
      7.804343861,
      7.99110833,
      7.81972472,
      7.789483076,
      7.860286791,
      7.879427749,
      7.723830339,
      7.914761056,
      7.616859008,
      7.869700438,
      7.929884489,
      7.737239506,
      7.743661844,
      7.81749084,
      7.827204003,
      7.786006454,
      7.966060044,
      7.846782915,
      7.668307151,
      7.982565372,
      8.076300986,
      7.979391247,
      7.851993384,
      8.096344744,
      7.871533405,
      7.906579922,
      7.853240368,
      7.863055691,
      7.787123236,
      7.771854323,
      7.952874872,
      7.900248706,
      7.766818517,
      7.808262431,
      7.978503342,
      7.878910397,
      8.050120383,
      7.829663628,
      7.875683313,
      7.893116766,
      7.866666115,
      7.849074241,
      7.726735952,
      7.877053544,
      7.848501516,
      7.663350202,
      7.827087268,
      7.810941549,
      7.761365025,
      7.824009826,
      7.864992329,
      7.873551899,
      8.067976303,
      7.803209402,
      8.020852012,
      7.881415125,
      8.017505127,
      7.825547595,
      7.926213242,
      7.873877892,
      7.684504429,
      7.704078885,
      7.77124694,
      7.888794635,
      8.004288934,
      7.784044101,
      7.812693719,
      7.791192924,
      7.769172564,
      7.92882955,
      7.825072949,
      7.907975723,
      8.079748537,
      7.966851185,
      7.86933373,
      7.747912474,
      8.049513,
      7.948499861,
      7.706502736,
      7.879966645,
      7.808797853,
      7.957079916,
      7.94313917,
      8.012162947,
      7.695357528,
      7.895077756,
      7.947344522,
      8.160818894,
      7.890471164,
      7.7814958,
      7.898987517,
      7.92738992,
      7.907826174,
      7.768499421,
      7.892229307,
      7.863448949,
      7.891257063,
      7.768739421,
      7.765646722,
      7.745816837,
      7.878448714,
      7.964745593,
      7.772202005,
      8.017779021,
      7.824576973,
      7.547336549,
      8.004007501,
      7.838639352,
      7.961942822,
      7.994437971,
      7.839683004,
      7.81234807,
      7.793352093,
      8.009788455,
      7.882579782,
      7.858936351,
      7.870764118,
      7.918884247,
      7.870334054,
      7.886734195,
      7.935690682,
      7.866972822,
      7.886677163,
      7.999091371,
      7.877326219,
      7.92913438,
      7.876617914,
      7.868094818
    ]
  },
  "warmup": {
    "times": [

    ]
  },
  "requests": {
    "times": [

    ]
  }
}
