{
  "version": 2,
  "settings": {
    "startup_iters": 50,
    "random_seed": 16541799507913229037,
    "worker_iterations": 0,
    "warmup_iterations": 0,
    "workers": 30,
    "puma_processes": 10,
    "puma_threads": 6,
    "port_num": 4567,
    "out_dir": ".",
    "discourse_revision": "02fb86916f5265ad8318c4415229753428c68eaf"
  },
  "environment": {
    "RUBY_VERSION": "2.4.1",
    "RUBY_DESCRIPTION": "ruby 2.4.1p111 (2017-03-22 revision 58053) [x86_64-linux]",
    "rvm current": "ext-mri-2.4.1"
  },
  "startup": {
    "times": [
      5.95988551,
      5.843449513,
      5.764132553,
      6.019466131,
      5.968431134,
      5.759200062,
      5.826329876,
      5.712187245,
      5.759079565,
      5.783264773,
      5.837700161,
      5.859292716,
      5.880320094,
      5.78110964,
      5.920955994,
      5.823509742,
      5.891644331,
      5.863050802,
      5.960200891,
      5.86737229,
      5.75479062,
      5.868576092,
      5.882724207,
      5.800451574,
      5.824327675,
      5.909704138,
      5.895178691,
      5.824769721,
      5.889992861,
      5.925080149,
      5.83734635,
      5.746112506,
      5.711672624,
      5.840096201,
      5.814858974,
      5.75787218,
      5.801042212,
      5.903484739,
      5.810332563,
      5.857623928,
      5.898031636,
      5.789573758,
      5.885562968,
      5.793900483,
      5.931349796,
      5.830188028,
      5.869672595,
      5.904492717,
      5.710765568,
      5.937275911
    ]
  },
  "warmup": {
    "times": [

    ]
  },
  "requests": {
    "times": [

    ]
  }
}
