{
  "version": 2,
  "settings": {
    "startup_iters": 50,
    "random_seed": 16541799507913229037,
    "worker_iterations": 0,
    "warmup_iterations": 0,
    "workers": 30,
    "puma_processes": 10,
    "puma_threads": 6,
    "port_num": 4567,
    "out_dir": ".",
    "discourse_revision": "02fb86916f5265ad8318c4415229753428c68eaf"
  },
  "environment": {
    "RUBY_VERSION": "2.4.1",
    "RUBY_DESCRIPTION": "ruby 2.4.1p111 (2017-03-22 revision 58053) [x86_64-linux]",
    "rvm current": "ext-mri-2.4.1"
  },
  "startup": {
    "times": [
      5.925782463,
      5.9050046,
      5.847450008,
      5.804154071,
      5.971785046,
      5.809113786,
      5.911960424,
      5.833976501,
      5.766649042,
      5.850883589,
      5.94184627,
      6.009110218,
      5.812590043,
      5.846055314,
      5.830506289,
      5.904786738,
      5.784867144,
      5.901068096,
      5.845839597,
      5.818903746,
      5.856223165,
      5.761421995,
      5.964156234,
      5.781844547,
      5.948439032,
      5.913891584,
      5.753615366,
      5.971625305,
      5.84763225,
      5.820513378,
      5.806620551,
      5.67384005,
      5.983179053,
      5.735220642,
      5.911260918,
      6.007627341,
      5.829904914,
      5.719689439,
      5.854609809,
      5.893347186,
      5.938166129,
      5.916787652,
      5.892521312,
      5.783955459,
      5.832883744,
      5.838851318,
      5.817239549,
      5.919846947,
      5.640263214,
      5.906953171
    ]
  },
  "warmup": {
    "times": [

    ]
  },
  "requests": {
    "times": [

    ]
  }
}
