{
  "version": 2,
  "settings": {
    "startup_iters": 150,
    "random_seed": 16541799507913229037,
    "worker_iterations": 0,
    "warmup_iterations": 0,
    "workers": 30,
    "puma_processes": 10,
    "puma_threads": 6,
    "port_num": 4567,
    "out_dir": ".",
    "discourse_revision": "a6ef10d61374a4d420799e7410a67b0afaeec637"
  },
  "environment": {
    "RUBY_VERSION": "2.2.7",
    "rvm current": "ext-mri-2.2.7"
  },
  "startup": {
    "times": [
      7.77005583,
      7.941441692,
      7.806274643,
      7.792124497,
      7.809404297,
      7.707830905,
      7.870551475,
      7.733133629,
      7.859552053,
      7.594522241,
      7.753047024,
      7.771573729,
      7.800978577,
      7.619907854,
      7.849542263,
      7.745556079,
      7.795346008,
      7.707343287,
      7.946548228,
      7.768951144,
      7.760961926,
      7.646697615,
      7.838038801,
      7.670957465,
      7.746865818,
      7.877380243,
      7.980722817,
      7.836929823,
      7.594955588,
      7.691137847,
      7.633529291,
      7.88718347,
      7.828986541,
      7.953341646,
      7.653141464,
      7.99980987,
      7.637979504,
      7.732215035,
      7.859516161,
      7.746527114,
      7.763924743,
      7.856181369,
      7.753784785,
      7.753440902,
      7.823907349,
      7.822617105,
      7.846162198,
      7.652570314,
      7.846095022,
      8.000421969,
      7.968941594,
      7.768227193,
      7.615660813,
      7.897059286,
      7.825765817,
      7.890173807,
      7.674946976,
      7.915461025,
      7.832869511,
      7.837307633,
      7.818619369,
      7.833329067,
      7.904246144,
      7.711781103,
      7.763349086,
      7.98273437,
      7.83362584,
      7.75378801,
      7.842356826,
      7.864150225,
      7.807437922,
      7.765906166,
      7.76652907,
      7.830135357,
      7.899251673,
      7.787329954,
      7.727103187,
      7.760760087,
      7.808584969,
      7.702193825,
      8.001847503,
      7.8539431,
      7.643023828,
      7.860862018,
      7.863812655,
      7.841079507,
      7.790809578,
      7.697644158,
      7.764696734,
      7.651827321,
      7.849351063,
      7.8304196,
      7.703131478,
      7.636734685,
      7.75022917,
      7.948474751,
      7.776120132,
      7.766478009,
      7.824819345,
      7.825238234,
      7.697057809,
      7.840629756,
      7.606268164,
      7.688961241,
      7.808394925,
      7.521776623,
      7.848760319,
      7.825259511,
      7.93334283,
      7.855510184,
      7.792730238,
      7.754266012,
      7.6806405,
      7.963952781,
      7.801817813,
      7.549490061,
      7.958159903,
      7.889965788,
      7.742003694,
      7.866429822,
      7.815909,
      7.81271658,
      7.690531029,
      7.851279664,
      7.862449052,
      7.926436298,
      7.775649409,
      8.019078919,
      7.623860218,
      7.941827952,
      7.882686869,
      7.824971717,
      7.825935591,
      7.857730706,
      7.909162097,
      7.879089042,
      7.905585289,
      7.856609982,
      7.491474417,
      7.726096026,
      7.824085441,
      7.951166185,
      7.901896391,
      7.849885942,
      7.585487776,
      7.877522035,
      7.736292142,
      7.917899212,
      7.818929809,
      7.948940764
    ]
  },
  "warmup": {
    "times": [

    ]
  },
  "requests": {
    "times": [

    ]
  }
}
