{
  "version": 2,
  "settings": {
    "startup_iters": 150,
    "random_seed": 16541799507913229037,
    "worker_iterations": 0,
    "warmup_iterations": 0,
    "workers": 30,
    "puma_processes": 10,
    "puma_threads": 6,
    "port_num": 4567,
    "out_dir": ".",
    "discourse_revision": "a6ef10d61374a4d420799e7410a67b0afaeec637"
  },
  "environment": {
    "RUBY_VERSION": "2.1.10",
    "rvm current": "ext-mri-2.1.10"
  },
  "startup": {
    "times": [
      7.844606187,
      7.899411678,
      7.910369665,
      7.810497579,
      7.734671511,
      7.728719022,
      7.846702276,
      7.913534631,
      7.875008483,
      8.013877993,
      7.749696646,
      7.910131328,
      7.717463883,
      7.748636957,
      7.891530505,
      7.883434127,
      7.86827629,
      7.892170562,
      7.937804381,
      7.884754066,
      7.962943214,
      7.944975229,
      7.839164958,
      7.879332308,
      7.752031329,
      8.100541886,
      7.903012678,
      7.781285195,
      7.796602315,
      7.88817729,
      7.666020748,
      7.781589465,
      7.893471567,
      8.027200619,
      8.003821137,
      8.034220359,
      7.896149907,
      7.948755933,
      7.929165587,
      7.847035009,
      7.823212098,
      8.042311507,
      7.803176399,
      7.816919164,
      7.878916198,
      7.889809675,
      7.930096494,
      7.953870352,
      7.973581956,
      7.80531747,
      7.948166454,
      7.872260686,
      7.736216873,
      7.855268606,
      7.859667189,
      7.825142944,
      7.960930353,
      7.908655127,
      7.846173058,
      7.778534027,
      7.654369731,
      7.944185758,
      7.916211226,
      7.836869937,
      7.778278149,
      7.785669886,
      7.636254816,
      7.787629603,
      7.942123231,
      7.908302131,
      7.933759043,
      7.742729311,
      7.807501039,
      7.989255362,
      7.762912816,
      7.707009303,
      7.951305747,
      7.800558183,
      7.900729205,
      7.926451842,
      7.875139078,
      7.928998068,
      7.948802258,
      7.995456631,
      7.85372822,
      7.728854131,
      7.833592004,
      7.905732804,
      7.763500951,
      8.046124377,
      7.796666431,
      7.706584755,
      7.682179078,
      7.988701219,
      7.974860153,
      7.871483184,
      7.921795485,
      8.02335737,
      7.910996555,
      7.859687698,
      7.859607885,
      7.877591225,
      7.700244489,
      7.879358646,
      7.710804876,
      7.946248438,
      7.835736701,
      8.07908987,
      7.912280129,
      7.919238316,
      7.951246477,
      7.769143106,
      7.910470918,
      7.744981339,
      7.88273207,
      7.954585765,
      7.761911882,
      7.855040096,
      7.758312934,
      7.639692269,
      7.734245532,
      7.999953053,
      7.84712205,
      7.87427537,
      7.765609192,
      7.901861051,
      7.642988574,
      7.865293597,
      7.908751812,
      7.76646447,
      7.859272546,
      7.828873271,
      7.874326471,
      7.800295616,
      7.708334368,
      7.80225089,
      7.795503384,
      7.898818397,
      7.955317555,
      7.895816095,
      7.550261152,
      7.613124931,
      7.945659257,
      7.919360198,
      7.81257222,
      7.854997225,
      7.872882083,
      7.751178617,
      7.912664534,
      7.765725449
    ]
  },
  "warmup": {
    "times": [

    ]
  },
  "requests": {
    "times": [

    ]
  }
}
