{
  "version": 2,
  "settings": {
    "startup_iters": 150,
    "random_seed": 16541799507913229037,
    "worker_iterations": 0,
    "warmup_iterations": 0,
    "workers": 30,
    "puma_processes": 10,
    "puma_threads": 6,
    "port_num": 4567,
    "out_dir": ".",
    "discourse_revision": "a6ef10d61374a4d420799e7410a67b0afaeec637"
  },
  "environment": {
    "RUBY_VERSION": "2.0.0",
    "rvm current": "ext-mri-2.0.0"
  },
  "startup": {
    "times": [
      9.931129125,
      9.883043337,
      9.84034393,
      9.704848978,
      9.979162517,
      9.815177661,
      9.87777346,
      9.990663327,
      9.867960233,
      9.921862556,
      9.861226341,
      9.989934142,
      10.113923163,
      10.1264801,
      9.836704135,
      9.939806493,
      9.845897266,
      9.654825417,
      9.667340183,
      9.838852851,
      9.941935204,
      9.846217364,
      9.784380211,
      10.046860397,
      10.016681717,
      9.880527129,
      9.707034243,
      9.653061228,
      9.926378938,
      9.870235146,
      10.000208705,
      9.748859746,
      10.004877701,
      9.902454588,
      9.818646093,
      9.868759303,
      9.98189377,
      10.080753674,
      9.948085011,
      9.82504005,
      10.05436852,
      9.846895575,
      9.866234219,
      9.841200363,
      9.925739599,
      9.924642779,
      9.853641966,
      9.951186933,
      9.802220791,
      10.097022512,
      9.901071153,
      9.83289157,
      10.015375356,
      9.83876026,
      9.748763977,
      9.89817669,
      9.829168785,
      9.924098307,
      9.950533783,
      9.850894575,
      10.0710519,
      9.788898205,
      9.749733599,
      9.964772625,
      9.874087758,
      9.921805101,
      9.727592362,
      9.91762918,
      9.901797713,
      9.682595206,
      9.614242378,
      9.926085441,
      9.878027439,
      9.598492771,
      9.849991059,
      9.834615977,
      9.872999041,
      9.926267064,
      9.946752148,
      9.830858528,
      10.03952708,
      9.905318219,
      9.938144977,
      9.597090033,
      9.821601927,
      10.126245478,
      9.740131135,
      9.990815097,
      9.965568174,
      9.951765714,
      10.025808216,
      9.959830146,
      9.903575078,
      9.949961,
      9.963719548,
      9.926365044,
      9.904793227,
      9.872634729,
      9.705191339,
      9.91665921,
      9.898896444,
      10.056085379,
      10.000129309,
      9.821654815,
      10.012136608,
      10.00280502,
      9.981236614,
      9.883101143,
      9.995672437,
      10.135485341,
      9.781037304,
      10.047634419,
      9.77212745,
      9.680936467,
      9.906972635,
      9.886974225,
      9.774330043,
      9.932558752,
      9.852700724,
      9.879357566,
      9.822393904,
      9.846816477,
      9.913580729,
      9.788336809,
      9.891560171,
      9.905989102,
      9.922153685,
      9.714327767,
      10.060487089,
      9.773892895,
      9.933609017,
      9.885105126,
      9.796298992,
      9.980542555,
      9.602477497,
      10.098918278,
      9.8907561,
      9.810300125,
      9.813884066,
      9.971355522,
      9.849720097,
      9.958554322,
      9.857531456,
      9.75933988,
      9.939021309,
      9.837986325,
      9.90406048,
      9.997286951,
      9.849344415,
      9.899148306
    ]
  },
  "warmup": {
    "times": [

    ]
  },
  "requests": {
    "times": [

    ]
  }
}
