{
  "version": 2,
  "settings": {
    "startup_iters": 150,
    "random_seed": 16541799507913229037,
    "worker_iterations": 0,
    "warmup_iterations": 0,
    "workers": 30,
    "puma_processes": 10,
    "puma_threads": 6,
    "port_num": 4567,
    "out_dir": ".",
    "discourse_revision": "a6ef10d61374a4d420799e7410a67b0afaeec637"
  },
  "environment": {
    "RUBY_VERSION": "2.0.0",
    "rvm current": "ext-mri-2.0.0"
  },
  "startup": {
    "times": [
      9.880454346,
      9.870483052,
      9.715420956,
      9.9654714,
      10.04399919,
      9.509018574,
      9.866705394,
      9.926223587,
      9.909004137,
      9.886084996,
      9.700280702,
      10.120516558,
      9.81602583,
      10.069278203,
      9.942286023,
      10.098918201,
      9.922056909,
      9.934881179,
      9.911416231,
      9.666107571,
      9.738341579,
      9.718644597,
      9.930800573,
      9.939938512,
      9.871739653,
      9.89950697,
      9.849278958,
      9.984042365,
      9.974659872,
      9.725451623,
      9.813653523,
      10.059806456,
      9.859464965,
      9.810558463,
      9.927292191,
      9.945403297,
      9.919548432,
      9.875149812,
      9.69370545,
      9.975742173,
      9.896141104,
      9.900193623,
      9.754960223,
      9.785113704,
      9.77732823,
      10.043612242,
      9.813828445,
      9.849935141,
      9.849155913,
      9.869199095,
      9.880368593,
      9.927442747,
      9.867713274,
      9.926495642,
      9.835456991,
      10.155431487,
      9.897264303,
      9.975611363,
      10.01676339,
      9.957662723,
      9.87205581,
      9.757908806,
      9.908697393,
      10.005880812,
      9.664624227,
      9.846795724,
      9.946607371,
      10.063326838,
      10.019266993,
      9.892418283,
      9.967572283,
      9.892138189,
      9.872291386,
      9.894758939,
      9.863918467,
      9.750050202,
      9.787613022,
      9.95473747,
      9.733327867,
      9.733293547,
      9.97427692,
      9.89452733,
      9.943857431,
      9.953342724,
      9.819329836,
      9.768958984,
      9.809101006,
      9.855493572,
      9.743834396,
      9.828232669,
      9.969268225,
      9.898517322,
      9.620559294,
      9.828096206,
      9.697744198,
      9.880226761,
      9.952932768,
      9.727520684,
      9.916280267,
      9.772447377,
      9.910074212,
      9.938567452,
      9.932346623,
      9.872046803,
      9.932856939,
      9.941816607,
      9.912912961,
      9.942212019,
      9.921887621,
      9.974397376,
      9.827144042,
      9.656602091,
      9.790858975,
      10.035384098,
      9.894004565,
      9.782797132,
      9.893451185,
      9.918270631,
      9.977717353,
      10.014740881,
      9.781627905,
      9.914169119,
      9.918870723,
      9.906030064,
      9.916569837,
      9.866636978,
      9.876330424,
      9.878531135,
      9.944128905,
      9.989160289,
      9.951462188,
      9.979342836,
      9.941196726,
      9.855811702,
      9.924283464,
      9.942318686,
      9.928785493,
      9.892085546,
      9.867631557,
      9.841823292,
      9.876413869,
      10.020811925,
      9.893753267,
      10.015846677,
      9.999840018,
      9.964636435,
      10.047798939,
      9.854241275,
      9.990903654,
      9.996202844
    ]
  },
  "warmup": {
    "times": [

    ]
  },
  "requests": {
    "times": [

    ]
  }
}
