{
  "version": 2,
  "settings": {
    "startup_iters": 50,
    "random_seed": 16541799507913229037,
    "worker_iterations": 0,
    "warmup_iterations": 0,
    "workers": 30,
    "puma_processes": 10,
    "puma_threads": 6,
    "port_num": 4567,
    "out_dir": ".",
    "discourse_revision": "02fb86916f5265ad8318c4415229753428c68eaf"
  },
  "environment": {
    "RUBY_VERSION": "2.3.4",
    "RUBY_DESCRIPTION": "ruby 2.3.4p301 (2017-03-30 revision 58214) [x86_64-linux]",
    "rvm current": "ext-mri-2.3.4"
  },
  "startup": {
    "times": [
      6.538411002,
      6.573021584,
      6.51867798,
      6.445844951,
      6.505612917,
      6.592954731,
      6.60484565,
      6.491934741,
      6.667305522,
      6.455545239,
      6.582292647,
      6.522975311,
      6.660490374,
      6.510376865,
      6.503188005,
      6.465882087,
      6.532345533,
      6.493356055,
      6.56392187,
      6.520552439,
      6.432105772,
      6.627925162,
      6.532779143,
      6.523316824,
      6.502620602,
      6.507134,
      6.576519882,
      6.360758639,
      6.697418693,
      6.469914262,
      6.52422014,
      6.631677782,
      6.379244881,
      6.486382943,
      6.582943026,
      6.633980451,
      6.619038256,
      6.654697035,
      6.624323647,
      6.582192732,
      6.580033607,
      6.521965186,
      6.497387359,
      6.403694288,
      6.523714595,
      6.619531654,
      6.610654804,
      6.514218788,
      6.611041307,
      6.427423104
    ]
  },
  "warmup": {
    "times": [

    ]
  },
  "requests": {
    "times": [

    ]
  }
}
