{
  "version": 2,
  "settings": {
    "startup_iters": 50,
    "random_seed": 16541799507913229037,
    "worker_iterations": 0,
    "warmup_iterations": 0,
    "workers": 30,
    "puma_processes": 10,
    "puma_threads": 6,
    "port_num": 4567,
    "out_dir": ".",
    "discourse_revision": "02fb86916f5265ad8318c4415229753428c68eaf"
  },
  "environment": {
    "RUBY_VERSION": "2.4.1",
    "RUBY_DESCRIPTION": "ruby 2.4.1p111 (2017-03-22 revision 58053) [x86_64-linux]",
    "rvm current": "ext-mri-2.4.1"
  },
  "startup": {
    "times": [
      5.81772067,
      5.818708449,
      5.795535813,
      5.77436618,
      5.734638664,
      5.82483719,
      5.965059116,
      5.862167458,
      5.799387456,
      5.820470312,
      5.823791312,
      5.94983407,
      5.894338081,
      5.882310938,
      5.8416422,
      5.96457658,
      5.869124689,
      5.892659714,
      5.719979465,
      5.819934329,
      5.939694046,
      5.91648809,
      5.82587221,
      5.874224941,
      5.813648805,
      5.843278983,
      5.901920951,
      5.911961652,
      5.786475173,
      5.916175152,
      5.86834324,
      5.684753346,
      5.81542263,
      5.80963739,
      5.883432528,
      5.7319794,
      5.729716408,
      5.77742658,
      5.889153563,
      5.858097667,
      5.837743471,
      5.814378834,
      5.798104041,
      5.918841493,
      5.797306788,
      5.689641253,
      5.869192113,
      5.898506416,
      5.895656868,
      5.892306017
    ]
  },
  "warmup": {
    "times": [

    ]
  },
  "requests": {
    "times": [

    ]
  }
}
