{
  "version": 2,
  "settings": {
    "startup_iters": 150,
    "random_seed": 16541799507913229037,
    "worker_iterations": 0,
    "warmup_iterations": 0,
    "workers": 30,
    "puma_processes": 10,
    "puma_threads": 6,
    "port_num": 4567,
    "out_dir": ".",
    "discourse_revision": "a6ef10d61374a4d420799e7410a67b0afaeec637"
  },
  "environment": {
    "RUBY_VERSION": "2.0.0",
    "rvm current": "ext-mri-2.0.0"
  },
  "startup": {
    "times": [
      9.745780555,
      9.885345235,
      9.631172805,
      9.963746239,
      9.756155124,
      9.711768132,
      10.034445723,
      9.734102542,
      9.942593405,
      9.899538643,
      10.0238084,
      10.005785192,
      10.099301458,
      9.845116741,
      9.907862934,
      9.890080454,
      9.792086008,
      9.942306677,
      9.882904383,
      9.861299641,
      9.843431694,
      9.946298107,
      9.741524416,
      9.940385811,
      9.941009562,
      9.973849229,
      10.134634144,
      10.044558661,
      9.956999012,
      9.76724919,
      9.872435895,
      9.767872247,
      9.893329207,
      9.976700218,
      9.705627265,
      9.808487296,
      9.814185176,
      9.88318395,
      9.900751385,
      9.878843865,
      9.880941487,
      10.051499435,
      9.933030771,
      9.851270063,
      9.84247593,
      9.994621479,
      9.966019296,
      9.894915077,
      9.643412449,
      10.002958308,
      9.813660085,
      9.764087328,
      9.775750838,
      10.067876931,
      9.981085675,
      9.843003673,
      9.632873623,
      9.988816526,
      9.832286644,
      9.935953868,
      9.778959866,
      9.880809102,
      9.979030936,
      9.871789577,
      9.803470068,
      9.953364059,
      9.947248605,
      9.902124611,
      9.835906212,
      9.922895551,
      9.834147322,
      9.941769024,
      9.934779829,
      9.771516489,
      9.807187435,
      9.95755758,
      9.995978393,
      9.926713149,
      9.946574072,
      9.736304851,
      9.931927887,
      9.779394093,
      9.911150432,
      9.806898901,
      9.890009939,
      9.924237337,
      10.009266491,
      9.84942305,
      9.793644587,
      9.66501497,
      9.9095276,
      9.800267324,
      9.881510801,
      9.940146443,
      9.971023349,
      9.951648923,
      9.870064717,
      9.781463202,
      9.883501769,
      9.737764554,
      10.016457822,
      10.023197814,
      10.073465921,
      9.673688833,
      9.842229085,
      9.97488862,
      9.848566354,
      10.01930337,
      9.848881564,
      9.874168746,
      9.889937439,
      9.847495416,
      9.924743302,
      9.681062418,
      10.018602975,
      9.925498171,
      9.829646733,
      9.688409186,
      9.88490314,
      10.06887154,
      9.982225802,
      9.831021262,
      9.995519692,
      9.882085875,
      9.90488167,
      9.926274917,
      9.921165638,
      9.780832707,
      9.977489816,
      9.799175461,
      9.853058206,
      9.994569904,
      9.691859396,
      9.786981994,
      9.924502273,
      10.004941197,
      10.013798362,
      9.948730534,
      9.914752105,
      9.856315274,
      9.867111772,
      10.056037012,
      9.81802734,
      10.116329847,
      9.843206443,
      9.833437762,
      9.939445452,
      9.713633079,
      9.740048592,
      9.914809963
    ]
  },
  "warmup": {
    "times": [

    ]
  },
  "requests": {
    "times": [

    ]
  }
}
