{
  "version": 2,
  "settings": {
    "startup_iters": 150,
    "random_seed": 16541799507913229037,
    "worker_iterations": 0,
    "warmup_iterations": 0,
    "workers": 30,
    "puma_processes": 10,
    "puma_threads": 6,
    "port_num": 4567,
    "out_dir": ".",
    "discourse_revision": "a6ef10d61374a4d420799e7410a67b0afaeec637"
  },
  "environment": {
    "RUBY_VERSION": "2.0.0",
    "rvm current": "ext-mri-2.0.0"
  },
  "startup": {
    "times": [
      9.967251443,
      9.87749888,
      9.672175356,
      9.70566508,
      9.850369132,
      10.03499036,
      9.945368759,
      10.009230047,
      9.995765691,
      9.92693314,
      9.996737429,
      9.537567607,
      9.908725494,
      9.957699089,
      9.867783443,
      9.99021,
      9.933699024,
      9.979009845,
      9.857969914,
      9.799074445,
      9.905089112,
      9.833422865,
      10.031803214,
      9.857049475,
      10.096474821,
      9.767489203,
      9.989050628,
      9.777723127,
      9.958308083,
      9.908982451,
      9.948188934,
      9.928803985,
      9.848454943,
      10.033908879,
      9.846024946,
      10.061188783,
      9.872513262,
      9.892939108,
      9.930911854,
      9.755181333,
      9.790337041,
      9.925312799,
      9.926987147,
      9.95559957,
      9.842338238,
      9.822947329,
      9.914935612,
      10.130011014,
      9.840084609,
      9.864962942,
      9.874244258,
      9.799820638,
      9.928757088,
      9.797210785,
      10.039721723,
      9.979889947,
      9.940489989,
      10.011049927,
      9.942785116,
      9.949194684,
      9.861646673,
      9.880762085,
      9.820617129,
      9.914282311,
      9.821285031,
      9.756526558,
      10.046361467,
      9.978944333,
      9.721971972,
      9.937230835,
      9.992190215,
      9.973751847,
      9.795331963,
      9.958139413,
      9.862711164,
      9.806155414,
      9.791089351,
      9.979958864,
      9.915875747,
      9.873805977,
      10.017562978,
      9.883467195,
      9.79224531,
      9.853932736,
      10.055571157,
      9.845327832,
      9.869479303,
      9.759523559,
      9.907025896,
      9.852562059,
      9.94920878,
      9.91254931,
      9.853569613,
      9.727128591,
      10.103403066,
      9.82208281,
      9.858115272,
      10.089243943,
      9.966158605,
      9.820418717,
      9.969904667,
      9.917889779,
      9.775671426,
      9.927576529,
      9.891319206,
      9.948856081,
      9.860348934,
      9.74538957,
      9.92391401,
      9.942327212,
      9.953004411,
      9.872879881,
      9.941387995,
      9.849804031,
      9.839508764,
      9.942854243,
      10.079726312,
      9.983643211,
      10.02141132,
      9.853111009,
      9.975912548,
      9.999247172,
      9.805623401,
      9.843353834,
      9.910469763,
      9.786129025,
      9.979055649,
      9.952292006,
      9.850672962,
      9.858443514,
      9.841231608,
      9.910317435,
      9.8840837,
      9.941437822,
      9.938403203,
      9.896039621,
      9.753441742,
      9.844193968,
      9.882307,
      10.033569713,
      9.66125427,
      9.843281068,
      9.802491728,
      9.797138422,
      10.01198199,
      10.043651322,
      10.010977544,
      9.921358063,
      9.892555131,
      9.895281006
    ]
  },
  "warmup": {
    "times": [

    ]
  },
  "requests": {
    "times": [

    ]
  }
}
