{
  "version": 2,
  "settings": {
    "startup_iters": 150,
    "random_seed": 16541799507913229037,
    "worker_iterations": 0,
    "warmup_iterations": 0,
    "workers": 30,
    "puma_processes": 10,
    "puma_threads": 6,
    "port_num": 4567,
    "out_dir": ".",
    "discourse_revision": "a6ef10d61374a4d420799e7410a67b0afaeec637"
  },
  "environment": {
    "RUBY_VERSION": "2.1.10",
    "rvm current": "ext-mri-2.1.10"
  },
  "startup": {
    "times": [
      8.011477928,
      7.817462557,
      7.689862428,
      7.789923878,
      7.976881223,
      8.012695019,
      7.888957189,
      7.813911648,
      7.840088149,
      8.073158203,
      7.747140652,
      7.869832817,
      7.887276257,
      7.577678719,
      7.969904636,
      7.813084977,
      7.865426545,
      7.792248303,
      7.767093895,
      7.945359504,
      7.88959064,
      7.830277011,
      7.923887199,
      7.950266823,
      7.73273885,
      7.786798526,
      7.966805036,
      7.936866886,
      7.864826226,
      7.779912307,
      7.890971057,
      7.97785254,
      7.852073019,
      7.95112612,
      7.936584899,
      7.938662187,
      7.878889429,
      7.847812236,
      7.783662277,
      7.866908382,
      7.813675525,
      7.872594303,
      7.885066777,
      7.86376226,
      7.842737847,
      7.834314758,
      7.806688909,
      7.811408975,
      7.944803516,
      7.805877028,
      7.819512496,
      7.866286926,
      7.77769261,
      7.896255076,
      7.824216655,
      7.931245084,
      7.906014232,
      7.877525049,
      7.98540314,
      7.916077147,
      7.906026356,
      8.031723687,
      7.887523358,
      7.876691496,
      7.693088337,
      7.946616358,
      7.96835643,
      7.892268208,
      7.794738117,
      7.803832439,
      7.755493992,
      7.975296541,
      7.732572658,
      7.787172912,
      7.95351981,
      7.892560999,
      8.034509012,
      7.92404769,
      7.765695386,
      7.826586874,
      7.910730949,
      7.667095604,
      7.785881981,
      7.879765656,
      8.063753489,
      7.929016219,
      7.940498714,
      7.888955001,
      7.923808878,
      7.826519982,
      7.992571804,
      7.832201633,
      7.922505059,
      7.88624259,
      7.889710013,
      7.823792179,
      7.676792278,
      7.932650753,
      7.877645955,
      7.929553979,
      7.819141884,
      7.972093913,
      7.877311037,
      7.824619149,
      8.042521573,
      8.067390912,
      7.901380525,
      7.885059177,
      7.928031002,
      7.879139767,
      7.799668954,
      7.737815137,
      7.803845416,
      7.82585788,
      7.955388085,
      7.858673605,
      7.991602831,
      7.925342168,
      7.807381143,
      7.837571407,
      7.858993346,
      7.830243494,
      7.931413298,
      7.773616927,
      7.882622771,
      7.903499161,
      7.828745864,
      7.97541802,
      7.838389643,
      7.908060465,
      7.984411939,
      7.908248039,
      7.78046928,
      7.833133523,
      7.896688249,
      7.945709968,
      7.883421204,
      7.682874052,
      7.898584755,
      7.872381725,
      7.777813744,
      7.905002328,
      7.962306552,
      7.891131897,
      7.851589334,
      7.72186406,
      7.80267588,
      8.000838166,
      7.856340361,
      7.848777195
    ]
  },
  "warmup": {
    "times": [

    ]
  },
  "requests": {
    "times": [

    ]
  }
}
