{
  "version": 2,
  "settings": {
    "startup_iters": 50,
    "random_seed": 16541799507913229037,
    "worker_iterations": 0,
    "warmup_iterations": 0,
    "workers": 30,
    "puma_processes": 10,
    "puma_threads": 6,
    "port_num": 4567,
    "out_dir": ".",
    "discourse_revision": "02fb86916f5265ad8318c4415229753428c68eaf"
  },
  "environment": {
    "RUBY_VERSION": "2.3.4",
    "RUBY_DESCRIPTION": "ruby 2.3.4p301 (2017-03-30 revision 58214) [x86_64-linux]",
    "rvm current": "ext-mri-2.3.4"
  },
  "startup": {
    "times": [
      6.512480605,
      6.61397957,
      6.568263923,
      6.577986206,
      6.596487407,
      6.501036542,
      6.437966983,
      6.565744673,
      6.622950521,
      6.440221034,
      6.598235628,
      6.679404957,
      6.303917045,
      6.654271151,
      6.415842246,
      6.215474698,
      6.599616125,
      6.443509877,
      6.546306582,
      6.645542608,
      6.452505054,
      6.58035246,
      6.533027087,
      6.530539113,
      6.667987619,
      6.506752763,
      6.638318865,
      6.553258806,
      6.584419219,
      6.445563208,
      6.587804145,
      6.660950363,
      6.575342236,
      6.435786223,
      6.441444846,
      6.595548421,
      6.538148472,
      6.498201941,
      6.517294592,
      6.429149874,
      6.624217366,
      6.738054269,
      6.554750141,
      6.683400836,
      6.163429443,
      6.537451265,
      6.587572856,
      6.536413651,
      6.609080067,
      6.469548213
    ]
  },
  "warmup": {
    "times": [

    ]
  },
  "requests": {
    "times": [

    ]
  }
}
