{
  "version": 2,
  "settings": {
    "startup_iters": 50,
    "random_seed": 16541799507913229037,
    "worker_iterations": 0,
    "warmup_iterations": 0,
    "workers": 30,
    "puma_processes": 10,
    "puma_threads": 6,
    "port_num": 4567,
    "out_dir": ".",
    "discourse_revision": "02fb86916f5265ad8318c4415229753428c68eaf"
  },
  "environment": {
    "RUBY_VERSION": "2.4.1",
    "RUBY_DESCRIPTION": "ruby 2.4.1p111 (2017-03-22 revision 58053) [x86_64-linux]",
    "rvm current": "ext-mri-2.4.1"
  },
  "startup": {
    "times": [
      5.801845506,
      5.92018608,
      5.894408044,
      5.88731491,
      5.960135994,
      5.886731642,
      5.671457581,
      5.897162222,
      5.902652203,
      5.970319845,
      5.769832139,
      5.909561049,
      5.789686656,
      5.868984388,
      5.946333162,
      5.943786769,
      5.784512963,
      5.891915306,
      5.842136542,
      5.858842771,
      5.860660486,
      5.94824637,
      5.903539901,
      5.850919362,
      5.833238745,
      5.75118854,
      5.917138412,
      5.835791035,
      5.865560736,
      5.864870363,
      5.744201398,
      5.941451554,
      5.817720813,
      5.759452104,
      5.870770496,
      5.879373896,
      5.794610255,
      5.812765821,
      5.822096016,
      5.879479157,
      5.860506709,
      5.811526608,
      5.814552291,
      5.761726095,
      5.85360476,
      5.803803604,
      5.835429987,
      5.854276875,
      5.79721704,
      5.846398389
    ]
  },
  "warmup": {
    "times": [

    ]
  },
  "requests": {
    "times": [

    ]
  }
}
