{
  "version": 2,
  "settings": {
    "startup_iters": 50,
    "random_seed": 16541799507913229037,
    "worker_iterations": 0,
    "warmup_iterations": 0,
    "workers": 30,
    "puma_processes": 10,
    "puma_threads": 6,
    "port_num": 4567,
    "out_dir": ".",
    "discourse_revision": "02fb86916f5265ad8318c4415229753428c68eaf"
  },
  "environment": {
    "RUBY_VERSION": "2.3.4",
    "RUBY_DESCRIPTION": "ruby 2.3.4p301 (2017-03-30 revision 58214) [x86_64-linux]",
    "rvm current": "ext-mri-2.3.4"
  },
  "startup": {
    "times": [
      6.487766167,
      6.485073668,
      6.521291061,
      6.710251587,
      6.403966146,
      6.334293147,
      6.558441939,
      6.515963684,
      6.654455949,
      6.542543344,
      6.452687296,
      6.530267841,
      6.577112742,
      6.413431871,
      6.696247967,
      6.546118872,
      6.503763797,
      6.446836964,
      6.615875372,
      6.562255166,
      6.619644544,
      6.48867886,
      6.471561314,
      6.397763091,
      6.358101497,
      6.467760068,
      6.530181138,
      6.481957281,
      6.581434221,
      6.374808871,
      6.488405387,
      6.614568227,
      6.694568197,
      6.545659981,
      6.628514334,
      6.552628899,
      6.511490009,
      6.465000313,
      6.715798163,
      6.485266692,
      6.619523117,
      6.335405396,
      6.586386548,
      6.52420637,
      6.502141537,
      6.652322489,
      6.537659688,
      6.523075128,
      6.523327112,
      6.426314364
    ]
  },
  "warmup": {
    "times": [

    ]
  },
  "requests": {
    "times": [

    ]
  }
}
