{
  "version": 2,
  "settings": {
    "startup_iters": 50,
    "random_seed": 16541799507913229037,
    "worker_iterations": 0,
    "warmup_iterations": 0,
    "workers": 30,
    "puma_processes": 10,
    "puma_threads": 6,
    "port_num": 4567,
    "out_dir": ".",
    "discourse_revision": "02fb86916f5265ad8318c4415229753428c68eaf"
  },
  "environment": {
    "RUBY_VERSION": "2.4.1",
    "RUBY_DESCRIPTION": "ruby 2.4.1p111 (2017-03-22 revision 58053) [x86_64-linux]",
    "rvm current": "ext-mri-2.4.1"
  },
  "startup": {
    "times": [
      5.862385982,
      5.857920083,
      5.714563715,
      5.827647251,
      5.826086234,
      5.859721569,
      5.751237788,
      5.799211376,
      5.847419848,
      5.819836215,
      5.920405751,
      5.921031339,
      5.785960435,
      5.895037301,
      5.839996579,
      5.831564255,
      5.843966954,
      5.836543218,
      5.760438134,
      5.861215831,
      5.846923625,
      5.89807559,
      5.841724183,
      5.856319596,
      5.884673718,
      5.929701832,
      5.971817043,
      5.784864088,
      5.851014435,
      5.840452628,
      5.744732235,
      5.820185972,
      5.809880777,
      5.85191665,
      5.90846608,
      5.919357228,
      5.84943349,
      5.919196597,
      5.911179919,
      5.990856085,
      5.877687334,
      5.886987279,
      5.87864256,
      5.826981797,
      5.870185958,
      5.959495603,
      5.850900938,
      5.810872568,
      5.927217469,
      5.830830787
    ]
  },
  "warmup": {
    "times": [

    ]
  },
  "requests": {
    "times": [

    ]
  }
}
