{
  "version": 2,
  "settings": {
    "startup_iters": 50,
    "random_seed": 16541799507913229037,
    "worker_iterations": 0,
    "warmup_iterations": 0,
    "workers": 30,
    "puma_processes": 10,
    "puma_threads": 6,
    "port_num": 4567,
    "out_dir": ".",
    "discourse_revision": "02fb86916f5265ad8318c4415229753428c68eaf"
  },
  "environment": {
    "RUBY_VERSION": "2.4.1",
    "RUBY_DESCRIPTION": "ruby 2.4.1p111 (2017-03-22 revision 58053) [x86_64-linux]",
    "rvm current": "ext-mri-2.4.1"
  },
  "startup": {
    "times": [
      5.875397312,
      5.863034349,
      5.967692768,
      5.919784132,
      5.907181057,
      5.80802497,
      5.934426104,
      5.823583795,
      5.77116712,
      5.813118321,
      5.857972498,
      5.857571408,
      5.793860709,
      5.862548375,
      5.728133748,
      5.951595605,
      5.867008342,
      5.775606061,
      5.968243893,
      5.97908862,
      5.688314764,
      5.739389753,
      5.854026164,
      5.824718661,
      5.87937017,
      5.689354918,
      5.759455101,
      5.854565185,
      5.809495451,
      5.856541557,
      5.911739842,
      5.817762135,
      5.879969821,
      5.754837533,
      5.790995173,
      5.817464335,
      5.783253596,
      5.785644952,
      5.968491118,
      5.71402634,
      5.938430447,
      5.610882232,
      5.832246087,
      5.956376942,
      5.860691688,
      5.806585541,
      5.891068104,
      5.885761243,
      6.013904394,
      5.970671346
    ]
  },
  "warmup": {
    "times": [

    ]
  },
  "requests": {
    "times": [

    ]
  }
}
