{
  "version": 2,
  "settings": {
    "startup_iters": 50,
    "random_seed": 16541799507913229037,
    "worker_iterations": 0,
    "warmup_iterations": 0,
    "workers": 30,
    "puma_processes": 10,
    "puma_threads": 6,
    "port_num": 4567,
    "out_dir": ".",
    "discourse_revision": "02fb86916f5265ad8318c4415229753428c68eaf"
  },
  "environment": {
    "RUBY_VERSION": "2.3.4",
    "RUBY_DESCRIPTION": "ruby 2.3.4p301 (2017-03-30 revision 58214) [x86_64-linux]",
    "rvm current": "ext-mri-2.3.4"
  },
  "startup": {
    "times": [
      6.36078543,
      6.603208429,
      6.586952449,
      6.511785107,
      6.582884061,
      6.507872788,
      6.450749544,
      6.473276299,
      6.356169211,
      6.744630536,
      6.464628886,
      6.469816268,
      6.547606243,
      6.477714996,
      6.512507809,
      6.423831316,
      6.62252703,
      6.552713994,
      6.636134002,
      6.654672553,
      6.448583828,
      6.714932279,
      6.61733678,
      6.60890406,
      6.518112341,
      6.586237775,
      6.630111781,
      6.608872756,
      6.341836147,
      6.638225037,
      6.6294884,
      6.546424338,
      6.489568088,
      6.378733137,
      6.538144222,
      6.626876584,
      6.569372806,
      6.600767215,
      6.544534101,
      6.578723705,
      6.592039497,
      6.527413207,
      6.659757795,
      6.511435789,
      6.597286163,
      6.531421106,
      6.487566004,
      6.529106322,
      6.61547204,
      6.584807632
    ]
  },
  "warmup": {
    "times": [

    ]
  },
  "requests": {
    "times": [

    ]
  }
}
