{
  "version": 2,
  "settings": {
    "startup_iters": 150,
    "random_seed": 16541799507913229037,
    "worker_iterations": 0,
    "warmup_iterations": 0,
    "workers": 30,
    "puma_processes": 10,
    "puma_threads": 6,
    "port_num": 4567,
    "out_dir": ".",
    "discourse_revision": "a6ef10d61374a4d420799e7410a67b0afaeec637"
  },
  "environment": {
    "RUBY_VERSION": "2.1.10",
    "rvm current": "ext-mri-2.1.10"
  },
  "startup": {
    "times": [
      7.957912478,
      7.880629656,
      7.945937106,
      7.768098657,
      7.787543078,
      7.830239487,
      7.821076201,
      7.784441297,
      7.847948601,
      7.947981544,
      7.926980122,
      7.947534185,
      7.902025862,
      7.918661188,
      7.944902788,
      7.844965197,
      8.032803772,
      7.938072983,
      7.72021671,
      7.827870149,
      7.538428427,
      7.883907828,
      7.819506212,
      7.754360815,
      7.987963288,
      7.916057982,
      7.911129101,
      7.91854248,
      7.639377454,
      7.951643434,
      7.803510634,
      7.868275443,
      7.85739286,
      7.869059018,
      7.879607922,
      7.820195585,
      7.803018511,
      7.873192268,
      7.914207336,
      7.951566918,
      7.929707984,
      7.906506126,
      7.915135846,
      7.936026118,
      7.932379,
      7.876374883,
      7.952841445,
      7.603275629,
      7.785105408,
      7.729020296,
      7.993321669,
      7.799025185,
      7.953312688,
      7.903238586,
      7.575165458,
      7.729007007,
      8.016074265,
      7.830117353,
      7.85885032,
      7.837755828,
      7.967708526,
      7.747571889,
      7.882345288,
      7.781294259,
      7.834324791,
      7.86965741,
      8.016760516,
      7.90329861,
      7.879420119,
      7.818397602,
      7.821327408,
      7.945679855,
      8.017113062,
      7.999798548,
      7.84767461,
      7.703082591,
      7.820629977,
      7.985954549,
      7.881533968,
      7.756373078,
      7.920590808,
      7.993576341,
      7.946500981,
      7.922663678,
      7.90108132,
      7.953516341,
      7.714147828,
      7.861620561,
      7.974170743,
      7.941547829,
      7.932097986,
      7.804135199,
      7.79714379,
      8.023647023,
      7.798559764,
      7.840004418,
      7.893602523,
      7.951188389,
      7.972196563,
      7.967303532,
      7.84791888,
      7.731862156,
      7.803333715,
      8.025397582,
      7.977388614,
      7.779025496,
      7.566156953,
      7.85540172,
      7.845239391,
      7.8189956,
      7.841870618,
      8.04778922,
      7.801215482,
      7.936775304,
      7.990649012,
      7.749099707,
      7.933002379,
      7.769228989,
      7.833725969,
      7.732505412,
      7.753482525,
      7.79937434,
      7.674985973,
      7.554017414,
      7.927906282,
      7.627493216,
      7.929544332,
      7.896873353,
      7.829865526,
      7.813904651,
      7.857603381,
      7.89405669,
      8.136982025,
      7.889004382,
      7.837680409,
      7.811880812,
      7.898083553,
      7.899493026,
      7.711936994,
      7.87958855,
      7.680011811,
      7.816536134,
      7.686920531,
      7.934143837,
      7.891242889,
      7.794778352,
      7.956752009,
      8.040911712,
      7.881968725,
      7.923875645
    ]
  },
  "warmup": {
    "times": [

    ]
  },
  "requests": {
    "times": [

    ]
  }
}
