{
  "version": 2,
  "settings": {
    "startup_iters": 50,
    "random_seed": 16541799507913229037,
    "worker_iterations": 0,
    "warmup_iterations": 0,
    "workers": 30,
    "puma_processes": 10,
    "puma_threads": 6,
    "port_num": 4567,
    "out_dir": ".",
    "discourse_revision": "02fb86916f5265ad8318c4415229753428c68eaf"
  },
  "environment": {
    "RUBY_VERSION": "2.4.1",
    "RUBY_DESCRIPTION": "ruby 2.4.1p111 (2017-03-22 revision 58053) [x86_64-linux]",
    "rvm current": "ext-mri-2.4.1"
  },
  "startup": {
    "times": [
      5.943502712,
      5.981651328,
      5.940216248,
      5.788333546,
      5.944497449,
      5.972956374,
      5.872249711,
      5.867224898,
      5.845118513,
      5.643189395,
      5.852522406,
      5.766302285,
      5.899651902,
      5.778070365,
      5.865010382,
      5.919537413,
      5.84510318,
      5.825458447,
      5.868261872,
      5.771141761,
      5.849454268,
      5.887741734,
      5.842144768,
      5.863871618,
      5.935499339,
      5.742510931,
      5.682732473,
      5.800880835,
      5.837007441,
      5.922189422,
      5.853963173,
      5.832958125,
      5.881312012,
      5.849762808,
      5.650084442,
      5.841985912,
      5.819683329,
      5.943686561,
      5.81959554,
      5.913296433,
      5.926289119,
      5.718119683,
      5.761868694,
      5.908760615,
      5.881629368,
      5.825194074,
      5.869521465,
      5.71819436,
      5.874686011,
      5.857464682
    ]
  },
  "warmup": {
    "times": [

    ]
  },
  "requests": {
    "times": [

    ]
  }
}
