{
  "version": 2,
  "settings": {
    "startup_iters": 150,
    "random_seed": 16541799507913229037,
    "worker_iterations": 0,
    "warmup_iterations": 0,
    "workers": 30,
    "puma_processes": 10,
    "puma_threads": 6,
    "port_num": 4567,
    "out_dir": ".",
    "discourse_revision": "a6ef10d61374a4d420799e7410a67b0afaeec637"
  },
  "environment": {
    "RUBY_VERSION": "2.0.0",
    "rvm current": "ext-mri-2.0.0"
  },
  "startup": {
    "times": [
      9.962948023,
      9.819816078,
      9.79002997,
      10.021915034,
      9.808297148,
      9.878455506,
      9.918588069,
      9.978151241,
      9.981634164,
      10.010668815,
      9.848523891,
      9.822273664,
      9.766204696,
      9.790021745,
      9.810564404,
      9.977247728,
      9.747571719,
      9.940207954,
      9.942458566,
      9.727160702,
      9.712835929,
      9.804044971,
      10.104356386,
      9.813642423,
      9.908195232,
      9.819529993,
      9.885671019,
      9.884022812,
      9.964917899,
      9.836933694,
      9.811248794,
      9.938619408,
      9.58172424,
      9.914050478,
      9.888279775,
      9.869971133,
      9.905407305,
      9.729382357,
      10.061141696,
      9.991831135,
      10.003008548,
      9.774779803,
      10.021901599,
      9.646393926,
      9.950156177,
      9.917077128,
      9.788229642,
      9.690596559,
      9.837602412,
      9.830176289,
      9.894283143,
      9.934535689,
      9.944423494,
      9.984076117,
      9.946848029,
      9.885019596,
      9.686059469,
      9.754886638,
      10.07425097,
      9.900679544,
      9.789394775,
      9.815756388,
      9.899536888,
      9.826058131,
      9.88855423,
      10.002447816,
      9.967542129,
      9.92916856,
      9.982490264,
      9.778672974,
      9.822854723,
      10.111219121,
      9.695832951,
      9.994025289,
      9.991731643,
      9.908170241,
      9.872569709,
      9.712101911,
      9.736417934,
      9.969101712,
      9.966244456,
      9.996794501,
      9.940490687,
      9.881921419,
      9.804755843,
      9.960864853,
      9.873411316,
      9.89237419,
      9.625997148,
      9.905338461,
      9.895499173,
      9.904119298,
      9.865995472,
      9.61012065,
      9.944934025,
      10.016627,
      9.803250664,
      9.882529567,
      9.867368482,
      9.999635834,
      10.011352147,
      9.861876234,
      10.034709132,
      10.000069797,
      9.969161907,
      9.885273725,
      10.076035954,
      9.830477852,
      9.956428296,
      9.845914282,
      10.009522998,
      9.709729433,
      9.83361589,
      9.972550145,
      9.76991869,
      9.899796036,
      9.934437969,
      9.639977735,
      9.855194586,
      9.828702318,
      9.830305532,
      9.978252368,
      9.729899032,
      9.932213402,
      10.023208973,
      10.031489816,
      9.949919149,
      9.725545244,
      9.940116085,
      9.87040389,
      9.871702363,
      10.121933852,
      9.765049289,
      9.968810524,
      9.754411103,
      10.084950505,
      9.875267001,
      9.818557102,
      9.886919142,
      9.866066259,
      9.967712588,
      9.746382024,
      10.002191918,
      9.74683416,
      9.887484748,
      9.889983822,
      10.047897893,
      9.785283868,
      10.122804096,
      9.878703361
    ]
  },
  "warmup": {
    "times": [

    ]
  },
  "requests": {
    "times": [

    ]
  }
}
