{
  "version": 2,
  "settings": {
    "startup_iters": 50,
    "random_seed": 16541799507913229037,
    "worker_iterations": 0,
    "warmup_iterations": 0,
    "workers": 30,
    "puma_processes": 10,
    "puma_threads": 6,
    "port_num": 4567,
    "out_dir": ".",
    "discourse_revision": "02fb86916f5265ad8318c4415229753428c68eaf"
  },
  "environment": {
    "RUBY_VERSION": "2.4.1",
    "RUBY_DESCRIPTION": "ruby 2.4.1p111 (2017-03-22 revision 58053) [x86_64-linux]",
    "rvm current": "ext-mri-2.4.1"
  },
  "startup": {
    "times": [
      5.829312377,
      5.972821132,
      5.771582456,
      5.895164136,
      5.976853495,
      5.756436372,
      5.899156832,
      5.829962293,
      5.815309769,
      5.869919431,
      5.811167643,
      5.731084302,
      5.674540363,
      5.872909893,
      5.828249291,
      5.856799603,
      5.844625016,
      5.799653131,
      5.854212131,
      5.895530759,
      5.907349983,
      5.889371424,
      5.88596333,
      5.908529421,
      5.942563147,
      5.789692892,
      5.853401686,
      5.649297327,
      5.992823518,
      5.873281911,
      5.853073091,
      5.882168862,
      5.943957029,
      5.988769683,
      5.920161012,
      5.85454262,
      5.825577275,
      5.793462215,
      5.805547444,
      5.766320389,
      5.901741057,
      5.832023717,
      5.799177847,
      5.848978387,
      5.845543921,
      5.774316186,
      5.902272939,
      5.83005629,
      5.801998566,
      5.850031422
    ]
  },
  "warmup": {
    "times": [

    ]
  },
  "requests": {
    "times": [

    ]
  }
}
