{
  "version": 2,
  "settings": {
    "startup_iters": 50,
    "random_seed": 16541799507913229037,
    "worker_iterations": 0,
    "warmup_iterations": 0,
    "workers": 30,
    "puma_processes": 10,
    "puma_threads": 6,
    "port_num": 4567,
    "out_dir": ".",
    "discourse_revision": "02fb86916f5265ad8318c4415229753428c68eaf"
  },
  "environment": {
    "RUBY_VERSION": "2.3.4",
    "RUBY_DESCRIPTION": "ruby 2.3.4p301 (2017-03-30 revision 58214) [x86_64-linux]",
    "rvm current": "ext-mri-2.3.4"
  },
  "startup": {
    "times": [
      6.607355523,
      6.553125009,
      6.463650031,
      6.523314034,
      6.527744855,
      6.629687708,
      6.342107499,
      6.441669512,
      6.573776278,
      6.498268881,
      6.544653795,
      6.566060431,
      6.456086416,
      6.561584033,
      6.570250813,
      6.574877923,
      6.465922011,
      6.371618443,
      6.432026992,
      6.445109401,
      5.574631782,
      6.662954577,
      6.662390298,
      6.586744167,
      6.566984961,
      6.558251141,
      6.309459095,
      6.596051388,
      6.60905623,
      6.628814166,
      6.661738883,
      6.574349468,
      6.544064996,
      6.490294166,
      6.490365969,
      6.603322217,
      6.513660674,
      6.682187855,
      6.685139823,
      6.66006572,
      6.664809901,
      6.588174572,
      6.457820601,
      6.600040936,
      6.551860261,
      6.564583939,
      6.538240369,
      6.667792708,
      6.543868655,
      6.584424933
    ]
  },
  "warmup": {
    "times": [

    ]
  },
  "requests": {
    "times": [

    ]
  }
}
