{
  "version": 2,
  "settings": {
    "startup_iters": 50,
    "random_seed": 16541799507913229037,
    "worker_iterations": 0,
    "warmup_iterations": 0,
    "workers": 30,
    "puma_processes": 10,
    "puma_threads": 6,
    "port_num": 4567,
    "out_dir": ".",
    "discourse_revision": "02fb86916f5265ad8318c4415229753428c68eaf"
  },
  "environment": {
    "RUBY_VERSION": "2.3.4",
    "RUBY_DESCRIPTION": "ruby 2.3.4p301 (2017-03-30 revision 58214) [x86_64-linux]",
    "rvm current": "ext-mri-2.3.4"
  },
  "startup": {
    "times": [
      6.489390758,
      6.592596866,
      6.593493339,
      6.62610873,
      6.56055163,
      6.630591706,
      6.526499615,
      6.508706009,
      6.5502322,
      6.454603733,
      6.433738178,
      6.653425836,
      6.546265721,
      6.510961309,
      6.530884367,
      6.48268708,
      6.423767595,
      6.570409069,
      6.612946367,
      6.519996903,
      6.652086053,
      6.612767057,
      6.502124357,
      6.530266097,
      6.484697791,
      6.578116785,
      6.554179219,
      6.45975664,
      6.583885452,
      6.601946267,
      6.647399396,
      6.695781403,
      6.508260535,
      6.410796367,
      6.501245003,
      6.455565944,
      6.576550724,
      6.563657999,
      6.440905095,
      6.506874438,
      6.544161542,
      6.520043852,
      6.506935395,
      6.654899611,
      6.524065822,
      6.578241337,
      6.574636969,
      6.647402518,
      6.579589014,
      6.589798066
    ]
  },
  "warmup": {
    "times": [

    ]
  },
  "requests": {
    "times": [

    ]
  }
}
