{
  "version": 2,
  "settings": {
    "startup_iters": 50,
    "random_seed": 16541799507913229037,
    "worker_iterations": 0,
    "warmup_iterations": 0,
    "workers": 30,
    "puma_processes": 10,
    "puma_threads": 6,
    "port_num": 4567,
    "out_dir": ".",
    "discourse_revision": "02fb86916f5265ad8318c4415229753428c68eaf"
  },
  "environment": {
    "RUBY_VERSION": "2.4.1",
    "RUBY_DESCRIPTION": "ruby 2.4.1p111 (2017-03-22 revision 58053) [x86_64-linux]",
    "rvm current": "ext-mri-2.4.1"
  },
  "startup": {
    "times": [
      5.825494984,
      5.750663036,
      5.841237424,
      5.831379152,
      5.899170098,
      5.685603651,
      5.733035283,
      5.981462491,
      5.902930654,
      5.790343818,
      5.896483171,
      5.721986853,
      5.947074109,
      5.802980554,
      5.841475462,
      5.898690822,
      5.69577341,
      5.652088339,
      5.808978111,
      5.900125379,
      5.875436445,
      5.749543498,
      5.88135184,
      5.97271175,
      5.920053786,
      5.795746484,
      5.928087973,
      5.883837674,
      5.874500144,
      5.866846193,
      5.879603176,
      5.687264886,
      5.62789091,
      5.806048421,
      5.818031132,
      5.893239068,
      5.979367923,
      5.837846126,
      5.787324241,
      5.771759165,
      5.835460776,
      5.871481272,
      5.836210393,
      5.768393909,
      6.057373329,
      5.858190892,
      5.67873476,
      5.757550792,
      5.878747666,
      5.847034298
    ]
  },
  "warmup": {
    "times": [

    ]
  },
  "requests": {
    "times": [

    ]
  }
}
