{
  "version": 2,
  "settings": {
    "startup_iters": 50,
    "random_seed": 16541799507913229037,
    "worker_iterations": 0,
    "warmup_iterations": 0,
    "workers": 30,
    "puma_processes": 10,
    "puma_threads": 6,
    "port_num": 4567,
    "out_dir": ".",
    "discourse_revision": "02fb86916f5265ad8318c4415229753428c68eaf"
  },
  "environment": {
    "RUBY_VERSION": "2.4.1",
    "RUBY_DESCRIPTION": "ruby 2.4.1p111 (2017-03-22 revision 58053) [x86_64-linux]",
    "rvm current": "ext-mri-2.4.1"
  },
  "startup": {
    "times": [
      5.732918013,
      5.883132674,
      5.758669345,
      6.019688131,
      5.773904999,
      5.869452815,
      5.912069389,
      5.870645105,
      5.886695596,
      5.742034629,
      5.920589745,
      5.541056049,
      5.990153861,
      5.904912056,
      5.840491218,
      5.770451454,
      5.881285508,
      5.900360383,
      5.642260762,
      5.858077092,
      5.781497325,
      5.89773948,
      5.810935132,
      5.78557221,
      5.838537729,
      5.873426705,
      5.897368609,
      5.93869023,
      5.853263149,
      5.845485235,
      5.878589444,
      5.832068974,
      5.716331756,
      5.833999969,
      5.883784173,
      5.785402092,
      5.789892303,
      5.974791565,
      5.717768842,
      5.912726079,
      5.922767017,
      5.935841997,
      5.808295747,
      5.846455962,
      5.762559505,
      5.808544775,
      5.822610662,
      5.929964389,
      5.928742253,
      5.926166929
    ]
  },
  "warmup": {
    "times": [

    ]
  },
  "requests": {
    "times": [

    ]
  }
}
