{
  "version": 2,
  "settings": {
    "startup_iters": 150,
    "random_seed": 16541799507913229037,
    "worker_iterations": 0,
    "warmup_iterations": 0,
    "workers": 30,
    "puma_processes": 10,
    "puma_threads": 6,
    "port_num": 4567,
    "out_dir": ".",
    "discourse_revision": "a6ef10d61374a4d420799e7410a67b0afaeec637"
  },
  "environment": {
    "RUBY_VERSION": "2.0.0",
    "rvm current": "ext-mri-2.0.0"
  },
  "startup": {
    "times": [
      10.038832402,
      10.005328706,
      9.797057914,
      9.907626951,
      9.894105215,
      9.955055565,
      9.999297986,
      9.957877724,
      10.059854604,
      9.939626033,
      9.900579758,
      9.90757889,
      9.785245409,
      9.675494759,
      9.902070587,
      9.946630724,
      10.111634134,
      9.99799923,
      9.835559382,
      9.96419125,
      9.737049672,
      10.048241107,
      9.977561888,
      9.686495279,
      9.780360604,
      9.867555604,
      9.988367869,
      9.987334164,
      9.873992415,
      9.942296191,
      9.757730415,
      9.962557721,
      9.879115805,
      9.744601684,
      9.738127425,
      9.868207258,
      10.072891232,
      9.849635925,
      9.783018127,
      9.838812809,
      9.633761374,
      9.877795782,
      10.101206366,
      9.932127638,
      9.848747665,
      9.833861306,
      9.7671937,
      9.892777124,
      9.998198572,
      10.092223798,
      9.917203867,
      9.836734019,
      9.852032563,
      9.697677778,
      9.891823716,
      9.976645387,
      9.821465577,
      9.752402533,
      10.169574566,
      9.933535902,
      9.891358971,
      9.738052131,
      9.680492723,
      10.049474216,
      9.842257023,
      9.901077135,
      10.009748484,
      9.804432636,
      10.022783395,
      9.832781068,
      9.888857567,
      9.976820369,
      9.861500679,
      9.971018079,
      9.910766533,
      9.869167072,
      10.079264383,
      9.970053543,
      9.949598009,
      9.993138652,
      10.020633251,
      10.020281744,
      9.929580494,
      9.976905433,
      9.892840699,
      9.761452466,
      10.081468258,
      9.955776014,
      9.802590118,
      9.717071219,
      10.121600285,
      9.904849204,
      9.851105029,
      9.923117471,
      9.988418959,
      9.975072786,
      9.868798281,
      9.836195331,
      9.976182186,
      9.905205201,
      9.762469391,
      10.125192061,
      9.985757439,
      9.927150834,
      9.980477612,
      9.788941544,
      9.812714511,
      9.867705253,
      9.917013019,
      9.830300231,
      9.93592127,
      9.859856001,
      9.898073693,
      9.910616087,
      9.998070878,
      10.002551477,
      10.143809889,
      9.945861676,
      10.051371186,
      9.891644426,
      9.886668384,
      10.045006196,
      9.739599019,
      9.924210999,
      10.036279692,
      9.776191579,
      9.89939332,
      9.830121258,
      10.082049656,
      9.803802569,
      9.996078587,
      9.712181908,
      9.892529099,
      9.852778642,
      9.931287613,
      9.97068412,
      9.982320478,
      9.898699356,
      10.003152015,
      9.882058273,
      9.961300661,
      10.014371697,
      9.926902354,
      9.832390904,
      9.723874081,
      9.952770395,
      9.852361064,
      10.01451234,
      9.858027327,
      9.905549697
    ]
  },
  "warmup": {
    "times": [

    ]
  },
  "requests": {
    "times": [

    ]
  }
}
