{
  "version": 2,
  "settings": {
    "startup_iters": 150,
    "random_seed": 16541799507913229037,
    "worker_iterations": 0,
    "warmup_iterations": 0,
    "workers": 30,
    "puma_processes": 10,
    "puma_threads": 6,
    "port_num": 4567,
    "out_dir": ".",
    "discourse_revision": "a6ef10d61374a4d420799e7410a67b0afaeec637"
  },
  "environment": {
    "RUBY_VERSION": "2.2.7",
    "rvm current": "ext-mri-2.2.7"
  },
  "startup": {
    "times": [
      7.757116648,
      7.821929484,
      7.808269116,
      7.917320171,
      7.908005395,
      7.845323922,
      7.84690094,
      7.842792841,
      7.706929335,
      7.742130927,
      7.761673889,
      7.927273704,
      7.872880862,
      7.857496528,
      7.704703453,
      7.71689253,
      7.978147719,
      7.646620096,
      7.643123269,
      7.801608419,
      7.857672912,
      7.774910788,
      7.848594246,
      7.858471688,
      7.817948331,
      7.926944971,
      7.822785367,
      7.863827725,
      7.822562006,
      7.808688162,
      7.855875518,
      7.665117548,
      7.557196196,
      7.846825684,
      7.788063494,
      7.891901369,
      7.848365319,
      7.755388615,
      7.776120642,
      7.845167035,
      7.763885323,
      7.832845845,
      7.907624476,
      7.904633863,
      7.834203785,
      7.648099256,
      7.813140836,
      7.684931786,
      7.924463171,
      7.761015166,
      7.687936832,
      7.798254894,
      7.65974458,
      7.89504413,
      7.806386797,
      7.831303733,
      7.913368118,
      7.876751223,
      7.78055782,
      7.587190836,
      7.785042707,
      7.785759992,
      7.718208872,
      7.693500761,
      7.750857246,
      7.86258758,
      7.72240494,
      7.765693915,
      7.85876341,
      7.914847385,
      7.835362608,
      7.966370033,
      7.820540619,
      7.854351071,
      7.812105755,
      7.63518918,
      7.571569393,
      7.992457489,
      7.769509045,
      7.725734826,
      7.81735176,
      7.908655757,
      7.614432068,
      7.747052821,
      7.852526238,
      7.960010364,
      7.842870667,
      7.81253896,
      7.814904156,
      7.811697136,
      7.682271568,
      7.651292756,
      7.727073544,
      7.835272807,
      7.749718813,
      7.634239318,
      7.872175821,
      7.808145261,
      7.8604222,
      7.758664279,
      7.933071788,
      7.810690419,
      7.954936867,
      7.756881792,
      7.86384077,
      7.803086248,
      7.912906216,
      7.894906322,
      7.790922917,
      7.764546519,
      7.6507363,
      7.897185,
      7.606336211,
      7.840644197,
      7.716929304,
      7.866921256,
      7.8820211,
      7.729340753,
      7.855156186,
      7.725410698,
      7.906904342,
      7.816669462,
      7.642741886,
      7.579862456,
      7.784474967,
      7.832798313,
      7.813397765,
      7.894058976,
      7.938610973,
      7.820214089,
      7.704552468,
      7.862142967,
      7.867339458,
      7.88946883,
      7.887807221,
      7.8521379,
      7.720749988,
      7.796794278,
      7.887793098,
      7.784623004,
      8.045135993,
      7.788018094,
      7.794610687,
      7.835760069,
      7.785192221,
      7.804386046,
      7.750622988,
      7.887624352,
      7.636703045,
      7.687494353
    ]
  },
  "warmup": {
    "times": [

    ]
  },
  "requests": {
    "times": [

    ]
  }
}
