{
  "version": 2,
  "settings": {
    "startup_iters": 50,
    "random_seed": 16541799507913229037,
    "worker_iterations": 0,
    "warmup_iterations": 0,
    "workers": 30,
    "puma_processes": 10,
    "puma_threads": 6,
    "port_num": 4567,
    "out_dir": ".",
    "discourse_revision": "02fb86916f5265ad8318c4415229753428c68eaf"
  },
  "environment": {
    "RUBY_VERSION": "2.4.1",
    "RUBY_DESCRIPTION": "ruby 2.4.1p111 (2017-03-22 revision 58053) [x86_64-linux]",
    "rvm current": "ext-mri-2.4.1"
  },
  "startup": {
    "times": [
      5.930548819,
      5.92748395,
      5.867462346,
      5.906878247,
      5.925761889,
      5.831333843,
      5.811409286,
      5.875977232,
      5.883144246,
      5.932072695,
      5.960525517,
      5.859232139,
      5.816391433,
      5.832874346,
      5.860730757,
      5.8279944,
      5.79617995,
      5.931497423,
      5.886535163,
      5.853105039,
      5.96107072,
      5.992662495,
      5.795588406,
      5.89526765,
      5.888837803,
      5.93649564,
      5.872113431,
      5.884767624,
      5.894991984,
      5.924484947,
      5.842207496,
      5.945175908,
      5.931305419,
      5.945061836,
      5.822095021,
      5.881456975,
      5.82355824,
      5.859357852,
      5.922904235,
      5.868202053,
      5.838946326,
      5.885184328,
      5.808817192,
      5.760817069,
      5.881413616,
      5.819748616,
      5.974910054,
      5.822723863,
      5.942919053,
      5.867266664
    ]
  },
  "warmup": {
    "times": [

    ]
  },
  "requests": {
    "times": [

    ]
  }
}
