{
  "version": 2,
  "settings": {
    "startup_iters": 150,
    "random_seed": 16541799507913229037,
    "worker_iterations": 0,
    "warmup_iterations": 0,
    "workers": 30,
    "puma_processes": 10,
    "puma_threads": 6,
    "port_num": 4567,
    "out_dir": ".",
    "discourse_revision": "a6ef10d61374a4d420799e7410a67b0afaeec637"
  },
  "environment": {
    "RUBY_VERSION": "2.0.0",
    "rvm current": "ext-mri-2.0.0"
  },
  "startup": {
    "times": [
      9.825858164,
      9.957477548,
      10.046299103,
      10.052842733,
      9.795581813,
      9.815806525,
      10.086735526,
      9.783507336,
      9.904886713,
      10.002187711,
      9.985108276,
      10.016347422,
      9.812089704,
      9.925447237,
      9.665315152,
      9.885387892,
      9.935450206,
      9.788180114,
      9.824236762,
      10.019220819,
      9.781607327,
      9.870393994,
      9.769297557,
      9.914665863,
      9.996721711,
      10.046468833,
      9.92667711,
      9.922085955,
      9.93451829,
      10.029303618,
      9.815622199,
      9.825911057,
      9.923623921,
      10.082682886,
      9.715569536,
      9.951665844,
      9.858603814,
      9.766082357,
      9.937541459,
      9.57250833,
      9.833718612,
      10.136218543,
      9.948936354,
      9.99133764,
      9.785718728,
      10.025378341,
      9.779466193,
      9.669737338,
      10.079301446,
      10.061875231,
      9.950397021,
      9.882020811,
      9.917024563,
      9.758302923,
      10.000783805,
      10.009880524,
      9.960046491,
      10.0696951,
      9.963735677,
      10.065917216,
      9.86745836,
      9.759620321,
      9.774843939,
      9.974126589,
      9.933469654,
      9.928462941,
      9.917646613,
      9.898615854,
      9.820714901,
      9.831674101,
      9.88332264,
      9.901251516,
      9.779500682,
      9.974706952,
      9.878561802,
      9.932284968,
      9.855703602,
      9.946518202,
      9.944602,
      9.879810949,
      10.125171518,
      9.909157816,
      9.952513626,
      9.931806344,
      9.849532864,
      9.67813338,
      9.777425757,
      9.941918964,
      9.966328876,
      10.09771106,
      9.812189585,
      9.909124404,
      9.931396914,
      9.910900779,
      9.790594737,
      10.050017727,
      9.935939618,
      9.718567339,
      9.80421389,
      9.867462153,
      9.857586943,
      9.915582059,
      9.79435694,
      9.757215391,
      9.600361614,
      9.959038861,
      9.817877256,
      9.800561833,
      9.593871848,
      9.817426647,
      10.020243492,
      9.882675111,
      9.945551912,
      9.820805347,
      9.683072454,
      9.914451537,
      9.95717716,
      9.856250849,
      10.031039343,
      9.859607803,
      9.975184675,
      9.96784827,
      10.065755663,
      9.98548884,
      9.584231359,
      9.920425379,
      9.939412899,
      10.029284085,
      9.90582933,
      9.789085089,
      9.728975213,
      10.085419394,
      9.917807034,
      9.784361246,
      9.879756211,
      9.994406745,
      9.750759231,
      9.770240873,
      9.914025326,
      9.919247238,
      10.095794221,
      10.009064715,
      9.87950681,
      9.89753099,
      9.879676504,
      9.905364377,
      9.88169679,
      9.73310825,
      9.803541713,
      9.863118177
    ]
  },
  "warmup": {
    "times": [

    ]
  },
  "requests": {
    "times": [

    ]
  }
}
