{
  "version": 2,
  "settings": {
    "startup_iters": 50,
    "random_seed": 16541799507913229037,
    "worker_iterations": 0,
    "warmup_iterations": 0,
    "workers": 30,
    "puma_processes": 10,
    "puma_threads": 6,
    "port_num": 4567,
    "out_dir": ".",
    "discourse_revision": "02fb86916f5265ad8318c4415229753428c68eaf"
  },
  "environment": {
    "RUBY_VERSION": "2.4.1",
    "RUBY_DESCRIPTION": "ruby 2.4.1p111 (2017-03-22 revision 58053) [x86_64-linux]",
    "rvm current": "ext-mri-2.4.1"
  },
  "startup": {
    "times": [
      5.917249957,
      5.819770701,
      5.88574704,
      5.950976201,
      5.870678354,
      5.912575716,
      5.983607822,
      5.806109099,
      5.799395878,
      6.054246084,
      5.826508243,
      5.83717144,
      5.816165028,
      5.830513934,
      5.961433527,
      5.797376215,
      5.677093027,
      5.812888998,
      5.827826623,
      5.895614678,
      5.848740003,
      5.850539332,
      5.883673402,
      5.965134688,
      5.932844317,
      5.822153956,
      5.845263652,
      5.805496261,
      5.824384099,
      5.818876657,
      5.92715364,
      5.911945252,
      5.883417379,
      5.888835896,
      5.90751257,
      5.905202883,
      6.022774205,
      5.854749481,
      5.830446053,
      5.759048727,
      5.73547311,
      6.051371595,
      5.865687077,
      5.844695268,
      5.850166754,
      5.917859378,
      5.940671713,
      5.826437033,
      5.838399854,
      5.993311878
    ]
  },
  "warmup": {
    "times": [

    ]
  },
  "requests": {
    "times": [

    ]
  }
}
