{
  "version": 2,
  "settings": {
    "startup_iters": 50,
    "random_seed": 16541799507913229037,
    "worker_iterations": 0,
    "warmup_iterations": 0,
    "workers": 30,
    "puma_processes": 10,
    "puma_threads": 6,
    "port_num": 4567,
    "out_dir": ".",
    "discourse_revision": "02fb86916f5265ad8318c4415229753428c68eaf"
  },
  "environment": {
    "RUBY_VERSION": "2.3.4",
    "RUBY_DESCRIPTION": "ruby 2.3.4p301 (2017-03-30 revision 58214) [x86_64-linux]",
    "rvm current": "ext-mri-2.3.4"
  },
  "startup": {
    "times": [
      6.586399644,
      6.516935625,
      6.558517145,
      6.541947529,
      6.509335076,
      6.492500827,
      6.463194972,
      6.461824036,
      6.65633526,
      6.546236269,
      6.6132443,
      6.606768086,
      6.553178586,
      6.590765921,
      6.570390708,
      6.598580255,
      6.594348517,
      6.555885054,
      6.607045441,
      6.558073134,
      6.463775986,
      6.52007531,
      6.277796984,
      6.547767502,
      6.572822558,
      6.506172877,
      6.516841114,
      6.423916834,
      6.549617131,
      6.402757771,
      6.629171521,
      6.492287515,
      6.660973185,
      6.601396694,
      6.398130397,
      6.626816314,
      6.505862085,
      6.504585609,
      6.613094583,
      6.621307227,
      6.615901464,
      6.435997626,
      6.427688779,
      6.421285809,
      6.326224241,
      6.40559446,
      6.428000693,
      6.484291555,
      6.388609615,
      6.611639928
    ]
  },
  "warmup": {
    "times": [

    ]
  },
  "requests": {
    "times": [

    ]
  }
}
