{
  "version": 2,
  "settings": {
    "startup_iters": 50,
    "random_seed": 16541799507913229037,
    "worker_iterations": 0,
    "warmup_iterations": 0,
    "workers": 30,
    "puma_processes": 10,
    "puma_threads": 6,
    "port_num": 4567,
    "out_dir": ".",
    "discourse_revision": "02fb86916f5265ad8318c4415229753428c68eaf"
  },
  "environment": {
    "RUBY_VERSION": "2.3.4",
    "RUBY_DESCRIPTION": "ruby 2.3.4p301 (2017-03-30 revision 58214) [x86_64-linux]",
    "rvm current": "ext-mri-2.3.4"
  },
  "startup": {
    "times": [
      6.576192443,
      6.624333235,
      6.585238517,
      6.433264838,
      6.513626,
      6.541183305,
      6.640634076,
      6.483442791,
      6.509413121,
      6.540784855,
      6.575304356,
      6.521365395,
      6.525325221,
      6.415553153,
      6.498629865,
      6.577237795,
      6.544071775,
      6.499689766,
      6.575570116,
      6.722270295,
      6.539604375,
      6.640441756,
      6.571586746,
      6.606033604,
      6.584509493,
      6.556295212,
      6.425431766,
      6.628365433,
      6.641651772,
      6.486549975,
      6.597124846,
      6.598160518,
      6.431732152,
      6.578262093,
      6.490211417,
      6.500782857,
      6.59719304,
      6.541689654,
      6.480591678,
      6.664793048,
      6.475575243,
      6.447349504,
      6.545953804,
      6.43483209,
      6.651805291,
      6.560080739,
      6.65631145,
      6.623462976,
      6.544205756,
      6.401754881
    ]
  },
  "warmup": {
    "times": [

    ]
  },
  "requests": {
    "times": [

    ]
  }
}
