{
  "version": 2,
  "settings": {
    "startup_iters": 50,
    "random_seed": 16541799507913229037,
    "worker_iterations": 0,
    "warmup_iterations": 0,
    "workers": 30,
    "puma_processes": 10,
    "puma_threads": 6,
    "port_num": 4567,
    "out_dir": ".",
    "discourse_revision": "02fb86916f5265ad8318c4415229753428c68eaf"
  },
  "environment": {
    "RUBY_VERSION": "2.3.4",
    "RUBY_DESCRIPTION": "ruby 2.3.4p301 (2017-03-30 revision 58214) [x86_64-linux]",
    "rvm current": "ext-mri-2.3.4"
  },
  "startup": {
    "times": [
      6.573645437,
      6.305647318,
      6.584989598,
      6.521321511,
      6.777737085,
      6.660161718,
      6.536986422,
      6.55082148,
      6.525404183,
      6.515331898,
      6.545903119,
      6.333994637,
      6.584854639,
      6.461771175,
      6.555162766,
      6.403175386,
      6.737023885,
      6.530590442,
      6.495587065,
      6.562747747,
      6.481113016,
      6.578650947,
      6.528722934,
      6.50316072,
      6.489225223,
      6.421428268,
      6.508860536,
      6.530204794,
      6.536404731,
      6.483465535,
      6.633021924,
      6.323155752,
      6.533201577,
      6.604738319,
      6.526812241,
      6.414035577,
      6.538045509,
      6.505133705,
      6.636096185,
      6.614028826,
      6.320233101,
      6.718555748,
      6.597195742,
      6.264484872,
      6.516587073,
      6.624985882,
      6.447751038,
      6.537189304,
      6.611687991,
      6.539884481
    ]
  },
  "warmup": {
    "times": [

    ]
  },
  "requests": {
    "times": [

    ]
  }
}
