{
  "version": 2,
  "settings": {
    "startup_iters": 50,
    "random_seed": 16541799507913229037,
    "worker_iterations": 0,
    "warmup_iterations": 0,
    "workers": 30,
    "puma_processes": 10,
    "puma_threads": 6,
    "port_num": 4567,
    "out_dir": ".",
    "discourse_revision": "02fb86916f5265ad8318c4415229753428c68eaf"
  },
  "environment": {
    "RUBY_VERSION": "2.4.1",
    "RUBY_DESCRIPTION": "ruby 2.4.1p111 (2017-03-22 revision 58053) [x86_64-linux]",
    "rvm current": "ext-mri-2.4.1"
  },
  "startup": {
    "times": [
      5.799438736,
      5.890125167,
      5.812955214,
      5.720859538,
      5.901294163,
      5.928908976,
      5.818723204,
      5.904466911,
      5.85208993,
      5.887995162,
      5.866584017,
      5.861943207,
      5.883452855,
      5.804280504,
      5.741683435,
      5.817237794,
      5.942157302,
      5.745347729,
      5.86370417,
      5.912026777,
      5.835680774,
      5.916910025,
      5.917894836,
      5.879879779,
      5.792015271,
      5.864851382,
      5.960645233,
      5.709129096,
      5.862763003,
      5.858284911,
      5.782496701,
      5.983451216,
      5.869688612,
      5.925433688,
      5.823301393,
      5.744088273,
      5.882276462,
      5.871788732,
      5.589569915,
      5.797370201,
      5.899222587,
      5.865062914,
      5.906531356,
      6.033538848,
      5.869705808,
      5.897624712,
      5.92359473,
      5.73069006,
      5.910439835,
      5.783866726
    ]
  },
  "warmup": {
    "times": [

    ]
  },
  "requests": {
    "times": [

    ]
  }
}
