{
  "version": 2,
  "settings": {
    "startup_iters": 50,
    "random_seed": 16541799507913229037,
    "worker_iterations": 0,
    "warmup_iterations": 0,
    "workers": 30,
    "puma_processes": 10,
    "puma_threads": 6,
    "port_num": 4567,
    "out_dir": ".",
    "discourse_revision": "02fb86916f5265ad8318c4415229753428c68eaf"
  },
  "environment": {
    "RUBY_VERSION": "2.3.4",
    "RUBY_DESCRIPTION": "ruby 2.3.4p301 (2017-03-30 revision 58214) [x86_64-linux]",
    "rvm current": "ext-mri-2.3.4"
  },
  "startup": {
    "times": [
      6.425960006,
      6.650388471,
      6.570581579,
      6.584522972,
      6.556858902,
      6.438146608,
      6.611781986,
      6.559447445,
      6.631650305,
      6.493404886,
      6.524902703,
      6.645854373,
      6.510417339,
      6.672526121,
      6.619057866,
      6.500472239,
      6.535787196,
      6.638200291,
      6.40388178,
      6.510135614,
      6.552870074,
      6.581802286,
      6.285681664,
      6.489720185,
      6.60693385,
      6.645349201,
      6.57533985,
      6.521599853,
      6.510387577,
      6.660627658,
      6.653612592,
      6.461894492,
      6.453595881,
      6.614687375,
      6.396468241,
      6.585619793,
      6.482328515,
      6.592140491,
      6.605458684,
      6.593020119,
      6.48395928,
      6.386538195,
      6.523543779,
      6.501260587,
      6.597473487,
      6.448252806,
      6.430403766,
      6.533333036,
      6.42018345,
      6.467348254
    ]
  },
  "warmup": {
    "times": [

    ]
  },
  "requests": {
    "times": [

    ]
  }
}
