{
  "version": 2,
  "settings": {
    "startup_iters": 50,
    "random_seed": 16541799507913229037,
    "worker_iterations": 0,
    "warmup_iterations": 0,
    "workers": 30,
    "puma_processes": 10,
    "puma_threads": 6,
    "port_num": 4567,
    "out_dir": ".",
    "discourse_revision": "02fb86916f5265ad8318c4415229753428c68eaf"
  },
  "environment": {
    "RUBY_VERSION": "2.4.1",
    "RUBY_DESCRIPTION": "ruby 2.4.1p111 (2017-03-22 revision 58053) [x86_64-linux]",
    "rvm current": "ext-mri-2.4.1"
  },
  "startup": {
    "times": [
      5.938133441,
      5.858493848,
      5.836519149,
      5.904469351,
      5.89181795,
      5.958412097,
      5.837970617,
      5.911561832,
      5.825365817,
      5.955013965,
      5.73760595,
      5.850905462,
      6.032946778,
      5.769665328,
      5.842411307,
      5.782740802,
      5.828011258,
      6.00611722,
      5.707117716,
      5.843008754,
      5.834165055,
      5.746768522,
      5.959351498,
      5.826549323,
      5.88275286,
      5.871496686,
      5.838020447,
      5.83562271,
      5.915740826,
      5.882069879,
      5.949350723,
      5.843447846,
      5.923705032,
      5.90556766,
      5.885410774,
      5.843067115,
      5.735673823,
      5.843098465,
      5.75458565,
      5.852629801,
      5.78078648,
      5.803779177,
      5.886280982,
      5.83728608,
      5.981634089,
      5.941428385,
      5.697419204,
      6.046721384,
      5.828950963,
      5.881606353
    ]
  },
  "warmup": {
    "times": [

    ]
  },
  "requests": {
    "times": [

    ]
  }
}
