{
  "version": 2,
  "settings": {
    "startup_iters": 150,
    "random_seed": 16541799507913229037,
    "worker_iterations": 0,
    "warmup_iterations": 0,
    "workers": 30,
    "puma_processes": 10,
    "puma_threads": 6,
    "port_num": 4567,
    "out_dir": ".",
    "discourse_revision": "a6ef10d61374a4d420799e7410a67b0afaeec637"
  },
  "environment": {
    "RUBY_VERSION": "2.2.7",
    "rvm current": "ext-mri-2.2.7"
  },
  "startup": {
    "times": [
      7.80511331,
      7.872498128,
      7.712864311,
      7.942731403,
      7.860721615,
      7.887359264,
      7.931973399,
      7.832361213,
      7.841576265,
      7.828972901,
      7.715323357,
      7.833453734,
      7.829748247,
      7.810308181,
      7.780357159,
      7.770178104,
      7.791800145,
      7.845957051,
      7.665426957,
      7.738487917,
      8.006896002,
      7.866265795,
      7.783574388,
      7.926586993,
      7.973931955,
      7.764282026,
      7.86739197,
      7.832208231,
      7.855076583,
      7.643182363,
      7.899776067,
      8.046736763,
      7.729686458,
      7.639091668,
      7.982162603,
      7.748171068,
      7.758897539,
      7.785317227,
      7.682054964,
      7.724971966,
      7.874681116,
      7.622808051,
      7.800174787,
      7.879042124,
      7.880290993,
      7.933809049,
      7.907863287,
      7.776724171,
      7.786910653,
      7.902959612,
      7.979319747,
      7.84692844,
      7.677393709,
      7.894182242,
      7.830956472,
      7.839858115,
      7.984019854,
      7.763215499,
      7.739485586,
      7.94300844,
      7.792683199,
      7.911592004,
      7.744204033,
      7.924038563,
      7.81288523,
      7.744321409,
      7.647851565,
      7.784788868,
      7.868845745,
      7.750800831,
      7.833179988,
      7.917819712,
      7.943409137,
      7.784022825,
      7.643269686,
      7.878532115,
      7.941895661,
      7.527927207,
      7.895369899,
      7.830429085,
      8.006072357,
      7.715107575,
      7.546788632,
      7.833587886,
      7.832364875,
      7.957146828,
      7.599402473,
      7.760818534,
      7.717869236,
      7.75541949,
      7.780113048,
      7.8232163,
      7.858346746,
      7.802251091,
      7.860616123,
      7.761081243,
      7.769666137,
      7.754481653,
      7.845238623,
      7.637665378,
      7.722620842,
      7.872935529,
      7.729941395,
      7.863427396,
      7.725658451,
      7.969356826,
      7.79410862,
      7.894893046,
      7.860137672,
      7.929046785,
      7.83911548,
      7.835156709,
      7.824478093,
      7.840790858,
      7.750085224,
      7.98463871,
      7.688902789,
      7.804582978,
      7.716446448,
      7.741525738,
      7.918982547,
      7.704957873,
      7.839700558,
      7.836854141,
      7.696337282,
      7.834088165,
      7.859935108,
      7.897969383,
      7.794684304,
      7.948211378,
      7.847604361,
      7.806531055,
      7.994282963,
      7.866014519,
      7.950189051,
      7.770041581,
      7.868035951,
      7.675393498,
      7.718360224,
      7.845909276,
      7.852339649,
      7.820407417,
      7.69616381,
      7.900725764,
      7.809447809,
      7.824036722,
      7.842539489,
      7.985397759,
      7.671561522,
      7.782068447
    ]
  },
  "warmup": {
    "times": [

    ]
  },
  "requests": {
    "times": [

    ]
  }
}
