{
  "version": 2,
  "settings": {
    "startup_iters": 50,
    "random_seed": 16541799507913229037,
    "worker_iterations": 0,
    "warmup_iterations": 0,
    "workers": 30,
    "puma_processes": 10,
    "puma_threads": 6,
    "port_num": 4567,
    "out_dir": ".",
    "discourse_revision": "02fb86916f5265ad8318c4415229753428c68eaf"
  },
  "environment": {
    "RUBY_VERSION": "2.4.1",
    "RUBY_DESCRIPTION": "ruby 2.4.1p111 (2017-03-22 revision 58053) [x86_64-linux]",
    "rvm current": "ext-mri-2.4.1"
  },
  "startup": {
    "times": [
      5.785211961,
      5.743360144,
      5.920448852,
      5.762246562,
      6.023272662,
      5.920560632,
      5.789467107,
      5.873622483,
      5.807758948,
      5.830035208,
      5.862957441,
      5.712521207,
      5.690616217,
      5.960479573,
      5.802322527,
      5.82952119,
      5.869816772,
      5.941057024,
      5.913942507,
      5.875280552,
      5.9783607,
      5.785222842,
      5.829441977,
      5.877270735,
      5.896384811,
      5.733733731,
      5.888011544,
      5.817271931,
      5.851475985,
      5.814618228,
      5.824247574,
      5.970669881,
      5.820085627,
      5.864485262,
      5.785725965,
      5.893725161,
      5.945939283,
      5.763452186,
      5.85957014,
      5.912476594,
      5.798681063,
      5.830039007,
      5.905909405,
      5.890021574,
      5.949638325,
      5.831038925,
      5.796917618,
      5.894041284,
      5.860545518,
      5.919272122
    ]
  },
  "warmup": {
    "times": [

    ]
  },
  "requests": {
    "times": [

    ]
  }
}
