{
  "version": 2,
  "settings": {
    "startup_iters": 50,
    "random_seed": 16541799507913229037,
    "worker_iterations": 0,
    "warmup_iterations": 0,
    "workers": 30,
    "puma_processes": 10,
    "puma_threads": 6,
    "port_num": 4567,
    "out_dir": ".",
    "discourse_revision": "02fb86916f5265ad8318c4415229753428c68eaf"
  },
  "environment": {
    "RUBY_VERSION": "2.4.1",
    "RUBY_DESCRIPTION": "ruby 2.4.1p111 (2017-03-22 revision 58053) [x86_64-linux]",
    "rvm current": "ext-mri-2.4.1"
  },
  "startup": {
    "times": [
      5.934881392,
      5.620587074,
      5.856124624,
      5.937255322,
      5.85754415,
      5.866162048,
      5.801164629,
      5.779788409,
      5.802279953,
      5.917229554,
      5.694800236,
      6.066442756,
      5.982798059,
      5.874352954,
      5.816487454,
      5.711157903,
      5.853991587,
      5.850689658,
      5.910185902,
      5.974216673,
      5.890666299,
      5.763876759,
      5.876260273,
      5.856136545,
      5.87329384,
      5.833875249,
      5.995677344,
      5.817305897,
      5.912878087,
      5.874551461,
      5.810351201,
      5.77786088,
      5.804314962,
      5.797349593,
      5.800706786,
      5.895282296,
      5.849193013,
      5.863007609,
      5.898617677,
      5.772210044,
      5.839232351,
      5.871957168,
      5.973869065,
      5.814338467,
      5.81289738,
      5.75397418,
      5.824776562,
      5.941547855,
      5.785278567,
      5.883737408
    ]
  },
  "warmup": {
    "times": [

    ]
  },
  "requests": {
    "times": [

    ]
  }
}
