{
  "version": 2,
  "settings": {
    "startup_iters": 50,
    "random_seed": 16541799507913229037,
    "worker_iterations": 0,
    "warmup_iterations": 0,
    "workers": 30,
    "puma_processes": 10,
    "puma_threads": 6,
    "port_num": 4567,
    "out_dir": ".",
    "discourse_revision": "02fb86916f5265ad8318c4415229753428c68eaf"
  },
  "environment": {
    "RUBY_VERSION": "2.4.1",
    "RUBY_DESCRIPTION": "ruby 2.4.1p111 (2017-03-22 revision 58053) [x86_64-linux]",
    "rvm current": "ext-mri-2.4.1"
  },
  "startup": {
    "times": [
      5.854292629,
      5.934343944,
      5.79807023,
      5.783990352,
      5.880524639,
      5.978669055,
      5.878675686,
      5.81834892,
      5.797289123,
      5.890500471,
      5.811731683,
      5.865689634,
      5.775909209,
      5.86541195,
      5.924346326,
      5.950076621,
      5.816671781,
      5.758581572,
      5.694042108,
      5.822191367,
      5.869253311,
      5.950196389,
      5.949259936,
      5.773366239,
      5.866536044,
      5.908213935,
      5.697318976,
      6.019838864,
      5.782245622,
      5.848461071,
      5.806439142,
      5.841659037,
      5.813736813,
      5.921049617,
      5.802566832,
      5.90246951,
      5.813986303,
      6.03445087,
      5.727282498,
      5.983795495,
      5.921329422,
      5.922619676,
      5.878986247,
      5.831029984,
      5.803262904,
      6.009513303,
      5.815781255,
      5.87466063,
      5.826355867,
      5.98595047
    ]
  },
  "warmup": {
    "times": [

    ]
  },
  "requests": {
    "times": [

    ]
  }
}
