{
  "version": 2,
  "settings": {
    "startup_iters": 50,
    "random_seed": 16541799507913229037,
    "worker_iterations": 0,
    "warmup_iterations": 0,
    "workers": 30,
    "puma_processes": 10,
    "puma_threads": 6,
    "port_num": 4567,
    "out_dir": ".",
    "discourse_revision": "02fb86916f5265ad8318c4415229753428c68eaf"
  },
  "environment": {
    "RUBY_VERSION": "2.3.4",
    "RUBY_DESCRIPTION": "ruby 2.3.4p301 (2017-03-30 revision 58214) [x86_64-linux]",
    "rvm current": "ext-mri-2.3.4"
  },
  "startup": {
    "times": [
      6.441020675,
      6.542739063,
      6.288247774,
      6.642879017,
      6.380885828,
      6.327182096,
      6.553814099,
      6.675211194,
      6.546151047,
      6.514578884,
      6.615892384,
      6.464814146,
      6.383490293,
      6.552805017,
      6.584609954,
      6.599360593,
      6.541297226,
      6.526124647,
      6.523932922,
      6.429859061,
      6.587016973,
      6.633139449,
      6.676657585,
      6.620447084,
      6.637357526,
      6.581797547,
      6.589742163,
      6.665992121,
      6.433208688,
      6.660203851,
      6.61039783,
      6.50093317,
      6.652525811,
      6.536398605,
      6.521041914,
      6.560474944,
      6.580743461,
      6.536304827,
      6.676857191,
      6.476762251,
      6.578102539,
      6.587573526,
      6.644822406,
      6.540632982,
      6.515047597,
      6.542567981,
      6.385333174,
      6.494650538,
      6.516377737,
      6.479910264
    ]
  },
  "warmup": {
    "times": [

    ]
  },
  "requests": {
    "times": [

    ]
  }
}
