{
  "version": 2,
  "settings": {
    "startup_iters": 50,
    "random_seed": 16541799507913229037,
    "worker_iterations": 0,
    "warmup_iterations": 0,
    "workers": 30,
    "puma_processes": 10,
    "puma_threads": 6,
    "port_num": 4567,
    "out_dir": ".",
    "discourse_revision": "02fb86916f5265ad8318c4415229753428c68eaf"
  },
  "environment": {
    "RUBY_VERSION": "2.3.4",
    "RUBY_DESCRIPTION": "ruby 2.3.4p301 (2017-03-30 revision 58214) [x86_64-linux]",
    "rvm current": "ext-mri-2.3.4"
  },
  "startup": {
    "times": [
      6.607307623,
      6.339695252,
      6.602834363,
      6.414174339,
      6.611465288,
      6.430916289,
      6.568230635,
      6.631110449,
      6.48503212,
      6.400455483,
      6.553397724,
      6.531113544,
      6.639854384,
      6.469969631,
      6.57966394,
      6.442555472,
      6.588278463,
      6.507690444,
      6.605026575,
      6.542589556,
      6.528429679,
      6.633887093,
      6.430063191,
      6.565983359,
      6.569984789,
      6.548264587,
      6.51480903,
      6.430278874,
      6.669180778,
      6.48234456,
      6.575679674,
      6.541965139,
      6.653514444,
      6.665480699,
      6.637606602,
      6.586558355,
      6.574802152,
      6.6144931,
      6.589477706,
      6.551756425,
      6.56857724,
      6.447319003,
      6.352601951,
      6.4492749,
      6.604064944,
      6.46879625,
      6.588644075,
      6.608015489,
      6.689701647,
      6.432876482
    ]
  },
  "warmup": {
    "times": [

    ]
  },
  "requests": {
    "times": [

    ]
  }
}
