{
  "version": 2,
  "settings": {
    "startup_iters": 50,
    "random_seed": 16541799507913229037,
    "worker_iterations": 0,
    "warmup_iterations": 0,
    "workers": 30,
    "puma_processes": 10,
    "puma_threads": 6,
    "port_num": 4567,
    "out_dir": ".",
    "discourse_revision": "02fb86916f5265ad8318c4415229753428c68eaf"
  },
  "environment": {
    "RUBY_VERSION": "2.4.1",
    "RUBY_DESCRIPTION": "ruby 2.4.1p111 (2017-03-22 revision 58053) [x86_64-linux]",
    "rvm current": "ext-mri-2.4.1"
  },
  "startup": {
    "times": [
      5.840724292,
      5.875677351,
      5.95544658,
      5.630015627,
      5.867150064,
      5.888601054,
      5.923131063,
      5.630717045,
      5.783221843,
      5.798653359,
      5.733176429,
      5.821452502,
      5.931978789,
      5.883710162,
      5.890212947,
      5.804153932,
      5.873756672,
      5.910035871,
      5.90284675,
      5.840350619,
      5.863913479,
      5.870167355,
      5.778242992,
      5.855250701,
      5.788353938,
      5.853968889,
      5.890388946,
      5.930704391,
      5.793946986,
      5.772365407,
      5.847484054,
      5.904020219,
      5.939562237,
      5.86331103,
      5.773204034,
      5.867069703,
      5.735946746,
      5.822610259,
      5.806611782,
      5.87920423,
      5.795694782,
      5.899544803,
      5.82080175,
      5.715284366,
      5.916641475,
      5.73392108,
      5.879270064,
      5.998294723,
      5.940505949,
      5.873840377
    ]
  },
  "warmup": {
    "times": [

    ]
  },
  "requests": {
    "times": [

    ]
  }
}
