{
  "version": 2,
  "settings": {
    "startup_iters": 50,
    "random_seed": 16541799507913229037,
    "worker_iterations": 0,
    "warmup_iterations": 0,
    "workers": 30,
    "puma_processes": 10,
    "puma_threads": 6,
    "port_num": 4567,
    "out_dir": ".",
    "discourse_revision": "02fb86916f5265ad8318c4415229753428c68eaf"
  },
  "environment": {
    "RUBY_VERSION": "2.4.1",
    "RUBY_DESCRIPTION": "ruby 2.4.1p111 (2017-03-22 revision 58053) [x86_64-linux]",
    "rvm current": "ext-mri-2.4.1"
  },
  "startup": {
    "times": [
      5.789824838,
      5.938372153,
      5.816894066,
      5.979905331,
      5.762874332,
      5.821222583,
      5.795200075,
      5.877081844,
      5.720733725,
      5.873725023,
      5.915192795,
      5.822121815,
      5.999176165,
      5.918670273,
      5.760914099,
      5.847159188,
      5.846591427,
      5.936564937,
      5.807888402,
      5.84900951,
      5.93861247,
      5.90179395,
      5.838294906,
      5.868536064,
      5.907341877,
      5.79970332,
      5.790129197,
      5.776354977,
      5.74946805,
      5.87297428,
      5.820876641,
      5.941669843,
      5.702714271,
      5.879769981,
      5.746886981,
      5.836053872,
      5.905214028,
      5.683428821,
      5.881015306,
      5.975535629,
      6.003856899,
      5.724598116,
      5.878298373,
      5.817978431,
      5.798248104,
      5.983011171,
      5.846476738,
      5.87631781,
      5.850539282,
      5.958574236
    ]
  },
  "warmup": {
    "times": [

    ]
  },
  "requests": {
    "times": [

    ]
  }
}
