{
  "version": 2,
  "settings": {
    "startup_iters": 50,
    "random_seed": 16541799507913229037,
    "worker_iterations": 0,
    "warmup_iterations": 0,
    "workers": 30,
    "puma_processes": 10,
    "puma_threads": 6,
    "port_num": 4567,
    "out_dir": ".",
    "discourse_revision": "02fb86916f5265ad8318c4415229753428c68eaf"
  },
  "environment": {
    "RUBY_VERSION": "2.4.1",
    "RUBY_DESCRIPTION": "ruby 2.4.1p111 (2017-03-22 revision 58053) [x86_64-linux]",
    "rvm current": "ext-mri-2.4.1"
  },
  "startup": {
    "times": [
      5.819699646,
      5.732836429,
      5.782485178,
      5.803848399,
      5.906136818,
      5.866151286,
      5.883365666,
      5.79013134,
      5.861204074,
      5.740035266,
      6.018024621,
      5.85406198,
      5.848392866,
      5.721261997,
      5.912337656,
      5.78711201,
      5.854865933,
      5.698569325,
      5.851094543,
      5.863008824,
      5.881826453,
      5.834642187,
      5.857435644,
      5.851599289,
      5.755796594,
      5.847383089,
      5.776959497,
      5.812452269,
      5.81875312,
      5.899163358,
      5.835918424,
      5.811296357,
      5.743473144,
      5.731986354,
      5.84086749,
      5.911872946,
      5.757747178,
      5.883481031,
      5.915853973,
      5.662327671,
      5.905009098,
      5.955609926,
      5.818988088,
      5.713518525,
      5.793451849,
      5.750061344,
      5.97058164,
      5.832027373,
      5.71315912,
      5.857033458
    ]
  },
  "warmup": {
    "times": [

    ]
  },
  "requests": {
    "times": [

    ]
  }
}
