{
  "version": 2,
  "settings": {
    "startup_iters": 50,
    "random_seed": 16541799507913229037,
    "worker_iterations": 0,
    "warmup_iterations": 0,
    "workers": 30,
    "puma_processes": 10,
    "puma_threads": 6,
    "port_num": 4567,
    "out_dir": ".",
    "discourse_revision": "02fb86916f5265ad8318c4415229753428c68eaf"
  },
  "environment": {
    "RUBY_VERSION": "2.3.4",
    "RUBY_DESCRIPTION": "ruby 2.3.4p301 (2017-03-30 revision 58214) [x86_64-linux]",
    "rvm current": "ext-mri-2.3.4"
  },
  "startup": {
    "times": [
      6.533820602,
      6.418028998,
      6.503115442,
      6.537190107,
      6.631508911,
      6.532910939,
      6.312273646,
      6.443457361,
      6.466249111,
      6.293397413,
      6.437923688,
      6.656770084,
      6.556525573,
      6.431208299,
      6.426052231,
      6.412798824,
      6.422246292,
      6.637459876,
      6.510400731,
      6.523279715,
      6.633710205,
      6.538359352,
      6.267188422,
      6.362618837,
      6.583465515,
      6.493490431,
      6.536301558,
      6.745790599,
      6.54397807,
      6.561277782,
      6.530248024,
      6.601027506,
      6.247986017,
      6.654680607,
      6.664647292,
      6.544711431,
      6.519987593,
      6.486012728,
      6.471119488,
      6.528958006,
      6.502545984,
      6.39865647,
      6.354236337,
      6.681241023,
      6.691985846,
      6.685126614,
      6.547764026,
      6.531820866,
      6.532207159,
      6.455919166
    ]
  },
  "warmup": {
    "times": [

    ]
  },
  "requests": {
    "times": [

    ]
  }
}
