{
  "version": 2,
  "settings": {
    "startup_iters": 50,
    "random_seed": 16541799507913229037,
    "worker_iterations": 0,
    "warmup_iterations": 0,
    "workers": 30,
    "puma_processes": 10,
    "puma_threads": 6,
    "port_num": 4567,
    "out_dir": ".",
    "discourse_revision": "02fb86916f5265ad8318c4415229753428c68eaf"
  },
  "environment": {
    "RUBY_VERSION": "2.3.4",
    "RUBY_DESCRIPTION": "ruby 2.3.4p301 (2017-03-30 revision 58214) [x86_64-linux]",
    "rvm current": "ext-mri-2.3.4"
  },
  "startup": {
    "times": [
      6.620224208,
      6.624246279,
      6.406958453,
      6.560741943,
      6.366191335,
      6.487068427,
      6.413529011,
      6.603178816,
      6.604119414,
      6.590959306,
      6.390144888,
      6.500380226,
      6.432439031,
      6.482766036,
      6.642014647,
      6.570290461,
      6.499150002,
      6.583665898,
      6.436829711,
      6.507037178,
      6.448951574,
      6.506262872,
      6.513182554,
      6.548673283,
      6.588214057,
      6.409616275,
      6.589616402,
      6.643426342,
      6.4884723,
      6.543622536,
      6.58767123,
      6.556042896,
      6.545321417,
      6.471647473,
      6.657039561,
      6.594962371,
      6.462034198,
      6.380850744,
      6.531217032,
      6.462937366,
      6.427096511,
      6.516537111,
      6.625127653,
      6.53767142,
      6.551366064,
      6.552093142,
      6.337309471,
      6.634604544,
      6.480329568,
      6.634485964
    ]
  },
  "warmup": {
    "times": [

    ]
  },
  "requests": {
    "times": [

    ]
  }
}
