{
  "version": 2,
  "settings": {
    "startup_iters": 50,
    "random_seed": 16541799507913229037,
    "worker_iterations": 0,
    "warmup_iterations": 0,
    "workers": 30,
    "puma_processes": 10,
    "puma_threads": 6,
    "port_num": 4567,
    "out_dir": ".",
    "discourse_revision": "02fb86916f5265ad8318c4415229753428c68eaf"
  },
  "environment": {
    "RUBY_VERSION": "2.3.4",
    "RUBY_DESCRIPTION": "ruby 2.3.4p301 (2017-03-30 revision 58214) [x86_64-linux]",
    "rvm current": "ext-mri-2.3.4"
  },
  "startup": {
    "times": [
      6.609629677,
      6.625259122,
      6.507221366,
      6.614061267,
      6.433736303,
      6.620083246,
      6.534890639,
      6.61606108,
      6.41539445,
      6.571075582,
      6.497366659,
      6.527815445,
      6.453470879,
      6.544198745,
      6.41888326,
      6.601451455,
      6.514642473,
      6.594515735,
      6.506189573,
      6.698274433,
      6.631676994,
      6.60555269,
      6.601449186,
      6.643814267,
      6.461930454,
      6.735204036,
      6.412942445,
      6.579214975,
      6.387874094,
      6.386691689,
      6.552176365,
      6.387312498,
      6.489374314,
      6.570883098,
      6.599448342,
      6.614031379,
      6.517666199,
      6.567363389,
      6.492511346,
      6.545377173,
      6.649450619,
      6.355692141,
      6.55916918,
      6.643038904,
      6.342274885,
      6.585755799,
      6.512675321,
      6.460370173,
      6.490990316,
      6.553200635
    ]
  },
  "warmup": {
    "times": [

    ]
  },
  "requests": {
    "times": [

    ]
  }
}
