{
  "version": 2,
  "settings": {
    "startup_iters": 50,
    "random_seed": 16541799507913229037,
    "worker_iterations": 0,
    "warmup_iterations": 0,
    "workers": 30,
    "puma_processes": 10,
    "puma_threads": 6,
    "port_num": 4567,
    "out_dir": ".",
    "discourse_revision": "02fb86916f5265ad8318c4415229753428c68eaf"
  },
  "environment": {
    "RUBY_VERSION": "2.4.1",
    "RUBY_DESCRIPTION": "ruby 2.4.1p111 (2017-03-22 revision 58053) [x86_64-linux]",
    "rvm current": "ext-mri-2.4.1"
  },
  "startup": {
    "times": [
      5.887328147,
      5.918241326,
      5.837609465,
      5.711635183,
      5.877683348,
      5.835334508,
      5.736245963,
      5.736662967,
      5.763313924,
      5.795842534,
      5.775761422,
      5.784352815,
      5.970100348,
      5.790535032,
      5.924382441,
      5.820749538,
      5.825731994,
      5.793741912,
      5.921653791,
      5.897685516,
      5.849420102,
      5.984302552,
      5.749924426,
      5.942365941,
      5.721152003,
      5.853498217,
      5.959028462,
      5.844511923,
      5.821080321,
      5.750984372,
      5.787411437,
      5.729134049,
      5.854927442,
      5.816231746,
      5.848010005,
      5.833504663,
      5.568913076,
      5.840116317,
      5.816458076,
      5.843951071,
      5.751810847,
      5.95362621,
      5.949645921,
      5.83717353,
      5.894916207,
      5.829426521,
      5.789542925,
      6.081226161,
      5.790772994,
      5.89400321
    ]
  },
  "warmup": {
    "times": [

    ]
  },
  "requests": {
    "times": [

    ]
  }
}
