{
  "version": 2,
  "settings": {
    "startup_iters": 150,
    "random_seed": 16541799507913229037,
    "worker_iterations": 0,
    "warmup_iterations": 0,
    "workers": 30,
    "puma_processes": 10,
    "puma_threads": 6,
    "port_num": 4567,
    "out_dir": ".",
    "discourse_revision": "a6ef10d61374a4d420799e7410a67b0afaeec637"
  },
  "environment": {
    "RUBY_VERSION": "2.1.10",
    "rvm current": "ext-mri-2.1.10"
  },
  "startup": {
    "times": [
      7.820625755,
      7.716781922,
      7.815490709,
      7.891750304,
      8.032837297,
      7.962390851,
      7.775057871,
      7.878115947,
      7.850287325,
      7.894259885,
      7.857543936,
      7.94581493,
      7.81377623,
      7.77807098,
      7.863606618,
      7.793061159,
      7.819065113,
      7.790464807,
      7.841606351,
      7.924592907,
      7.85958118,
      7.940180385,
      7.857185558,
      7.756548291,
      7.822536948,
      7.894325989,
      7.848504668,
      7.755796021,
      7.81702044,
      7.71778695,
      7.760196681,
      7.759589151,
      7.977380907,
      8.091133778,
      7.833415904,
      7.931640079,
      7.972755905,
      7.631074417,
      7.846356816,
      7.795358641,
      7.780849918,
      7.865162,
      7.856811184,
      7.891955477,
      7.934167669,
      8.000260945,
      7.926276466,
      7.927711696,
      7.915078125,
      7.918142052,
      7.892816956,
      7.900562893,
      7.943682754,
      7.936212875,
      7.982171511,
      7.920102158,
      7.998728082,
      7.901729447,
      7.751943224,
      7.962861352,
      7.91651768,
      7.998291688,
      7.846625168,
      7.807621503,
      7.761319131,
      7.818261139,
      7.976341002,
      7.796502166,
      7.688481642,
      7.827873698,
      7.804232308,
      7.938436196,
      7.863258693,
      7.956099358,
      7.971992992,
      7.953205031,
      7.695458602,
      7.847036245,
      7.89993528,
      7.90474348,
      7.867321644,
      7.763401794,
      7.75021967,
      7.853689606,
      7.828610773,
      7.921245232,
      7.768224953,
      7.834892513,
      7.953866424,
      7.940576366,
      7.896650545,
      7.943222102,
      7.946498133,
      7.85109664,
      7.928840632,
      7.814414984,
      7.844237292,
      7.950099347,
      7.720888855,
      7.919212245,
      7.873558004,
      7.844259778,
      7.893368071,
      7.947174217,
      7.940606185,
      7.724495527,
      7.985727485,
      7.846637908,
      7.870222616,
      7.75958314,
      7.991617432,
      7.810722306,
      7.874676776,
      7.724234448,
      7.93844885,
      7.965901566,
      7.912122044,
      7.98707532,
      7.833338667,
      7.766705822,
      7.760227417,
      8.003536814,
      7.637205881,
      7.844625992,
      7.707815906,
      7.76968289,
      7.77572671,
      7.945486341,
      7.880002006,
      7.859743098,
      7.891970391,
      7.838895491,
      7.803593964,
      8.027234849,
      7.977268318,
      7.94792773,
      7.889911496,
      7.960952488,
      7.849867717,
      7.880913871,
      7.935918681,
      8.012121799,
      7.857284762,
      7.963450066,
      7.799649768,
      7.657863317,
      7.843238839,
      7.801566536,
      7.869117941,
      8.000145492
    ]
  },
  "warmup": {
    "times": [

    ]
  },
  "requests": {
    "times": [

    ]
  }
}
