{
  "version": 2,
  "settings": {
    "startup_iters": 150,
    "random_seed": 16541799507913229037,
    "worker_iterations": 0,
    "warmup_iterations": 0,
    "workers": 30,
    "puma_processes": 10,
    "puma_threads": 6,
    "port_num": 4567,
    "out_dir": ".",
    "discourse_revision": "a6ef10d61374a4d420799e7410a67b0afaeec637"
  },
  "environment": {
    "RUBY_VERSION": "2.1.10",
    "rvm current": "ext-mri-2.1.10"
  },
  "startup": {
    "times": [
      7.857733685,
      7.964290274,
      8.003994061,
      7.773849342,
      7.941834414,
      7.878805674,
      7.877074855,
      7.783077171,
      7.88420254,
      7.978152272,
      7.726051867,
      7.936682171,
      7.812028782,
      7.910857312,
      7.896669871,
      7.745592024,
      7.832339849,
      7.881377718,
      7.899918166,
      7.805365473,
      7.615142954,
      7.867982835,
      7.788398648,
      7.993780599,
      7.723739992,
      7.952651908,
      7.787513657,
      7.943286912,
      7.737905309,
      7.868368742,
      7.850310689,
      7.891275937,
      7.8363678,
      7.92144961,
      7.917707479,
      8.02672627,
      7.86525679,
      7.963266554,
      7.731882815,
      7.904691821,
      7.823597288,
      7.978373909,
      8.024729729,
      7.819351486,
      7.79100958,
      7.886906521,
      7.86152118,
      7.882147684,
      7.862808394,
      7.679353956,
      7.90214908,
      7.782954084,
      7.95511357,
      7.73607894,
      7.658597451,
      7.905145545,
      7.869777979,
      7.904160491,
      8.004663252,
      7.810911966,
      7.978909347,
      7.803018214,
      7.904431659,
      7.698173458,
      7.906139073,
      7.837253278,
      7.905472465,
      7.916746321,
      7.722789536,
      7.888043222,
      7.907015035,
      7.844593987,
      7.833893229,
      7.992987865,
      7.778094724,
      7.960701166,
      7.740500486,
      7.81027896,
      7.88646658,
      7.874157234,
      7.870795956,
      7.910051699,
      7.878199019,
      7.798804325,
      7.883787338,
      7.850030429,
      7.945265544,
      7.924312552,
      7.907408212,
      7.843751188,
      7.925988683,
      8.036905837,
      8.008744462,
      7.790625768,
      7.703332312,
      7.771944092,
      7.859682472,
      7.901724831,
      7.906073825,
      7.753456983,
      7.875784007,
      7.929169463,
      7.720702028,
      8.09465954,
      7.853180503,
      7.815244469,
      7.893690655,
      8.016647239,
      7.555447044,
      7.791197912,
      7.885251181,
      7.957824846,
      8.024656173,
      8.019210762,
      7.861853553,
      7.893405543,
      7.869124363,
      8.050164182,
      7.881559563,
      7.75533482,
      7.892656737,
      8.009188695,
      7.946128338,
      7.951983299,
      7.875785527,
      7.963203103,
      7.793615484,
      7.926800771,
      7.912605343,
      7.728332638,
      7.839016748,
      7.944602719,
      7.976307901,
      7.86605598,
      7.940821961,
      7.841651172,
      8.001955632,
      7.896847104,
      7.978265779,
      7.890198952,
      7.99626111,
      7.671500362,
      8.09819846,
      7.842740645,
      7.781952559,
      7.75475166,
      7.652165889,
      7.996475259,
      7.875909319,
      7.74380064
    ]
  },
  "warmup": {
    "times": [

    ]
  },
  "requests": {
    "times": [

    ]
  }
}
