{
  "version": 2,
  "settings": {
    "startup_iters": 50,
    "random_seed": 16541799507913229037,
    "worker_iterations": 0,
    "warmup_iterations": 0,
    "workers": 30,
    "puma_processes": 10,
    "puma_threads": 6,
    "port_num": 4567,
    "out_dir": ".",
    "discourse_revision": "02fb86916f5265ad8318c4415229753428c68eaf"
  },
  "environment": {
    "RUBY_VERSION": "2.4.1",
    "RUBY_DESCRIPTION": "ruby 2.4.1p111 (2017-03-22 revision 58053) [x86_64-linux]",
    "rvm current": "ext-mri-2.4.1"
  },
  "startup": {
    "times": [
      5.90137077,
      5.848072727,
      5.809175092,
      5.870097776,
      5.883952131,
      5.787753666,
      5.915566311,
      5.789751348,
      5.783593038,
      5.800313142,
      5.863534987,
      5.929014573,
      5.746594664,
      5.877781204,
      5.884706524,
      5.811567171,
      5.964029663,
      5.793815956,
      5.820670208,
      5.8591261,
      5.720389246,
      6.054047529,
      5.858406787,
      6.011006518,
      5.900408127,
      5.935062271,
      5.948812392,
      5.862750952,
      5.789048062,
      5.934071053,
      5.849048466,
      5.899791229,
      5.838375897,
      5.786239983,
      5.913519718,
      5.801433575,
      5.723050637,
      6.040243575,
      5.910130256,
      5.870125977,
      5.799582651,
      5.856104624,
      5.952253414,
      5.88591728,
      5.748475881,
      5.816860546,
      5.756828255,
      5.792446588,
      5.859852525,
      5.758067655
    ]
  },
  "warmup": {
    "times": [

    ]
  },
  "requests": {
    "times": [

    ]
  }
}
