{
  "version": 2,
  "settings": {
    "startup_iters": 50,
    "random_seed": 16541799507913229037,
    "worker_iterations": 0,
    "warmup_iterations": 0,
    "workers": 30,
    "puma_processes": 10,
    "puma_threads": 6,
    "port_num": 4567,
    "out_dir": ".",
    "discourse_revision": "02fb86916f5265ad8318c4415229753428c68eaf"
  },
  "environment": {
    "RUBY_VERSION": "2.3.4",
    "RUBY_DESCRIPTION": "ruby 2.3.4p301 (2017-03-30 revision 58214) [x86_64-linux]",
    "rvm current": "ext-mri-2.3.4"
  },
  "startup": {
    "times": [
      6.561614752,
      6.487081304,
      6.487031929,
      6.802001574,
      6.569560333,
      6.685349675,
      6.674731239,
      6.549994292,
      6.43124745,
      6.479103608,
      6.473312322,
      6.556674158,
      6.520389612,
      6.581501528,
      6.502947255,
      6.556657994,
      6.655619955,
      6.688140015,
      6.426198158,
      6.49703593,
      6.450800362,
      6.59608776,
      6.670767637,
      6.607907945,
      6.610550624,
      6.492546368,
      6.573080673,
      6.480111522,
      6.633217961,
      6.553662728,
      6.718311355,
      6.482763999,
      6.496412263,
      6.492188333,
      6.494199999,
      6.470470915,
      6.304932474,
      6.605476629,
      6.501114532,
      6.557982245,
      6.524333294,
      6.516262915,
      6.676211759,
      6.373262986,
      6.605725913,
      6.44569442,
      6.477727386,
      6.493751022,
      6.653411624,
      6.56119746
    ]
  },
  "warmup": {
    "times": [

    ]
  },
  "requests": {
    "times": [

    ]
  }
}
