{
  "version": 2,
  "settings": {
    "startup_iters": 150,
    "random_seed": 16541799507913229037,
    "worker_iterations": 0,
    "warmup_iterations": 0,
    "workers": 30,
    "puma_processes": 10,
    "puma_threads": 6,
    "port_num": 4567,
    "out_dir": ".",
    "discourse_revision": "a6ef10d61374a4d420799e7410a67b0afaeec637"
  },
  "environment": {
    "RUBY_VERSION": "2.1.10",
    "rvm current": "ext-mri-2.1.10"
  },
  "startup": {
    "times": [
      7.930855229,
      7.761643926,
      7.951658464,
      7.970955423,
      7.924149933,
      7.81875938,
      7.839931823,
      7.86253134,
      7.90226319,
      7.836080801,
      7.843945191,
      7.833399118,
      7.888212069,
      7.850849473,
      7.958052972,
      7.977846818,
      7.870188337,
      7.74915758,
      7.819894224,
      7.743237841,
      7.810784667,
      7.926930096,
      7.74474845,
      7.84464204,
      7.800155038,
      7.789833796,
      7.824341574,
      7.77336049,
      7.795101578,
      7.981665975,
      8.058317413,
      7.968563322,
      7.829937693,
      7.792636849,
      7.991270858,
      7.776456141,
      7.833063081,
      7.74932424,
      7.855192901,
      7.939836697,
      8.032104567,
      7.975313198,
      7.810936386,
      7.902944232,
      7.699128665,
      7.93182842,
      7.973601174,
      7.802155044,
      7.935641082,
      7.698666704,
      7.997120623,
      7.836073157,
      7.824505564,
      7.743194284,
      7.839851411,
      7.789778977,
      7.823508758,
      8.047770457,
      7.888787284,
      7.853304022,
      7.959477364,
      7.850594413,
      7.844590066,
      7.884547573,
      7.902626712,
      7.818351131,
      7.946549954,
      7.929553821,
      7.958332148,
      7.565197006,
      7.788909969,
      7.999583645,
      7.824897249,
      7.977445683,
      7.756359976,
      7.93012758,
      7.8908359,
      7.909327206,
      7.945800931,
      7.8698753,
      7.830382653,
      7.958327149,
      7.846577209,
      7.906908451,
      7.886120543,
      7.876418241,
      7.995535052,
      7.936838439,
      7.942690867,
      7.976262755,
      7.961101454,
      7.88553327,
      7.952442155,
      8.029432145,
      7.867729007,
      7.900245062,
      7.723959613,
      7.94181232,
      7.78296182,
      7.932892025,
      7.955229008,
      7.910130065,
      7.787189134,
      7.842153579,
      7.87966047,
      7.800287414,
      7.80177425,
      7.889056694,
      7.682671087,
      7.62161198,
      7.933027702,
      7.795955049,
      7.743943128,
      7.932975684,
      7.787674229,
      8.065449261,
      7.920707363,
      8.017948139,
      7.885585373,
      7.878667991,
      8.008381724,
      8.032126303,
      7.733861488,
      7.991414176,
      7.749759034,
      8.039581986,
      7.745186108,
      7.869306714,
      7.82484085,
      8.090699059,
      7.886112075,
      7.673051978,
      8.104692013,
      7.875549743,
      7.93424303,
      8.011028368,
      7.889716451,
      7.887873697,
      7.938031207,
      7.757804679,
      8.029391933,
      7.997445078,
      7.784154771,
      7.856390625,
      7.874575182,
      7.755530872,
      7.783075313,
      7.810441309,
      7.889290758,
      7.741533834
    ]
  },
  "warmup": {
    "times": [

    ]
  },
  "requests": {
    "times": [

    ]
  }
}
