{
  "version": 2,
  "settings": {
    "startup_iters": 50,
    "random_seed": 16541799507913229037,
    "worker_iterations": 0,
    "warmup_iterations": 0,
    "workers": 30,
    "puma_processes": 10,
    "puma_threads": 6,
    "port_num": 4567,
    "out_dir": ".",
    "discourse_revision": "02fb86916f5265ad8318c4415229753428c68eaf"
  },
  "environment": {
    "RUBY_VERSION": "2.3.4",
    "RUBY_DESCRIPTION": "ruby 2.3.4p301 (2017-03-30 revision 58214) [x86_64-linux]",
    "rvm current": "ext-mri-2.3.4"
  },
  "startup": {
    "times": [
      6.776987506,
      6.492609265,
      6.49605129,
      6.521963168,
      6.66715076,
      6.501818071,
      6.558664398,
      6.524466112,
      6.459165199,
      6.382684418,
      6.515454396,
      6.507021132,
      6.62147294,
      6.504543409,
      6.590539597,
      6.445255507,
      6.58687603,
      6.592930104,
      6.656154305,
      6.689613322,
      6.491290649,
      6.739742292,
      6.640033251,
      6.512100503,
      6.703729443,
      6.544025458,
      6.475160188,
      6.418593891,
      6.669345281,
      6.500287028,
      6.545623979,
      6.453289548,
      6.559981126,
      6.453855202,
      6.597785118,
      6.753514806,
      6.518463851,
      6.643428422,
      6.478306427,
      6.535879864,
      6.706921823,
      6.485074634,
      6.518956527,
      6.450065447,
      6.510810313,
      6.476280601,
      6.652187121,
      6.48932111,
      6.616597846,
      6.488192251
    ]
  },
  "warmup": {
    "times": [

    ]
  },
  "requests": {
    "times": [

    ]
  }
}
