{
  "version": 2,
  "settings": {
    "startup_iters": 50,
    "random_seed": 16541799507913229037,
    "worker_iterations": 0,
    "warmup_iterations": 0,
    "workers": 30,
    "puma_processes": 10,
    "puma_threads": 6,
    "port_num": 4567,
    "out_dir": ".",
    "discourse_revision": "02fb86916f5265ad8318c4415229753428c68eaf"
  },
  "environment": {
    "RUBY_VERSION": "2.3.4",
    "RUBY_DESCRIPTION": "ruby 2.3.4p301 (2017-03-30 revision 58214) [x86_64-linux]",
    "rvm current": "ext-mri-2.3.4"
  },
  "startup": {
    "times": [
      6.543365168,
      6.317281236,
      6.511571006,
      6.691649493,
      6.544299728,
      6.536098749,
      6.43721998,
      6.720705486,
      6.445504498,
      6.415804182,
      6.625941361,
      6.460335538,
      6.26252835,
      6.608858267,
      6.51268701,
      6.625704022,
      6.538986786,
      6.594302522,
      6.578149639,
      6.47496989,
      6.537636056,
      6.489447331,
      6.573370647,
      6.514690984,
      6.592436701,
      6.635398307,
      6.592053569,
      6.4766606,
      6.643637615,
      6.685646515,
      6.665480328,
      6.530329036,
      6.54896085,
      6.578432558,
      6.575084947,
      6.425391946,
      6.360739639,
      6.523787795,
      6.578850814,
      6.609612141,
      6.422155321,
      6.66897899,
      6.43967211,
      6.52663558,
      6.684307583,
      6.556537031,
      6.655712231,
      6.544467726,
      6.48862858,
      6.495290834
    ]
  },
  "warmup": {
    "times": [

    ]
  },
  "requests": {
    "times": [

    ]
  }
}
