{
  "version": 2,
  "settings": {
    "startup_iters": 50,
    "random_seed": 16541799507913229037,
    "worker_iterations": 0,
    "warmup_iterations": 0,
    "workers": 30,
    "puma_processes": 10,
    "puma_threads": 6,
    "port_num": 4567,
    "out_dir": ".",
    "discourse_revision": "02fb86916f5265ad8318c4415229753428c68eaf"
  },
  "environment": {
    "RUBY_VERSION": "2.4.1",
    "RUBY_DESCRIPTION": "ruby 2.4.1p111 (2017-03-22 revision 58053) [x86_64-linux]",
    "rvm current": "ext-mri-2.4.1"
  },
  "startup": {
    "times": [
      5.864393881,
      5.898013365,
      5.8894643,
      5.803633231,
      5.807753477,
      5.913739135,
      5.807032764,
      5.870503655,
      5.850565456,
      5.722042247,
      5.839092474,
      5.872221545,
      5.818135305,
      5.87883259,
      5.896540337,
      5.984920679,
      5.809592873,
      5.659263475,
      5.925755624,
      5.873184368,
      5.877548619,
      5.778230229,
      5.835548816,
      5.885216094,
      5.798697335,
      5.747361704,
      5.919432685,
      5.877153433,
      5.861177819,
      5.840297816,
      5.920306284,
      5.873551662,
      5.641775943,
      5.890578252,
      5.928707547,
      5.862021458,
      5.845037089,
      5.76374113,
      5.921488973,
      5.796820292,
      5.844144018,
      5.928400178,
      5.840170579,
      5.703142503,
      5.864205339,
      5.889775929,
      5.869392736,
      5.894657873,
      5.882058809,
      5.867549056
    ]
  },
  "warmup": {
    "times": [

    ]
  },
  "requests": {
    "times": [

    ]
  }
}
