{
  "version": 2,
  "settings": {
    "startup_iters": 50,
    "random_seed": 16541799507913229037,
    "worker_iterations": 0,
    "warmup_iterations": 0,
    "workers": 30,
    "puma_processes": 10,
    "puma_threads": 6,
    "port_num": 4567,
    "out_dir": ".",
    "discourse_revision": "02fb86916f5265ad8318c4415229753428c68eaf"
  },
  "environment": {
    "RUBY_VERSION": "2.3.4",
    "RUBY_DESCRIPTION": "ruby 2.3.4p301 (2017-03-30 revision 58214) [x86_64-linux]",
    "rvm current": "ext-mri-2.3.4"
  },
  "startup": {
    "times": [
      6.443501181,
      6.570844398,
      6.704152463,
      6.608534005,
      6.560127241,
      6.547844546,
      6.526353192,
      6.485457296,
      6.547694219,
      6.619687535,
      6.495568354,
      6.613535401,
      6.423331162,
      6.531051241,
      6.575378321,
      6.415058869,
      6.465070507,
      6.555419054,
      6.579085675,
      6.549242025,
      6.506433332,
      6.812511547,
      6.394690348,
      6.491392616,
      6.522326392,
      6.554464869,
      6.422933536,
      6.438866427,
      6.5750687,
      6.74827971,
      6.548301928,
      6.647729221,
      6.523864928,
      6.645873699,
      6.632589849,
      6.498418526,
      6.661551969,
      6.563709405,
      6.595945171,
      6.54708802,
      6.522261647,
      6.606357528,
      6.45273673,
      6.442862736,
      6.560932233,
      6.6409556,
      6.503530499,
      6.474839358,
      6.519353584,
      6.557870661
    ]
  },
  "warmup": {
    "times": [

    ]
  },
  "requests": {
    "times": [

    ]
  }
}
