{
  "version": 2,
  "settings": {
    "startup_iters": 50,
    "random_seed": 16541799507913229037,
    "worker_iterations": 0,
    "warmup_iterations": 0,
    "workers": 30,
    "puma_processes": 10,
    "puma_threads": 6,
    "port_num": 4567,
    "out_dir": ".",
    "discourse_revision": "02fb86916f5265ad8318c4415229753428c68eaf"
  },
  "environment": {
    "RUBY_VERSION": "2.3.4",
    "RUBY_DESCRIPTION": "ruby 2.3.4p301 (2017-03-30 revision 58214) [x86_64-linux]",
    "rvm current": "ext-mri-2.3.4"
  },
  "startup": {
    "times": [
      6.609556732,
      6.431676312,
      6.601469061,
      6.500303844,
      6.48102522,
      6.48583165,
      6.401026425,
      6.665209053,
      6.523451306,
      6.527994138,
      6.504857029,
      6.521269686,
      6.530738485,
      6.565070597,
      6.449763844,
      6.516570541,
      6.49971328,
      6.621302204,
      6.545929087,
      6.491016027,
      6.456407568,
      6.446333068,
      6.607095726,
      6.594197746,
      6.549341131,
      6.605142931,
      6.566757171,
      6.628056485,
      6.495142162,
      6.634326953,
      6.403455099,
      6.388044494,
      6.420092198,
      6.569679813,
      6.573788852,
      6.571072745,
      6.319122781,
      6.573949878,
      6.529447938,
      6.558590284,
      6.614210706,
      6.592490541,
      6.57478989,
      6.505347703,
      6.529928696,
      6.463189495,
      6.670860462,
      6.508248152,
      6.542920107,
      6.649132845
    ]
  },
  "warmup": {
    "times": [

    ]
  },
  "requests": {
    "times": [

    ]
  }
}
