{
  "version": 2,
  "settings": {
    "startup_iters": 150,
    "random_seed": 16541799507913229037,
    "worker_iterations": 0,
    "warmup_iterations": 0,
    "workers": 30,
    "puma_processes": 10,
    "puma_threads": 6,
    "port_num": 4567,
    "out_dir": ".",
    "discourse_revision": "a6ef10d61374a4d420799e7410a67b0afaeec637"
  },
  "environment": {
    "RUBY_VERSION": "2.2.7",
    "rvm current": "ext-mri-2.2.7"
  },
  "startup": {
    "times": [
      7.879003265,
      7.933312138,
      7.8245535,
      7.911986997,
      7.834662255,
      7.95726347,
      7.615431226,
      7.932425224,
      7.618690346,
      7.885132412,
      7.849946926,
      7.867858073,
      7.926661428,
      7.744990637,
      7.856631893,
      7.874251696,
      7.861344919,
      7.833401623,
      7.764313285,
      7.827316715,
      7.804657615,
      7.745307197,
      7.839241286,
      7.97027008,
      7.861238386,
      7.859312619,
      7.792136089,
      7.855618594,
      7.775940074,
      7.950486752,
      7.854599632,
      7.716505736,
      7.704533402,
      7.912348923,
      7.823986037,
      7.899461261,
      7.731812667,
      7.886540364,
      7.721602434,
      7.774425807,
      7.870951905,
      7.766273845,
      7.932511789,
      7.834829393,
      7.675251057,
      7.705379207,
      7.724302789,
      7.804920003,
      7.757323684,
      7.895094012,
      7.626242387,
      7.588634895,
      7.795783211,
      7.796425462,
      7.686107633,
      7.874832784,
      7.739173311,
      7.841943631,
      7.908151101,
      7.723879191,
      7.757881314,
      7.71610921,
      7.864308857,
      7.706535659,
      7.736203132,
      7.785689869,
      7.802066784,
      7.928823909,
      7.717517606,
      7.887121406,
      7.889864655,
      7.76541386,
      7.727311775,
      7.884054671,
      7.912637852,
      7.983470092,
      7.852625226,
      7.766293254,
      7.774831026,
      7.80948453,
      7.848393821,
      7.850622773,
      7.90977022,
      7.936503652,
      7.844289215,
      7.88296024,
      7.74587557,
      7.89689057,
      7.92577576,
      7.817542436,
      7.694175052,
      7.936253182,
      7.892184639,
      7.795375836,
      7.873261794,
      7.856504055,
      7.930814722,
      7.75564228,
      7.790092808,
      7.828164081,
      7.991748623,
      7.774820045,
      7.848032243,
      7.616287628,
      7.787698968,
      7.78452,
      7.72673087,
      7.88763167,
      7.794643628,
      7.580276678,
      7.879113051,
      7.901178484,
      7.856741568,
      8.066191281,
      7.753025433,
      7.906093174,
      7.831612668,
      7.760673401,
      7.893750055,
      7.753796448,
      7.776458104,
      7.715600623,
      7.836637802,
      7.833554364,
      7.843515201,
      7.90562186,
      7.58062508,
      7.839603512,
      7.576564712,
      7.894118738,
      7.89623671,
      7.747938844,
      7.876345283,
      7.771107824,
      7.885667188,
      7.737763069,
      7.819154128,
      7.861775364,
      7.641500032,
      7.631869763,
      7.883942702,
      8.000212578,
      7.840099335,
      7.976291292,
      7.480673448,
      7.8649506,
      7.927137417,
      7.779974776,
      7.854310679,
      7.709359371
    ]
  },
  "warmup": {
    "times": [

    ]
  },
  "requests": {
    "times": [

    ]
  }
}
