{
  "version": 2,
  "settings": {
    "startup_iters": 150,
    "random_seed": 16541799507913229037,
    "worker_iterations": 0,
    "warmup_iterations": 0,
    "workers": 30,
    "puma_processes": 10,
    "puma_threads": 6,
    "port_num": 4567,
    "out_dir": ".",
    "discourse_revision": "a6ef10d61374a4d420799e7410a67b0afaeec637"
  },
  "environment": {
    "RUBY_VERSION": "2.0.0",
    "rvm current": "ext-mri-2.0.0"
  },
  "startup": {
    "times": [
      9.89660991,
      9.76110973,
      9.798939352,
      9.908898063,
      9.909325181,
      9.798554116,
      9.941379039,
      9.906638415,
      9.89861152,
      9.693574054,
      9.986952793,
      9.795468087,
      9.848317153,
      10.051799791,
      9.768833378,
      9.933495423,
      9.709446202,
      10.070784722,
      10.024281692,
      9.810124617,
      9.893364181,
      9.974709871,
      9.952559116,
      9.961071645,
      9.772679075,
      9.993681077,
      9.816866254,
      10.056679121,
      9.996787117,
      9.963634011,
      9.987319832,
      9.777422585,
      9.850336118,
      9.746689889,
      9.959648427,
      9.771545468,
      9.927642326,
      9.934338845,
      10.009482953,
      10.025147651,
      9.685156866,
      9.747121659,
      9.751235402,
      9.889894103,
      9.916395479,
      9.943562626,
      9.995133852,
      9.873915303,
      9.934882267,
      9.791492461,
      9.662401354,
      9.744849297,
      9.733172828,
      9.907281197,
      9.851464098,
      9.789731077,
      9.939937126,
      9.829390373,
      9.754560218,
      10.05146664,
      9.832372043,
      9.673684103,
      9.83627481,
      9.845148098,
      10.068232517,
      9.644012587,
      9.844476329,
      9.875228131,
      9.741762683,
      10.031529442,
      9.852268216,
      9.967321973,
      9.930531377,
      9.899681957,
      9.911240652,
      10.006281051,
      9.873910805,
      9.992252739,
      9.589463929,
      9.989235518,
      9.834381071,
      9.90480413,
      9.894971797,
      9.954321496,
      9.908865658,
      9.754237907,
      9.965623985,
      9.996103036,
      10.025094753,
      10.062226984,
      9.903557067,
      9.897749753,
      9.88494945,
      10.007672229,
      9.829147049,
      9.99463553,
      9.96350157,
      9.757277558,
      9.762265766,
      9.79593232,
      9.982859637,
      9.89812561,
      9.977394111,
      9.916336971,
      10.042425019,
      9.936621251,
      9.843807607,
      9.711458041,
      9.913152969,
      9.855768231,
      9.930505889,
      10.134756536,
      9.906945229,
      9.934310132,
      9.849083226,
      9.844923403,
      9.998543283,
      9.835814401,
      9.946712205,
      9.936974811,
      9.82777549,
      9.905852216,
      9.961578131,
      9.714278449,
      10.024308918,
      9.79852535,
      9.976326982,
      9.975043063,
      9.905660805,
      9.914604349,
      9.992876363,
      9.721252283,
      9.801739787,
      9.710658078,
      9.981705986,
      9.970197872,
      9.713068356,
      10.058604825,
      9.930399943,
      9.82901906,
      9.991141627,
      9.744697575,
      9.841571153,
      9.895422774,
      9.928462132,
      9.949940101,
      9.724432283,
      9.766224933,
      9.919244393,
      9.882974251
    ]
  },
  "warmup": {
    "times": [

    ]
  },
  "requests": {
    "times": [

    ]
  }
}
