{
  "version": 2,
  "settings": {
    "startup_iters": 50,
    "random_seed": 16541799507913229037,
    "worker_iterations": 0,
    "warmup_iterations": 0,
    "workers": 30,
    "puma_processes": 10,
    "puma_threads": 6,
    "port_num": 4567,
    "out_dir": ".",
    "discourse_revision": "02fb86916f5265ad8318c4415229753428c68eaf"
  },
  "environment": {
    "RUBY_VERSION": "2.3.4",
    "RUBY_DESCRIPTION": "ruby 2.3.4p301 (2017-03-30 revision 58214) [x86_64-linux]",
    "rvm current": "ext-mri-2.3.4"
  },
  "startup": {
    "times": [
      6.531232332,
      6.547545576,
      6.60595831,
      6.587426891,
      6.622958761,
      6.541242526,
      6.462316841,
      6.556548507,
      6.376176429,
      6.321423873,
      6.624768103,
      6.444913261,
      6.395913379,
      6.61277363,
      6.263717387,
      6.440188966,
      6.554591641,
      6.561382485,
      6.182736819,
      6.493015696,
      6.552635178,
      6.507310491,
      6.595321257,
      6.586389911,
      6.590264309,
      6.479509455,
      6.649061755,
      6.582316961,
      6.50442991,
      6.46303889,
      6.489822548,
      6.558544337,
      6.614697977,
      6.65890094,
      6.518587441,
      6.601354614,
      6.36055086,
      6.567688257,
      6.377569687,
      6.401493972,
      6.364102354,
      6.627980028,
      6.511396474,
      6.430550742,
      6.450033859,
      6.556502213,
      6.548260136,
      6.505205947,
      6.520776163,
      6.578561579
    ]
  },
  "warmup": {
    "times": [

    ]
  },
  "requests": {
    "times": [

    ]
  }
}
