{
  "version": 2,
  "settings": {
    "startup_iters": 50,
    "random_seed": 16541799507913229037,
    "worker_iterations": 0,
    "warmup_iterations": 0,
    "workers": 30,
    "puma_processes": 10,
    "puma_threads": 6,
    "port_num": 4567,
    "out_dir": ".",
    "discourse_revision": "02fb86916f5265ad8318c4415229753428c68eaf"
  },
  "environment": {
    "RUBY_VERSION": "2.4.1",
    "RUBY_DESCRIPTION": "ruby 2.4.1p111 (2017-03-22 revision 58053) [x86_64-linux]",
    "rvm current": "ext-mri-2.4.1"
  },
  "startup": {
    "times": [
      5.889921234,
      5.945725429,
      5.794264229,
      5.875639088,
      5.730812679,
      5.87005065,
      5.990213179,
      5.671137077,
      5.750658035,
      5.860810476,
      5.883016321,
      5.806912623,
      5.896942675,
      5.896775138,
      5.83740328,
      5.789750971,
      5.77836359,
      5.863113695,
      5.663725526,
      5.82576265,
      5.902425306,
      5.911676859,
      5.944826863,
      5.840400533,
      5.906686863,
      5.816871462,
      5.792805208,
      5.943178737,
      5.71585808,
      5.874830943,
      5.80048462,
      5.795881737,
      5.770403194,
      5.824726735,
      5.8157283,
      5.794501838,
      5.800912885,
      5.846329145,
      5.829465844,
      5.955719388,
      5.855395607,
      5.819362656,
      6.006734064,
      5.835342608,
      5.821952274,
      5.900372509,
      5.960225894,
      5.854256525,
      5.906899792,
      5.810877246
    ]
  },
  "warmup": {
    "times": [

    ]
  },
  "requests": {
    "times": [

    ]
  }
}
