{
  "version": 2,
  "settings": {
    "startup_iters": 150,
    "random_seed": 16541799507913229037,
    "worker_iterations": 0,
    "warmup_iterations": 0,
    "workers": 30,
    "puma_processes": 10,
    "puma_threads": 6,
    "port_num": 4567,
    "out_dir": ".",
    "discourse_revision": "a6ef10d61374a4d420799e7410a67b0afaeec637"
  },
  "environment": {
    "RUBY_VERSION": "2.2.7",
    "rvm current": "ext-mri-2.2.7"
  },
  "startup": {
    "times": [
      7.883530048,
      8.004437877,
      7.588852788,
      7.815311157,
      7.718143877,
      7.833095603,
      7.835482183,
      7.87936036,
      7.833459587,
      7.753262869,
      7.797039502,
      7.641850177,
      7.733459897,
      7.594324859,
      7.819842664,
      7.858076969,
      7.69377618,
      7.722116172,
      7.884181013,
      7.759585275,
      7.858546362,
      7.759596074,
      7.815798482,
      7.795710923,
      8.002424005,
      7.861039931,
      7.860828703,
      7.76274374,
      7.806679719,
      7.552273818,
      7.495069072,
      7.857573942,
      7.789682625,
      7.944158522,
      7.649892494,
      7.841141999,
      7.710846431,
      7.789047375,
      7.880817511,
      7.959292152,
      7.735624487,
      7.655987455,
      7.86248231,
      7.793524352,
      7.809295233,
      7.80142458,
      7.838448419,
      7.834913492,
      7.825680321,
      7.793286642,
      7.817051195,
      7.918268255,
      7.714567285,
      7.843361484,
      7.695244056,
      8.00993375,
      7.785768577,
      7.598993154,
      7.668202094,
      7.910627803,
      7.940569954,
      7.818508792,
      7.858473524,
      7.987899786,
      7.778400784,
      7.932394846,
      7.674705184,
      7.755005246,
      7.838431699,
      7.801287062,
      7.867604811,
      7.679746399,
      7.845509451,
      7.8086042,
      7.955154882,
      7.796243984,
      7.736493531,
      7.721699725,
      7.918686139,
      7.89284376,
      7.894113829,
      7.696529061,
      8.075014872,
      7.863486088,
      7.881183333,
      7.906382865,
      7.880915512,
      7.870065689,
      7.77187642,
      7.731181329,
      7.778458252,
      7.819454782,
      7.782860563,
      7.997366612,
      7.680573837,
      7.66976563,
      7.834691683,
      7.534622323,
      7.764161797,
      7.861326099,
      7.776744559,
      7.855958929,
      7.780432929,
      7.89960159,
      7.875006506,
      7.701747616,
      7.835992237,
      7.903891901,
      7.825349893,
      7.771833462,
      7.597070425,
      7.838365579,
      7.873740041,
      7.814799756,
      7.680964225,
      7.760348647,
      7.868554885,
      7.901213663,
      7.673910949,
      7.816823735,
      7.772482023,
      7.731931188,
      7.875322638,
      7.690757992,
      7.741267197,
      7.702488297,
      7.578233274,
      7.880224111,
      7.942948245,
      7.900465118,
      7.869069546,
      7.925401662,
      7.72109913,
      7.937540128,
      7.782454067,
      7.788611396,
      7.813436493,
      7.626185127,
      7.832699358,
      7.673201032,
      7.618617293,
      7.857693216,
      7.726620304,
      7.730031882,
      7.885111711,
      7.823919461,
      7.974159415,
      7.869303523,
      7.850054392,
      7.706317427
    ]
  },
  "warmup": {
    "times": [

    ]
  },
  "requests": {
    "times": [

    ]
  }
}
