{
  "version": 2,
  "settings": {
    "startup_iters": 50,
    "random_seed": 16541799507913229037,
    "worker_iterations": 0,
    "warmup_iterations": 0,
    "workers": 30,
    "puma_processes": 10,
    "puma_threads": 6,
    "port_num": 4567,
    "out_dir": ".",
    "discourse_revision": "02fb86916f5265ad8318c4415229753428c68eaf"
  },
  "environment": {
    "RUBY_VERSION": "2.4.1",
    "RUBY_DESCRIPTION": "ruby 2.4.1p111 (2017-03-22 revision 58053) [x86_64-linux]",
    "rvm current": "ext-mri-2.4.1"
  },
  "startup": {
    "times": [
      6.018159266,
      5.95953064,
      5.931538952,
      5.875560747,
      5.914429864,
      5.897978126,
      5.932621521,
      5.892199684,
      5.80427582,
      5.920628845,
      5.821509292,
      5.921645416,
      5.936595427,
      5.86814591,
      5.825167341,
      5.967041419,
      5.949474863,
      5.84887919,
      5.770520186,
      5.868964295,
      5.827921939,
      5.857052866,
      5.836449803,
      5.810258214,
      5.904173423,
      5.874641589,
      5.876666012,
      5.857664329,
      5.816017004,
      5.855781869,
      5.825166432,
      5.860213109,
      5.853270626,
      5.725249471,
      5.76904856,
      5.808359358,
      5.836943423,
      5.756152249,
      5.945310924,
      5.708054038,
      5.66488462,
      5.780495337,
      5.998150372,
      5.703879495,
      5.881422025,
      6.008393761,
      5.815012071,
      5.961355505,
      5.756811696,
      5.856769484
    ]
  },
  "warmup": {
    "times": [

    ]
  },
  "requests": {
    "times": [

    ]
  }
}
