{
  "version": 2,
  "settings": {
    "startup_iters": 50,
    "random_seed": 16541799507913229037,
    "worker_iterations": 0,
    "warmup_iterations": 0,
    "workers": 30,
    "puma_processes": 10,
    "puma_threads": 6,
    "port_num": 4567,
    "out_dir": ".",
    "discourse_revision": "02fb86916f5265ad8318c4415229753428c68eaf"
  },
  "environment": {
    "RUBY_VERSION": "2.3.4",
    "RUBY_DESCRIPTION": "ruby 2.3.4p301 (2017-03-30 revision 58214) [x86_64-linux]",
    "rvm current": "ext-mri-2.3.4"
  },
  "startup": {
    "times": [
      6.460432598,
      6.545863294,
      6.627683892,
      6.559527034,
      6.624199999,
      6.381235386,
      6.559747691,
      6.543262572,
      6.512009394,
      6.71590252,
      6.397445349,
      6.441245429,
      6.509713262,
      6.574863264,
      6.600671355,
      6.718501159,
      6.548518506,
      6.494856736,
      6.633853842,
      6.534045481,
      6.553949366,
      6.57291322,
      6.576044645,
      6.45945391,
      6.464626156,
      6.612889282,
      6.525502189,
      6.372900625,
      6.626536095,
      6.534707994,
      6.473087303,
      6.498586793,
      6.482667518,
      6.664850972,
      6.545457537,
      6.600690871,
      6.598494193,
      6.522970373,
      6.349835816,
      6.538079687,
      6.538488201,
      6.381497505,
      6.56909223,
      6.728822732,
      6.477893661,
      6.54955741,
      6.678896576,
      6.499627824,
      6.646140715,
      6.610375742
    ]
  },
  "warmup": {
    "times": [

    ]
  },
  "requests": {
    "times": [

    ]
  }
}
