{
  "version": 2,
  "settings": {
    "startup_iters": 50,
    "random_seed": 16541799507913229037,
    "worker_iterations": 0,
    "warmup_iterations": 0,
    "workers": 30,
    "puma_processes": 10,
    "puma_threads": 6,
    "port_num": 4567,
    "out_dir": ".",
    "discourse_revision": "02fb86916f5265ad8318c4415229753428c68eaf"
  },
  "environment": {
    "RUBY_VERSION": "2.3.4",
    "RUBY_DESCRIPTION": "ruby 2.3.4p301 (2017-03-30 revision 58214) [x86_64-linux]",
    "rvm current": "ext-mri-2.3.4"
  },
  "startup": {
    "times": [
      6.572200525,
      6.474655013,
      6.725694893,
      6.622244071,
      6.506852704,
      6.508845689,
      6.508341015,
      6.685152697,
      6.439644301,
      6.458751972,
      6.35955275,
      6.662030973,
      6.50180696,
      6.550277522,
      6.655383292,
      6.608270872,
      6.490386263,
      6.297555329,
      6.56727963,
      6.384791893,
      6.488549958,
      6.629454997,
      6.555014584,
      6.593037446,
      6.655299634,
      6.349770441,
      6.519291185,
      6.623070945,
      6.554884866,
      6.621904627,
      6.522989154,
      6.399971432,
      6.498507475,
      6.487212818,
      6.591914094,
      6.47154429,
      6.595007405,
      6.517370975,
      6.559617967,
      6.602821377,
      6.52331058,
      6.548135737,
      6.602564591,
      6.436966616,
      6.449220527,
      6.563759668,
      6.579729141,
      6.590031566,
      6.446397512,
      6.733790632
    ]
  },
  "warmup": {
    "times": [

    ]
  },
  "requests": {
    "times": [

    ]
  }
}
