{
  "version": 2,
  "settings": {
    "startup_iters": 50,
    "random_seed": 16541799507913229037,
    "worker_iterations": 0,
    "warmup_iterations": 0,
    "workers": 30,
    "puma_processes": 10,
    "puma_threads": 6,
    "port_num": 4567,
    "out_dir": ".",
    "discourse_revision": "02fb86916f5265ad8318c4415229753428c68eaf"
  },
  "environment": {
    "RUBY_VERSION": "2.4.1",
    "RUBY_DESCRIPTION": "ruby 2.4.1p111 (2017-03-22 revision 58053) [x86_64-linux]",
    "rvm current": "ext-mri-2.4.1"
  },
  "startup": {
    "times": [
      5.741358718,
      5.855937685,
      5.796260454,
      5.897828222,
      5.982906389,
      5.904216541,
      5.878261091,
      5.726870712,
      5.847166683,
      5.714287345,
      5.745278163,
      5.740814324,
      5.886600146,
      5.833172513,
      5.983830887,
      5.726920958,
      5.962088537,
      5.812370499,
      5.873818538,
      5.88092672,
      5.853978773,
      5.846616773,
      5.809691236,
      5.782839426,
      5.977182843,
      5.928713345,
      5.798586847,
      5.799598389,
      5.776027648,
      5.835393057,
      5.81582866,
      5.951494514,
      5.819411275,
      5.966204765,
      5.785611328,
      5.798453096,
      5.877705087,
      5.838537612,
      5.863103145,
      5.809053219,
      5.931341021,
      5.99751588,
      5.953107681,
      5.809417706,
      5.704068567,
      5.93777675,
      5.956407394,
      5.95395477,
      5.737682478,
      5.833313363
    ]
  },
  "warmup": {
    "times": [

    ]
  },
  "requests": {
    "times": [

    ]
  }
}
