{
  "version": 2,
  "settings": {
    "startup_iters": 150,
    "random_seed": 16541799507913229037,
    "worker_iterations": 0,
    "warmup_iterations": 0,
    "workers": 30,
    "puma_processes": 10,
    "puma_threads": 6,
    "port_num": 4567,
    "out_dir": ".",
    "discourse_revision": "a6ef10d61374a4d420799e7410a67b0afaeec637"
  },
  "environment": {
    "RUBY_VERSION": "2.2.7",
    "rvm current": "ext-mri-2.2.7"
  },
  "startup": {
    "times": [
      7.819830388,
      7.796512513,
      7.69857095,
      7.80256418,
      7.879618675,
      7.627892807,
      7.760377518,
      7.882952549,
      7.640287621,
      7.875991004,
      7.822670536,
      7.929244298,
      7.824010475,
      7.79154835,
      7.767281752,
      7.800269441,
      7.955637794,
      7.830840884,
      7.789802482,
      7.892192445,
      7.8690111,
      7.811082637,
      7.925276591,
      7.930132731,
      7.970836729,
      7.851852835,
      7.784197249,
      7.870378336,
      7.557030978,
      7.959111406,
      7.91339839,
      7.844784651,
      7.840663216,
      7.900869258,
      7.769931542,
      7.672877266,
      7.875902437,
      7.818819275,
      7.760179371,
      7.961686951,
      7.784832759,
      7.708268069,
      7.689335558,
      7.877067638,
      7.851958959,
      7.906523111,
      7.854176334,
      7.606597575,
      7.80447631,
      7.841507587,
      7.863038659,
      7.763201839,
      7.944791512,
      7.807531679,
      7.833458737,
      7.847339066,
      7.762929325,
      7.803321468,
      7.81284323,
      7.900638648,
      7.831046509,
      7.88968468,
      7.876774025,
      7.776196375,
      7.801287075,
      7.803440708,
      7.851584608,
      7.895043894,
      7.965711738,
      7.696758601,
      7.814321113,
      7.722006418,
      7.692022825,
      7.732586409,
      7.819448883,
      7.791456262,
      7.690007337,
      7.862948215,
      7.818124641,
      7.777783363,
      7.840190825,
      7.7372626,
      7.626015641,
      7.927261997,
      7.907079782,
      7.947480822,
      7.811596977,
      7.580365077,
      7.820916621,
      7.91630625,
      7.806585799,
      7.82069477,
      7.723384414,
      7.922684896,
      7.796801587,
      7.863972277,
      7.613837879,
      7.819398667,
      7.70080936,
      7.666833741,
      7.785422592,
      7.952760142,
      7.563026392,
      7.870352847,
      7.82152574,
      7.739547283,
      7.624617435,
      7.661671561,
      7.824858442,
      7.835366269,
      7.909977914,
      7.762554488,
      7.849191425,
      7.791235041,
      7.787336263,
      7.651302386,
      7.688718083,
      7.913290846,
      7.759390979,
      7.721680077,
      7.90398989,
      7.941725003,
      7.910218561,
      7.656568975,
      7.887740425,
      7.867263757,
      7.748673881,
      7.735856055,
      7.894516924,
      7.769173733,
      7.960974748,
      7.832333844,
      7.69625662,
      7.885845542,
      7.783477259,
      7.69081039,
      7.72723956,
      7.893079445,
      7.811527657,
      7.729858461,
      7.80316896,
      7.930878514,
      7.97802973,
      7.747195332,
      7.822927746,
      7.897201415,
      7.826232287,
      7.658166201,
      7.695294851,
      7.793050375
    ]
  },
  "warmup": {
    "times": [

    ]
  },
  "requests": {
    "times": [

    ]
  }
}
