{
  "version": 2,
  "settings": {
    "startup_iters": 50,
    "random_seed": 16541799507913229037,
    "worker_iterations": 0,
    "warmup_iterations": 0,
    "workers": 30,
    "puma_processes": 10,
    "puma_threads": 6,
    "port_num": 4567,
    "out_dir": ".",
    "discourse_revision": "02fb86916f5265ad8318c4415229753428c68eaf"
  },
  "environment": {
    "RUBY_VERSION": "2.3.4",
    "RUBY_DESCRIPTION": "ruby 2.3.4p301 (2017-03-30 revision 58214) [x86_64-linux]",
    "rvm current": "ext-mri-2.3.4"
  },
  "startup": {
    "times": [
      6.553005229,
      6.312739815,
      6.557086364,
      6.541150445,
      6.739756139,
      6.562207712,
      6.515838403,
      6.504970727,
      6.570617921,
      6.55663734,
      6.551114042,
      6.551854454,
      6.627871186,
      6.560973724,
      6.578019658,
      6.539015957,
      6.651158925,
      6.552720929,
      6.548848644,
      6.369596501,
      6.696407267,
      6.334924523,
      6.57172454,
      6.455619673,
      6.499928474,
      6.612111792,
      6.645794304,
      6.444627726,
      6.520481062,
      6.543196715,
      6.683462308,
      6.473725797,
      6.506370555,
      6.633813322,
      6.586989885,
      6.617011771,
      6.534206266,
      6.373848532,
      6.541985626,
      6.377056715,
      6.534426932,
      6.465619017,
      6.620302008,
      6.334887089,
      6.516356814,
      6.573782024,
      6.463515505,
      6.596695188,
      6.64628221,
      6.439616254
    ]
  },
  "warmup": {
    "times": [

    ]
  },
  "requests": {
    "times": [

    ]
  }
}
