{
  "version": 2,
  "settings": {
    "startup_iters": 150,
    "random_seed": 16541799507913229037,
    "worker_iterations": 0,
    "warmup_iterations": 0,
    "workers": 30,
    "puma_processes": 10,
    "puma_threads": 6,
    "port_num": 4567,
    "out_dir": ".",
    "discourse_revision": "a6ef10d61374a4d420799e7410a67b0afaeec637"
  },
  "environment": {
    "RUBY_VERSION": "2.2.7",
    "rvm current": "ext-mri-2.2.7"
  },
  "startup": {
    "times": [
      7.796844041,
      7.831034584,
      7.66718378,
      7.883040798,
      7.767516467,
      7.956121039,
      7.874591715,
      7.955681413,
      7.723978277,
      7.845657044,
      7.715413592,
      7.827016061,
      7.795876442,
      7.581190302,
      8.026714113,
      7.803692479,
      7.824711914,
      7.819336163,
      7.775388323,
      7.759950564,
      7.695017178,
      7.707174279,
      7.938498568,
      7.975314536,
      7.884273848,
      7.823844746,
      7.88176962,
      7.912499213,
      7.845502994,
      7.866512328,
      7.906313804,
      7.830873673,
      7.66704682,
      7.828354561,
      7.856817985,
      7.712065199,
      7.80103231,
      7.891800827,
      7.808457876,
      8.024515135,
      7.919258907,
      7.775754081,
      7.783434627,
      7.753838275,
      7.775805156,
      7.941878292,
      7.679650004,
      7.875610238,
      7.99076897,
      7.90830801,
      7.772477596,
      7.779160783,
      7.625372431,
      7.881857001,
      7.767826674,
      7.777219477,
      7.726672461,
      7.806577271,
      7.973965453,
      7.72413745,
      7.787830987,
      7.949481226,
      7.829565807,
      7.662380438,
      7.759185923,
      7.791574767,
      7.929309504,
      7.815816465,
      7.7690043,
      7.787559143,
      7.898756577,
      7.769895773,
      7.783309385,
      7.853051257,
      7.943231975,
      7.714687103,
      7.87359211,
      7.678893187,
      7.92832371,
      7.804556392,
      7.800390996,
      7.740600457,
      7.723586444,
      7.919213071,
      7.876652566,
      7.899499176,
      7.83275693,
      7.734404275,
      7.89038611,
      7.89330892,
      7.838578637,
      7.74673667,
      7.870795498,
      7.729216592,
      7.674303257,
      7.879589216,
      7.909451431,
      7.747233786,
      7.857466576,
      7.744176586,
      7.825771413,
      7.757950163,
      7.757267285,
      7.816951563,
      7.84725903,
      7.748301584,
      7.789922121,
      7.791328667,
      7.699597819,
      7.799970643,
      7.868634801,
      7.807802398,
      8.024380153,
      7.763309369,
      7.789361708,
      7.772550115,
      7.874225298,
      7.761525015,
      7.833363958,
      7.774997187,
      7.883725838,
      7.86553352,
      7.688590242,
      7.804533039,
      7.926136905,
      7.927274789,
      7.778669685,
      7.817753209,
      7.760003527,
      7.759601786,
      7.745705171,
      7.759859108,
      7.678701116,
      7.848401262,
      7.785719172,
      7.695733285,
      7.715293657,
      7.872652808,
      7.887184666,
      7.894051419,
      7.838140015,
      7.953204993,
      7.700958122,
      7.802655529,
      7.833556249,
      7.753727242,
      7.589850378,
      7.653928806,
      7.662251309,
      7.854485511
    ]
  },
  "warmup": {
    "times": [

    ]
  },
  "requests": {
    "times": [

    ]
  }
}
