{
  "version": 2,
  "settings": {
    "startup_iters": 50,
    "random_seed": 16541799507913229037,
    "worker_iterations": 0,
    "warmup_iterations": 0,
    "workers": 30,
    "puma_processes": 10,
    "puma_threads": 6,
    "port_num": 4567,
    "out_dir": ".",
    "discourse_revision": "02fb86916f5265ad8318c4415229753428c68eaf"
  },
  "environment": {
    "RUBY_VERSION": "2.4.1",
    "RUBY_DESCRIPTION": "ruby 2.4.1p111 (2017-03-22 revision 58053) [x86_64-linux]",
    "rvm current": "ext-mri-2.4.1"
  },
  "startup": {
    "times": [
      5.918269794,
      5.766209376,
      5.741733446,
      5.990431419,
      5.883367513,
      5.821183048,
      5.894272147,
      5.881419627,
      5.906794257,
      5.881241024,
      5.865286872,
      5.700062909,
      5.893653114,
      5.876563524,
      5.831816259,
      5.798260433,
      5.834073138,
      5.943467066,
      5.763529916,
      5.650416709,
      6.007919308,
      5.951349959,
      5.673628141,
      5.835668608,
      5.770164925,
      5.828469139,
      5.79981616,
      5.920421099,
      5.815297942,
      5.862153548,
      5.926765943,
      5.891287167,
      5.879000017,
      5.616351211,
      5.730897189,
      5.854781072,
      5.779977381,
      5.917780293,
      5.903361744,
      5.81568375,
      5.778415576,
      5.831588434,
      6.070158204,
      5.940434531,
      5.938990201,
      5.819009106,
      5.705391159,
      5.780016072,
      5.876214498,
      5.842378311
    ]
  },
  "warmup": {
    "times": [

    ]
  },
  "requests": {
    "times": [

    ]
  }
}
