{
  "version": 2,
  "settings": {
    "startup_iters": 50,
    "random_seed": 16541799507913229037,
    "worker_iterations": 0,
    "warmup_iterations": 0,
    "workers": 30,
    "puma_processes": 10,
    "puma_threads": 6,
    "port_num": 4567,
    "out_dir": ".",
    "discourse_revision": "02fb86916f5265ad8318c4415229753428c68eaf"
  },
  "environment": {
    "RUBY_VERSION": "2.4.1",
    "RUBY_DESCRIPTION": "ruby 2.4.1p111 (2017-03-22 revision 58053) [x86_64-linux]",
    "rvm current": "ext-mri-2.4.1"
  },
  "startup": {
    "times": [
      6.003477136,
      5.947908566,
      5.878847967,
      5.834325932,
      5.830984821,
      5.827252351,
      5.713551965,
      5.725560623,
      5.893650288,
      5.779802547,
      5.944502238,
      5.764513442,
      5.810437096,
      5.887735478,
      5.872175197,
      5.772309393,
      5.840413661,
      5.647535666,
      5.958134011,
      5.902594251,
      5.864438853,
      5.924646025,
      5.931097671,
      5.779002545,
      5.812803348,
      5.967745255,
      5.932520465,
      5.978172678,
      5.882908726,
      5.793540736,
      6.061658587,
      5.983149347,
      5.752901703,
      5.876063056,
      5.90771491,
      5.841797396,
      5.876055204,
      5.734485713,
      5.972010268,
      5.784205192,
      5.822045462,
      5.900917348,
      5.971253871,
      5.882977183,
      5.827671278,
      5.852029629,
      5.875620191,
      5.822068241,
      5.8586482,
      5.818910445
    ]
  },
  "warmup": {
    "times": [

    ]
  },
  "requests": {
    "times": [

    ]
  }
}
