{
  "version": 2,
  "settings": {
    "startup_iters": 150,
    "random_seed": 16541799507913229037,
    "worker_iterations": 0,
    "warmup_iterations": 0,
    "workers": 30,
    "puma_processes": 10,
    "puma_threads": 6,
    "port_num": 4567,
    "out_dir": ".",
    "discourse_revision": "a6ef10d61374a4d420799e7410a67b0afaeec637"
  },
  "environment": {
    "RUBY_VERSION": "2.2.7",
    "rvm current": "ext-mri-2.2.7"
  },
  "startup": {
    "times": [
      7.770471788,
      7.844381743,
      7.890265346,
      7.7350338,
      7.643289348,
      7.737352327,
      7.848634038,
      7.907334389,
      7.775456519,
      7.885265787,
      7.785519793,
      7.747311635,
      7.892761554,
      7.675637171,
      7.686233495,
      7.863703237,
      7.812056149,
      7.575471621,
      7.876841016,
      7.732717701,
      7.917560457,
      7.814763418,
      7.860923351,
      7.555381765,
      7.868671095,
      7.766568452,
      7.889134918,
      7.887070793,
      7.803577204,
      7.74433305,
      7.77038321,
      7.917157557,
      7.543217606,
      7.815742041,
      7.887443479,
      7.845438224,
      7.904070829,
      7.770326979,
      7.73298579,
      7.803583011,
      7.91823031,
      7.520567536,
      7.837737126,
      7.912375301,
      7.793671103,
      7.868174524,
      7.793496185,
      8.092815195,
      7.751243082,
      7.790810077,
      7.813825872,
      7.891786004,
      7.890831242,
      7.852178369,
      7.788127611,
      7.869618441,
      7.679369762,
      7.526471884,
      7.73194473,
      7.857291641,
      7.926498204,
      7.532081504,
      7.798492383,
      8.421867658,
      8.070044134,
      7.863208735,
      8.019216332,
      7.852051859,
      7.634667358,
      7.712844365,
      7.866350356,
      7.815525773,
      7.770896043,
      7.851025724,
      7.867425882,
      7.888759926,
      7.889204551,
      7.876499038,
      7.856696133,
      7.737050602,
      7.670726346,
      7.949047886,
      7.888777061,
      7.825556261,
      7.759154302,
      7.808543643,
      7.780690585,
      7.868811254,
      7.807363418,
      7.950353245,
      7.798044703,
      7.803083749,
      7.964108473,
      7.766840437,
      7.91729145,
      7.845437515,
      7.904933804,
      7.729296922,
      7.459074605,
      8.076721431,
      7.842068335,
      7.723977561,
      7.824133454,
      7.783117194,
      7.832781956,
      7.780507087,
      7.832232564,
      7.759323072,
      7.92441024,
      7.815019412,
      7.823370647,
      7.687909962,
      7.932967217,
      7.775450669,
      7.696042286,
      7.717376367,
      7.815623105,
      7.828216053,
      7.872572254,
      7.845144145,
      7.95131352,
      7.766024575,
      7.746613538,
      7.834669808,
      7.823949523,
      7.858651966,
      7.702339112,
      7.653992084,
      7.988540292,
      7.726599748,
      7.818784945,
      7.784646304,
      7.916580149,
      7.808250921,
      7.757494976,
      7.857881673,
      7.632702331,
      7.805979131,
      7.870499501,
      7.890532092,
      7.826586177,
      7.790602328,
      7.749419848,
      7.871009314,
      7.876185502,
      7.909918551,
      7.793934263,
      7.711627144,
      7.67271177,
      7.918824698
    ]
  },
  "warmup": {
    "times": [

    ]
  },
  "requests": {
    "times": [

    ]
  }
}
