{
  "version": 2,
  "settings": {
    "startup_iters": 150,
    "random_seed": 16541799507913229037,
    "worker_iterations": 0,
    "warmup_iterations": 0,
    "workers": 30,
    "puma_processes": 10,
    "puma_threads": 6,
    "port_num": 4567,
    "out_dir": ".",
    "discourse_revision": "a6ef10d61374a4d420799e7410a67b0afaeec637"
  },
  "environment": {
    "RUBY_VERSION": "2.1.10",
    "rvm current": "ext-mri-2.1.10"
  },
  "startup": {
    "times": [
      7.783915727,
      7.670593466,
      7.78012441,
      7.851510068,
      7.929520728,
      7.935512503,
      7.900418676,
      7.769420573,
      7.920355688,
      7.764561056,
      7.970106523,
      7.913431392,
      7.864294936,
      7.884615988,
      7.912653086,
      7.803275358,
      7.955307117,
      7.987418226,
      7.709397498,
      7.748564904,
      7.720110527,
      7.706715168,
      7.799262109,
      7.931122327,
      7.89465866,
      7.875417409,
      7.824852564,
      7.959395657,
      7.847621856,
      7.83062941,
      7.833976539,
      7.872845909,
      7.796960302,
      7.93091621,
      7.880849331,
      7.906747529,
      7.828916197,
      7.810750941,
      7.868398166,
      7.818689476,
      7.832880342,
      7.890109405,
      7.835286518,
      7.753526349,
      7.848721613,
      7.816682792,
      7.930496079,
      7.601791942,
      7.914801763,
      8.037089184,
      7.819615446,
      7.90257802,
      7.930604881,
      7.904826467,
      7.957178544,
      7.986208029,
      7.982391346,
      7.874698464,
      7.982364028,
      7.852520695,
      7.833309344,
      7.931742589,
      7.972701316,
      7.786623325,
      8.028612056,
      7.855367159,
      7.976830259,
      7.7874715,
      7.940628598,
      7.855617978,
      7.769921063,
      7.710735363,
      7.839277358,
      7.935290078,
      7.872546932,
      7.918026395,
      7.72065127,
      7.852479349,
      7.961741308,
      7.750960255,
      7.952549206,
      7.696805664,
      7.79121213,
      7.752892392,
      7.757482152,
      7.939892989,
      7.989499901,
      7.569784782,
      7.900209319,
      7.813922102,
      7.930165388,
      8.015779295,
      7.87869065,
      7.933151269,
      7.86200782,
      7.827392032,
      7.977107059,
      7.912408492,
      7.907584217,
      7.824668511,
      7.643849023,
      8.052966271,
      7.833486257,
      7.950551761,
      7.846106727,
      7.921637379,
      8.016595791,
      7.903437309,
      7.989252828,
      7.847338539,
      7.967931054,
      7.81105761,
      7.993679546,
      7.848339139,
      7.913811808,
      7.847312506,
      7.616775236,
      7.946290994,
      7.778637011,
      7.88020804,
      7.858097523,
      7.900608105,
      7.739389028,
      7.96712246,
      7.722482279,
      7.973728407,
      7.652149748,
      7.85734878,
      7.783633035,
      7.943258984,
      7.87462199,
      7.881957672,
      7.904980738,
      7.731628558,
      7.785362983,
      7.874338077,
      8.047523861,
      7.959785343,
      7.841235107,
      7.800746356,
      7.898069721,
      7.944207126,
      7.887095736,
      7.85846433,
      7.971730219,
      7.770224552,
      7.786901772,
      8.063848733,
      7.870569076,
      7.859693403
    ]
  },
  "warmup": {
    "times": [

    ]
  },
  "requests": {
    "times": [

    ]
  }
}
