{
  "version": 2,
  "settings": {
    "startup_iters": 150,
    "random_seed": 16541799507913229037,
    "worker_iterations": 0,
    "warmup_iterations": 0,
    "workers": 30,
    "puma_processes": 10,
    "puma_threads": 6,
    "port_num": 4567,
    "out_dir": ".",
    "discourse_revision": "a6ef10d61374a4d420799e7410a67b0afaeec637"
  },
  "environment": {
    "RUBY_VERSION": "2.1.10",
    "rvm current": "ext-mri-2.1.10"
  },
  "startup": {
    "times": [
      7.860739816,
      7.710876256,
      7.969081323,
      7.777585613,
      7.581264625,
      7.954131705,
      7.780428433,
      7.848491331,
      7.867804532,
      7.870006243,
      7.967046301,
      7.791881166,
      7.965524944,
      8.06261565,
      7.86834726,
      7.619712124,
      7.882860075,
      7.855574995,
      7.837017244,
      7.873691696,
      7.757232955,
      7.879806078,
      7.921828217,
      7.913261212,
      7.85668029,
      7.94982093,
      7.87799862,
      7.983466354,
      8.029791239,
      8.051148797,
      7.702044873,
      7.718334241,
      8.060369687,
      7.754929401,
      7.87717991,
      7.904461766,
      7.947295979,
      7.961772394,
      7.786981539,
      7.963931631,
      7.686315312,
      7.872979563,
      7.902378585,
      7.857760834,
      7.894704604,
      7.798086979,
      7.89365914,
      7.862224934,
      7.743885596,
      7.8221036,
      7.838070901,
      7.751372304,
      7.813944652,
      7.849885578,
      7.946256431,
      7.913946267,
      7.706913761,
      7.876605905,
      7.868686242,
      7.756005124,
      7.900238035,
      7.920275097,
      7.786339428,
      7.912551269,
      7.88043069,
      7.745850938,
      7.803047552,
      7.910180521,
      7.874328248,
      7.858196862,
      7.916207343,
      7.855017734,
      7.9088507,
      7.839905449,
      7.908152148,
      7.897061792,
      7.925761751,
      7.755023032,
      7.66374497,
      7.839382381,
      7.983247074,
      7.782528775,
      7.915137367,
      7.993912743,
      8.006114919,
      8.063844072,
      8.052284884,
      7.84812877,
      8.000003156,
      7.963660793,
      7.937866261,
      7.945112272,
      7.957388347,
      7.889103383,
      7.672251302,
      7.99050163,
      7.848840199,
      7.678501064,
      7.764499781,
      7.943764547,
      7.855293384,
      7.861449138,
      7.954950299,
      7.797415827,
      7.899430285,
      7.912263585,
      7.942149262,
      7.907141836,
      7.874303344,
      7.97817542,
      7.896059412,
      7.860044731,
      7.902036328,
      7.952375992,
      7.799821122,
      7.84382899,
      7.688990327,
      7.885179997,
      7.912057424,
      7.954109223,
      7.831872393,
      7.8750151,
      7.848071119,
      7.892146817,
      7.945685143,
      7.875883756,
      7.789831907,
      7.681878577,
      7.934853505,
      7.794540441,
      7.925527028,
      7.85939625,
      7.749190443,
      7.97351912,
      7.958516804,
      7.907232546,
      7.783897778,
      7.819327749,
      7.925065165,
      7.831259908,
      7.951228691,
      7.835570721,
      7.812767315,
      7.941109215,
      8.044185866,
      7.853897306,
      7.873111317,
      7.806228834,
      7.625514764,
      7.895546311
    ]
  },
  "warmup": {
    "times": [

    ]
  },
  "requests": {
    "times": [

    ]
  }
}
