{
  "version": 2,
  "settings": {
    "startup_iters": 150,
    "random_seed": 16541799507913229037,
    "worker_iterations": 0,
    "warmup_iterations": 0,
    "workers": 30,
    "puma_processes": 10,
    "puma_threads": 6,
    "port_num": 4567,
    "out_dir": ".",
    "discourse_revision": "a6ef10d61374a4d420799e7410a67b0afaeec637"
  },
  "environment": {
    "RUBY_VERSION": "2.2.7",
    "rvm current": "ext-mri-2.2.7"
  },
  "startup": {
    "times": [
      7.621859383,
      7.705376315,
      7.70749439,
      7.875816406,
      7.692227115,
      7.905105393,
      7.716091386,
      7.81897983,
      7.788063521,
      7.929534475,
      7.938892008,
      7.707010882,
      7.773797347,
      7.80145187,
      7.734365029,
      7.822008504,
      7.700360926,
      7.8321947,
      7.611414131,
      7.786148286,
      7.8028494,
      7.577407038,
      7.860356301,
      7.911512375,
      7.887276365,
      7.729177589,
      7.715603862,
      7.546606045,
      7.786352091,
      7.953187255,
      7.892551192,
      7.887558951,
      7.782915042,
      7.692752255,
      7.9283368,
      7.881308966,
      7.802121238,
      7.822133326,
      7.749588014,
      7.633527795,
      7.74759439,
      7.80163711,
      7.835380473,
      7.697586348,
      7.708852897,
      7.794410042,
      7.756296747,
      7.792939305,
      7.540660202,
      7.875969985,
      7.77210931,
      7.866401473,
      7.729027207,
      7.82838786,
      7.675581262,
      7.845690186,
      7.749067544,
      7.930603915,
      7.840770501,
      7.858036244,
      7.723709909,
      7.748544601,
      7.67168369,
      7.826393731,
      7.853498148,
      7.908332732,
      7.825677664,
      7.731378708,
      7.925926473,
      8.015963333,
      7.822775441,
      7.9325204,
      7.84893318,
      7.796588053,
      7.885451022,
      7.814493163,
      7.645865956,
      7.757812091,
      7.757869892,
      7.836260234,
      7.856968117,
      7.717662662,
      7.848650403,
      7.738884443,
      7.797874564,
      7.785015892,
      7.833193036,
      7.8273137,
      7.862126987,
      7.738879354,
      7.864665573,
      7.798673443,
      7.857137056,
      7.921760145,
      7.818057231,
      7.717129157,
      7.870236169,
      7.763464873,
      7.756211845,
      7.722737407,
      7.747252215,
      7.831949975,
      7.901029979,
      7.830056109,
      7.474344421,
      7.848572342,
      7.846336919,
      7.831439571,
      7.734785265,
      7.751233773,
      7.72467643,
      7.766592519,
      7.979363596,
      7.909643311,
      7.743848566,
      7.695670368,
      7.829564093,
      7.878772925,
      7.743721439,
      7.652267058,
      7.919428914,
      7.869664238,
      7.799409238,
      7.805941035,
      7.833706028,
      7.949278235,
      7.879926675,
      7.69995264,
      7.749158726,
      7.916781749,
      7.869094977,
      7.896654297,
      7.748993542,
      7.843009716,
      7.728316573,
      7.890955195,
      7.808887727,
      7.771851323,
      7.965701946,
      7.850785511,
      7.789160673,
      7.949252276,
      7.870229669,
      7.844942161,
      7.895713511,
      7.807668137,
      7.741579312,
      7.915209359,
      7.81050292,
      7.857908502
    ]
  },
  "warmup": {
    "times": [

    ]
  },
  "requests": {
    "times": [

    ]
  }
}
