{
  "version": 2,
  "settings": {
    "startup_iters": 50,
    "random_seed": 16541799507913229037,
    "worker_iterations": 0,
    "warmup_iterations": 0,
    "workers": 30,
    "puma_processes": 10,
    "puma_threads": 6,
    "port_num": 4567,
    "out_dir": ".",
    "discourse_revision": "02fb86916f5265ad8318c4415229753428c68eaf"
  },
  "environment": {
    "RUBY_VERSION": "2.3.4",
    "RUBY_DESCRIPTION": "ruby 2.3.4p301 (2017-03-30 revision 58214) [x86_64-linux]",
    "rvm current": "ext-mri-2.3.4"
  },
  "startup": {
    "times": [
      6.406365286,
      6.49082419,
      6.523135323,
      6.48374816,
      6.498866089,
      6.553866278,
      6.533710332,
      6.548436209,
      6.575869473,
      6.670992723,
      6.580545951,
      6.62898688,
      6.534484218,
      6.675353982,
      6.625553142,
      6.354774669,
      6.471444405,
      6.571931926,
      6.609894868,
      6.626091491,
      6.597543333,
      6.511401172,
      6.485560132,
      6.491525256,
      6.618555991,
      6.551222747,
      6.495870078,
      6.665176907,
      6.556051333,
      6.649313855,
      6.373961334,
      6.649521009,
      6.561190409,
      6.633390481,
      6.573382266,
      6.619410385,
      6.551227133,
      6.486669216,
      6.530264357,
      6.465672587,
      6.729839273,
      6.559014398,
      6.594623961,
      6.577390541,
      6.48877635,
      6.616942808,
      6.505323035,
      6.645340683,
      6.543327904,
      6.254515196
    ]
  },
  "warmup": {
    "times": [

    ]
  },
  "requests": {
    "times": [

    ]
  }
}
