{
  "version": 2,
  "settings": {
    "startup_iters": 50,
    "random_seed": 16541799507913229037,
    "worker_iterations": 0,
    "warmup_iterations": 0,
    "workers": 30,
    "puma_processes": 10,
    "puma_threads": 6,
    "port_num": 4567,
    "out_dir": ".",
    "discourse_revision": "02fb86916f5265ad8318c4415229753428c68eaf"
  },
  "environment": {
    "RUBY_VERSION": "2.4.1",
    "RUBY_DESCRIPTION": "ruby 2.4.1p111 (2017-03-22 revision 58053) [x86_64-linux]",
    "rvm current": "ext-mri-2.4.1"
  },
  "startup": {
    "times": [
      5.84449186,
      5.893584973,
      5.899162791,
      5.854780835,
      5.810121261,
      5.893038295,
      5.858795998,
      5.792581569,
      5.796134194,
      5.89404991,
      5.75899401,
      5.76240535,
      5.879517783,
      5.752422613,
      5.790313934,
      5.774001686,
      5.790132409,
      5.797902884,
      5.886887599,
      5.773664868,
      5.84516747,
      5.926565219,
      5.779289233,
      5.971564281,
      5.932422843,
      5.787643282,
      5.714392212,
      5.859467391,
      5.950793308,
      5.780306182,
      5.919671993,
      5.819680075,
      5.86125389,
      5.869271665,
      5.878588829,
      5.923794393,
      5.823205404,
      5.992019156,
      5.873428962,
      5.871094532,
      5.889319736,
      5.897410399,
      5.876803349,
      6.028435718,
      5.887659763,
      5.859354549,
      5.645240343,
      5.877151559,
      5.764599875,
      5.882114207
    ]
  },
  "warmup": {
    "times": [

    ]
  },
  "requests": {
    "times": [

    ]
  }
}
