{
  "version": 2,
  "settings": {
    "startup_iters": 50,
    "random_seed": 16541799507913229037,
    "worker_iterations": 0,
    "warmup_iterations": 0,
    "workers": 30,
    "puma_processes": 10,
    "puma_threads": 6,
    "port_num": 4567,
    "out_dir": ".",
    "discourse_revision": "02fb86916f5265ad8318c4415229753428c68eaf"
  },
  "environment": {
    "RUBY_VERSION": "2.3.4",
    "RUBY_DESCRIPTION": "ruby 2.3.4p301 (2017-03-30 revision 58214) [x86_64-linux]",
    "rvm current": "ext-mri-2.3.4"
  },
  "startup": {
    "times": [
      6.489426073,
      6.540416752,
      6.467208233,
      6.519695416,
      6.47481456,
      6.460176637,
      6.413582421,
      6.609446947,
      6.493082683,
      6.438260864,
      6.517292008,
      6.517018525,
      6.508174162,
      6.516874256,
      6.578122073,
      6.448084344,
      6.6152145,
      6.475375805,
      6.490813781,
      6.39964605,
      6.636223889,
      6.62054154,
      6.622743194,
      6.279509139,
      6.380340531,
      6.540838618,
      6.434517315,
      6.504566122,
      6.584725326,
      6.557893002,
      6.537940458,
      6.625399423,
      6.48637586,
      6.580197744,
      6.674696299,
      6.623184384,
      6.584142956,
      6.596810694,
      6.694208004,
      6.5173209,
      6.585486469,
      6.454633191,
      6.534974781,
      6.354567097,
      6.440029849,
      6.613747022,
      6.630807059,
      6.556145243,
      6.602776894,
      6.63846187
    ]
  },
  "warmup": {
    "times": [

    ]
  },
  "requests": {
    "times": [

    ]
  }
}
