{
  "version": 2,
  "settings": {
    "startup_iters": 50,
    "random_seed": 16541799507913229037,
    "worker_iterations": 0,
    "warmup_iterations": 0,
    "workers": 30,
    "puma_processes": 10,
    "puma_threads": 6,
    "port_num": 4567,
    "out_dir": ".",
    "discourse_revision": "02fb86916f5265ad8318c4415229753428c68eaf"
  },
  "environment": {
    "RUBY_VERSION": "2.4.1",
    "RUBY_DESCRIPTION": "ruby 2.4.1p111 (2017-03-22 revision 58053) [x86_64-linux]",
    "rvm current": "ext-mri-2.4.1"
  },
  "startup": {
    "times": [
      5.696921517,
      5.979870855,
      5.9406402,
      6.006642432,
      5.897640828,
      5.863994916,
      5.877842146,
      5.77017776,
      5.93668193,
      5.649638534,
      5.910616433,
      5.548306158,
      5.804500124,
      5.777785832,
      5.955642966,
      5.874786069,
      5.83062725,
      5.857603382,
      5.866364858,
      5.988418292,
      5.866535308,
      5.744555302,
      5.845766384,
      5.859093421,
      5.879568329,
      5.735264476,
      5.837384936,
      5.746823033,
      5.935664931,
      5.922960045,
      5.814095418,
      5.898174083,
      5.851161734,
      5.705386039,
      5.893971327,
      5.758244576,
      5.935664842,
      5.91895728,
      5.796478562,
      5.82626177,
      5.849420668,
      5.93348858,
      5.719220882,
      5.829734194,
      5.842631485,
      5.887810281,
      5.825489759,
      5.791925594,
      5.992540124,
      5.868562786
    ]
  },
  "warmup": {
    "times": [

    ]
  },
  "requests": {
    "times": [

    ]
  }
}
