{
  "version": 2,
  "settings": {
    "startup_iters": 150,
    "random_seed": 16541799507913229037,
    "worker_iterations": 0,
    "warmup_iterations": 0,
    "workers": 30,
    "puma_processes": 10,
    "puma_threads": 6,
    "port_num": 4567,
    "out_dir": ".",
    "discourse_revision": "a6ef10d61374a4d420799e7410a67b0afaeec637"
  },
  "environment": {
    "RUBY_VERSION": "2.1.10",
    "rvm current": "ext-mri-2.1.10"
  },
  "startup": {
    "times": [
      7.960363208,
      7.993338783,
      7.899413162,
      7.940488614,
      7.989604807,
      7.977562897,
      7.612932603,
      7.792624794,
      7.684209573,
      7.840940166,
      7.804507852,
      7.938448975,
      7.744740803,
      7.928772224,
      7.979118992,
      7.926271563,
      7.867899739,
      7.820486791,
      7.991199212,
      8.006452208,
      7.786929183,
      7.900282895,
      7.814133248,
      7.843088273,
      7.857660716,
      7.869369084,
      7.903184649,
      7.914738559,
      7.92044529,
      7.833660666,
      7.901062677,
      7.929839233,
      7.91589164,
      8.077822154,
      7.774398988,
      8.070752076,
      7.677846711,
      7.827230932,
      7.742662969,
      7.866777813,
      7.89385214,
      7.739790236,
      7.978707878,
      7.790393491,
      8.001724642,
      7.544034905,
      7.753070317,
      7.753713925,
      7.870265973,
      7.922816049,
      8.045733755,
      7.852536731,
      7.984471758,
      7.791052302,
      7.82945818,
      7.719598191,
      7.791318854,
      7.723012302,
      7.847573598,
      7.896731697,
      7.939984963,
      7.745252212,
      7.668555133,
      7.938323663,
      7.86480468,
      7.811469142,
      7.952476435,
      7.875429275,
      7.792502973,
      7.995851223,
      7.874124712,
      7.763154753,
      7.757334048,
      7.748917194,
      7.844901081,
      7.902640323,
      7.869561086,
      7.661296082,
      7.903524989,
      7.829797502,
      7.836415068,
      7.78474258,
      7.869566062,
      7.68347023,
      7.791004598,
      7.979327411,
      7.78165013,
      7.906051297,
      8.024526964,
      7.909767144,
      7.952544369,
      7.887401972,
      7.808602587,
      7.730071589,
      7.837893457,
      7.762842222,
      7.793504933,
      8.024924458,
      7.776781262,
      7.678143143,
      7.939815914,
      7.919817771,
      7.993252147,
      7.726403069,
      7.80894885,
      7.930118029,
      7.788873469,
      8.025042679,
      7.942237772,
      7.965599672,
      7.83727177,
      7.908922753,
      7.908404602,
      8.031226445,
      7.832588641,
      7.944570714,
      7.968851784,
      7.821169648,
      7.955282351,
      7.799457153,
      7.966797005,
      7.641567892,
      8.078809746,
      7.931379885,
      7.897364071,
      7.792809251,
      7.837964252,
      7.997079352,
      7.97046195,
      7.849492298,
      8.027129827,
      8.035112678,
      7.687218899,
      7.883616602,
      7.819931872,
      8.022145256,
      7.954968106,
      7.912442908,
      7.847272783,
      7.684858668,
      7.867341603,
      7.959397174,
      7.782311831,
      7.875214492,
      7.87237747,
      7.693501753,
      7.976515114,
      7.898760745,
      7.704495894,
      7.789849161
    ]
  },
  "warmup": {
    "times": [

    ]
  },
  "requests": {
    "times": [

    ]
  }
}
