{
  "version": 2,
  "settings": {
    "startup_iters": 150,
    "random_seed": 16541799507913229037,
    "worker_iterations": 0,
    "warmup_iterations": 0,
    "workers": 30,
    "puma_processes": 10,
    "puma_threads": 6,
    "port_num": 4567,
    "out_dir": ".",
    "discourse_revision": "a6ef10d61374a4d420799e7410a67b0afaeec637"
  },
  "environment": {
    "RUBY_VERSION": "2.0.0",
    "rvm current": "ext-mri-2.0.0"
  },
  "startup": {
    "times": [
      9.741484607,
      9.947893253,
      9.904520833,
      9.869300382,
      9.826176231,
      9.927336865,
      9.9356827,
      9.713492699,
      9.89309696,
      9.983839556,
      10.020223291,
      10.045665059,
      9.876316745,
      9.738061981,
      9.730413616,
      9.989434817,
      9.967960225,
      9.864415624,
      9.821505426,
      9.988109542,
      9.724604401,
      9.975401998,
      10.028577298,
      9.881770006,
      9.851395142,
      9.842153945,
      10.007712128,
      9.937996861,
      9.995874062,
      9.920043802,
      9.979791109,
      9.893703033,
      9.962615391,
      9.781575688,
      9.747854866,
      10.010190996,
      9.832778321,
      9.936975809,
      9.82514555,
      10.017604905,
      9.958855004,
      9.946390049,
      10.165517432,
      9.928727517,
      9.929191949,
      9.80769913,
      9.911038796,
      10.061451493,
      9.779893644,
      9.986803965,
      9.723168445,
      9.81431741,
      9.913608897,
      9.970825033,
      9.991343426,
      9.945664977,
      9.637798695,
      9.954842363,
      9.777528943,
      9.968095093,
      9.685804404,
      9.900382685,
      9.873052579,
      9.851509433,
      10.041596893,
      9.812960907,
      9.955984467,
      9.949801438,
      9.75670897,
      9.870298242,
      10.062818384,
      9.783247933,
      9.977671322,
      9.942281311,
      10.003537868,
      9.86508085,
      9.96057191,
      9.915903797,
      9.89596269,
      9.998248123,
      9.871739529,
      9.950053435,
      9.881776389,
      10.017107021,
      10.001247397,
      9.910467368,
      9.79836735,
      9.753747348,
      9.983405638,
      9.93810024,
      9.798477142,
      9.846864542,
      9.946462165,
      9.612754416,
      9.699206705,
      9.944708811,
      9.955946404,
      9.931672491,
      9.783870284,
      9.868757091,
      9.989261954,
      9.798849518,
      9.699217521,
      9.964629848,
      9.856762953,
      9.858532705,
      9.67226664,
      9.956913008,
      9.766358947,
      9.901992192,
      9.9576413,
      9.750062887,
      9.768132196,
      9.824483345,
      9.985653726,
      9.980273212,
      9.960322489,
      9.925005297,
      9.948019899,
      9.857509744,
      9.838864111,
      9.756689681,
      9.923263104,
      9.977494916,
      9.850719544,
      9.824161489,
      9.827986529,
      9.894438289,
      9.779675009,
      9.942761194,
      9.975541001,
      9.928598386,
      9.858322892,
      9.960296213,
      9.992034693,
      9.921952584,
      9.671756712,
      9.96726257,
      9.784177783,
      9.829851985,
      10.075373483,
      9.951660815,
      9.848875749,
      10.021079303,
      10.000195482,
      9.908472322,
      9.746777844,
      10.011520751,
      9.98544428,
      9.917137382
    ]
  },
  "warmup": {
    "times": [

    ]
  },
  "requests": {
    "times": [

    ]
  }
}
