{
  "version": 2,
  "settings": {
    "startup_iters": 50,
    "random_seed": 16541799507913229037,
    "worker_iterations": 0,
    "warmup_iterations": 0,
    "workers": 30,
    "puma_processes": 10,
    "puma_threads": 6,
    "port_num": 4567,
    "out_dir": ".",
    "discourse_revision": "02fb86916f5265ad8318c4415229753428c68eaf"
  },
  "environment": {
    "RUBY_VERSION": "2.4.1",
    "RUBY_DESCRIPTION": "ruby 2.4.1p111 (2017-03-22 revision 58053) [x86_64-linux]",
    "rvm current": "ext-mri-2.4.1"
  },
  "startup": {
    "times": [
      5.833381533,
      5.840626497,
      5.905956986,
      5.872511244,
      5.863623165,
      5.908822212,
      5.919181293,
      5.965038473,
      5.987868545,
      5.918669607,
      5.885794214,
      5.947618197,
      5.860763786,
      5.842512939,
      5.857174312,
      5.877367698,
      5.8291338,
      5.882476057,
      5.874350033,
      6.1795551,
      5.781835959,
      5.947674968,
      5.926543948,
      5.900316295,
      5.743423582,
      6.069727582,
      5.85812279,
      5.823270202,
      6.027597905,
      5.731012511,
      5.853914329,
      5.891013381,
      5.86847809,
      5.835036713,
      5.832813574,
      5.757675625,
      5.892690823,
      5.863905826,
      5.877743032,
      5.757832637,
      6.00478999,
      5.898098341,
      5.865350091,
      5.807480011,
      5.839395887,
      5.722388468,
      5.826263805,
      5.823882807,
      5.685036114,
      5.868524146
    ]
  },
  "warmup": {
    "times": [

    ]
  },
  "requests": {
    "times": [

    ]
  }
}
