{
  "version": 2,
  "settings": {
    "startup_iters": 150,
    "random_seed": 16541799507913229037,
    "worker_iterations": 0,
    "warmup_iterations": 0,
    "workers": 30,
    "puma_processes": 10,
    "puma_threads": 6,
    "port_num": 4567,
    "out_dir": ".",
    "discourse_revision": "a6ef10d61374a4d420799e7410a67b0afaeec637"
  },
  "environment": {
    "RUBY_VERSION": "2.1.10",
    "rvm current": "ext-mri-2.1.10"
  },
  "startup": {
    "times": [
      7.721259496,
      7.74696562,
      7.826609841,
      7.842488498,
      7.843296314,
      7.691548302,
      7.972147579,
      7.895452599,
      7.95338734,
      7.777172356,
      7.952082143,
      8.043206602,
      7.867309188,
      7.938317087,
      7.799297437,
      8.022127285,
      7.861651884,
      7.983822995,
      7.860917676,
      7.941827881,
      7.916227898,
      7.735383206,
      7.972965057,
      7.912377596,
      7.748275197,
      7.875212801,
      7.777825629,
      7.696920652,
      7.692640338,
      7.922543745,
      7.825645975,
      7.58861185,
      7.735235555,
      7.541746369,
      7.821849101,
      7.826854085,
      7.867306739,
      7.968443782,
      7.856187837,
      7.993199605,
      7.765036349,
      7.992664164,
      7.65068601,
      7.866680013,
      7.936940595,
      7.813476556,
      7.916424269,
      7.857111843,
      7.782646055,
      7.895576165,
      7.601430238,
      7.809720087,
      7.854942338,
      7.851707502,
      7.784599054,
      7.839367098,
      7.683209532,
      7.993169288,
      7.793442718,
      7.857127933,
      7.697252124,
      7.820475504,
      7.965930122,
      7.7827634,
      7.988735852,
      7.664019563,
      7.770985983,
      7.974185122,
      7.743423537,
      7.768177933,
      7.985274232,
      7.75031693,
      7.675194814,
      7.667580974,
      7.839801128,
      8.013395337,
      7.767510009,
      7.8403342,
      7.93116826,
      7.787856541,
      7.750009862,
      7.812738383,
      8.032107208,
      7.812677888,
      7.886356105,
      7.857802877,
      7.871563688,
      8.010636292,
      7.986230342,
      7.941924769,
      7.961833743,
      7.762963583,
      7.942155341,
      7.883059882,
      7.762070563,
      7.699074056,
      7.868238453,
      7.859311066,
      7.930294784,
      7.69787277,
      7.732183135,
      7.792314112,
      7.807613314,
      7.89012512,
      8.034344967,
      7.981743116,
      7.741951244,
      7.705218965,
      8.04068728,
      7.699789297,
      7.753961069,
      8.035048932,
      7.813135106,
      7.744870134,
      7.846904826,
      7.904701556,
      7.767011039,
      7.86575472,
      7.772634679,
      7.814741964,
      7.842692989,
      7.907810785,
      7.693764758,
      7.854986453,
      7.800911296,
      7.789885238,
      8.065906662,
      7.837345413,
      7.842568929,
      7.997189398,
      7.675959263,
      7.826166435,
      7.737099121,
      7.917497952,
      8.092855689,
      7.995738914,
      7.944344754,
      7.939719251,
      7.909121043,
      7.837327996,
      7.783399757,
      7.785111399,
      7.936549396,
      7.816870894,
      8.082448894,
      7.915233455,
      7.929987567,
      7.86732009,
      7.786722497,
      7.920242816
    ]
  },
  "warmup": {
    "times": [

    ]
  },
  "requests": {
    "times": [

    ]
  }
}
