{
  "version": 2,
  "settings": {
    "startup_iters": 50,
    "random_seed": 16541799507913229037,
    "worker_iterations": 0,
    "warmup_iterations": 0,
    "workers": 30,
    "puma_processes": 10,
    "puma_threads": 6,
    "port_num": 4567,
    "out_dir": ".",
    "discourse_revision": "02fb86916f5265ad8318c4415229753428c68eaf"
  },
  "environment": {
    "RUBY_VERSION": "2.3.4",
    "RUBY_DESCRIPTION": "ruby 2.3.4p301 (2017-03-30 revision 58214) [x86_64-linux]",
    "rvm current": "ext-mri-2.3.4"
  },
  "startup": {
    "times": [
      6.665331313,
      6.48784091,
      6.54370505,
      6.464187436,
      6.58874679,
      6.544410499,
      6.564895408,
      6.583952018,
      6.532659347,
      6.543528475,
      6.724660958,
      6.500363224,
      6.647789426,
      6.555885003,
      6.484817324,
      6.695472476,
      6.505805436,
      6.598727345,
      6.5239506,
      6.448431161,
      6.596771966,
      6.609933521,
      6.410365207,
      6.541479942,
      6.598127489,
      6.559818779,
      6.723611543,
      6.499805662,
      6.604603112,
      6.425837643,
      6.633155978,
      6.539546045,
      6.559350281,
      6.573119226,
      6.466339325,
      6.452424668,
      6.53076854,
      6.563873802,
      6.426461988,
      6.582092517,
      6.617732123,
      6.609226377,
      6.467148359,
      6.512071027,
      6.532550793,
      6.418190283,
      6.573543071,
      6.510354294,
      6.447429054,
      6.434260163
    ]
  },
  "warmup": {
    "times": [

    ]
  },
  "requests": {
    "times": [

    ]
  }
}
