{
  "version": 2,
  "settings": {
    "startup_iters": 150,
    "random_seed": 16541799507913229037,
    "worker_iterations": 0,
    "warmup_iterations": 0,
    "workers": 30,
    "puma_processes": 10,
    "puma_threads": 6,
    "port_num": 4567,
    "out_dir": ".",
    "discourse_revision": "a6ef10d61374a4d420799e7410a67b0afaeec637"
  },
  "environment": {
    "RUBY_VERSION": "2.0.0",
    "rvm current": "ext-mri-2.0.0"
  },
  "startup": {
    "times": [
      9.845251038,
      9.643954976,
      9.856548269,
      9.840364759,
      9.796001979,
      9.708374202,
      9.958771455,
      9.927609928,
      9.885074875,
      9.962736577,
      9.919213048,
      9.983704268,
      9.943737243,
      9.816314846,
      9.8797795,
      9.844514205,
      9.851164285,
      9.856524283,
      9.808378223,
      9.884840206,
      10.08593062,
      9.914255669,
      9.785059685,
      9.96917865,
      9.928252341,
      9.989262029,
      9.859460106,
      9.948355336,
      9.787647964,
      9.818388503,
      9.963581005,
      9.670561622,
      9.972053572,
      9.921882417,
      9.943135011,
      9.965300241,
      9.885690685,
      9.946238104,
      9.846819019,
      9.844873435,
      9.923216515,
      9.80687875,
      9.949641964,
      10.117493438,
      9.966084159,
      9.851657765,
      9.829005709,
      9.983565826,
      9.765417449,
      10.033066344,
      9.975259199,
      9.793509118,
      9.95318348,
      9.962202729,
      10.029786987,
      9.868273499,
      10.025417305,
      9.885914828,
      10.025399477,
      9.845590103,
      9.953344775,
      10.022594407,
      9.905459813,
      9.93020108,
      9.822506183,
      9.840433053,
      9.891678168,
      9.878430577,
      9.762202175,
      10.046576797,
      9.861397042,
      9.933640517,
      9.707574874,
      9.77702429,
      9.846596797,
      10.080900491,
      9.96922111,
      9.878632352,
      9.936094547,
      10.028115288,
      10.061013039,
      9.816493639,
      9.881144171,
      9.688933633,
      9.743341524,
      9.880147202,
      9.703458102,
      9.871982231,
      9.969995703,
      9.971690779,
      9.816445614,
      10.007653791,
      9.893554132,
      9.914337242,
      10.011821243,
      9.907256135,
      9.999436294,
      9.822894671,
      10.061215684,
      9.801117989,
      9.886755974,
      10.015569402,
      9.752266271,
      10.109879325,
      9.846683157,
      9.854373428,
      9.961895934,
      9.817946018,
      9.851815547,
      9.882969418,
      9.849954347,
      10.102151184,
      9.796735377,
      10.032911131,
      9.940121531,
      10.009182624,
      9.996187369,
      9.907730712,
      9.890600068,
      9.845126243,
      9.856667896,
      10.058586962,
      9.970588634,
      9.863396595,
      9.844268995,
      10.063991881,
      9.838163906,
      10.008726714,
      9.865943714,
      9.900487337,
      9.99576801,
      9.924349571,
      10.006546421,
      9.836388128,
      9.921584039,
      9.707414594,
      9.980585292,
      9.968804919,
      9.795007073,
      9.977863586,
      9.840947183,
      9.817430371,
      9.716650903,
      9.908495128,
      9.916305167,
      9.889733564,
      9.712324404,
      9.996319186,
      9.94384642,
      9.915191059
    ]
  },
  "warmup": {
    "times": [

    ]
  },
  "requests": {
    "times": [

    ]
  }
}
