{
  "version": 2,
  "settings": {
    "startup_iters": 150,
    "random_seed": 16541799507913229037,
    "worker_iterations": 0,
    "warmup_iterations": 0,
    "workers": 30,
    "puma_processes": 10,
    "puma_threads": 6,
    "port_num": 4567,
    "out_dir": ".",
    "discourse_revision": "a6ef10d61374a4d420799e7410a67b0afaeec637"
  },
  "environment": {
    "RUBY_VERSION": "2.1.10",
    "rvm current": "ext-mri-2.1.10"
  },
  "startup": {
    "times": [
      7.959648945,
      7.813032908,
      7.87743758,
      7.52594589,
      7.975014142,
      7.922976156,
      7.704746587,
      7.755980157,
      7.96233621,
      7.753247524,
      7.921431876,
      7.86248073,
      7.955743332,
      7.795946522,
      7.772685446,
      7.944476009,
      7.806985192,
      7.612737787,
      7.795881004,
      7.834122424,
      7.866891727,
      7.993630665,
      7.640453479,
      7.978082962,
      7.816725022,
      7.985602446,
      7.890724294,
      7.763877825,
      7.987324278,
      7.906855482,
      7.936952263,
      7.874887666,
      7.863362189,
      7.827061746,
      7.77316616,
      7.909540207,
      7.899177292,
      7.915062475,
      7.973955651,
      7.76373889,
      7.984709246,
      7.916164714,
      7.826909474,
      7.941055877,
      7.821026672,
      7.928196141,
      7.937156661,
      7.935522368,
      7.933375097,
      7.973711216,
      7.788963713,
      7.940151949,
      7.997051197,
      7.839493112,
      7.77599298,
      7.684576632,
      7.75243614,
      7.818467372,
      7.934168215,
      7.856254815,
      8.027303669,
      7.864714624,
      7.826094563,
      7.956231313,
      7.839300991,
      7.922194946,
      7.948390127,
      7.839466473,
      7.808012621,
      7.907302293,
      7.534773515,
      7.760650294,
      7.804743396,
      7.694068897,
      7.804274392,
      7.913092862,
      7.775714974,
      7.973473894,
      7.884819443,
      7.983019456,
      7.93954922,
      7.742091478,
      7.956563152,
      7.990905111,
      8.009196404,
      7.867888163,
      7.941561391,
      7.943810617,
      7.860957811,
      7.868795656,
      7.773365342,
      7.892247027,
      7.867185865,
      8.034879077,
      7.877954184,
      7.913253287,
      7.92660693,
      7.880447393,
      7.75319373,
      7.812602078,
      8.027195778,
      7.827099581,
      7.977757867,
      7.821907272,
      7.766814996,
      7.956731428,
      7.877960179,
      7.930969696,
      7.703690926,
      8.034328238,
      7.996650851,
      7.901074714,
      7.916872724,
      7.870768267,
      7.905793549,
      7.488313942,
      7.6671915,
      7.770899275,
      8.059428875,
      7.785160092,
      7.944320514,
      8.036068206,
      7.885626739,
      7.695768875,
      7.958648194,
      7.816781694,
      7.818177122,
      7.932218134,
      7.919580111,
      7.991051014,
      7.861459439,
      7.761489549,
      7.936170825,
      7.972158508,
      7.759747711,
      7.82838201,
      7.842588492,
      7.922466837,
      7.791930464,
      7.93086758,
      7.958074715,
      7.760302093,
      7.736927501,
      7.929995345,
      7.829498565,
      7.926932672,
      7.91081822,
      7.868221436,
      7.744908139,
      7.938172921
    ]
  },
  "warmup": {
    "times": [

    ]
  },
  "requests": {
    "times": [

    ]
  }
}
