{
  "version": 2,
  "settings": {
    "startup_iters": 50,
    "random_seed": 16541799507913229037,
    "worker_iterations": 0,
    "warmup_iterations": 0,
    "workers": 30,
    "puma_processes": 10,
    "puma_threads": 6,
    "port_num": 4567,
    "out_dir": ".",
    "discourse_revision": "02fb86916f5265ad8318c4415229753428c68eaf"
  },
  "environment": {
    "RUBY_VERSION": "2.3.4",
    "RUBY_DESCRIPTION": "ruby 2.3.4p301 (2017-03-30 revision 58214) [x86_64-linux]",
    "rvm current": "ext-mri-2.3.4"
  },
  "startup": {
    "times": [
      6.512910446,
      6.521377625,
      6.544190254,
      6.582588613,
      6.515699396,
      6.437471572,
      6.449788726,
      6.517800884,
      6.557920814,
      6.566668183,
      6.50590811,
      6.564188386,
      6.538532392,
      6.514105902,
      6.627198175,
      6.608749384,
      6.53694073,
      6.537772308,
      6.579955074,
      6.49680956,
      6.411425025,
      6.560905063,
      6.608461707,
      6.544347638,
      6.429222037,
      6.496081056,
      6.421743805,
      6.52744152,
      6.42418024,
      6.620610628,
      6.59830948,
      6.451271427,
      6.437235326,
      6.707039069,
      6.725582511,
      6.436150061,
      6.324790843,
      6.337971918,
      6.469697231,
      6.568345245,
      6.550954527,
      6.526480866,
      6.388755907,
      6.501541129,
      6.531224423,
      6.462126353,
      6.527516081,
      6.624348207,
      6.515635714,
      6.464090637
    ]
  },
  "warmup": {
    "times": [

    ]
  },
  "requests": {
    "times": [

    ]
  }
}
