{
  "version": 2,
  "settings": {
    "startup_iters": 50,
    "random_seed": 16541799507913229037,
    "worker_iterations": 0,
    "warmup_iterations": 0,
    "workers": 30,
    "puma_processes": 10,
    "puma_threads": 6,
    "port_num": 4567,
    "out_dir": ".",
    "discourse_revision": "02fb86916f5265ad8318c4415229753428c68eaf"
  },
  "environment": {
    "RUBY_VERSION": "2.4.1",
    "RUBY_DESCRIPTION": "ruby 2.4.1p111 (2017-03-22 revision 58053) [x86_64-linux]",
    "rvm current": "ext-mri-2.4.1"
  },
  "startup": {
    "times": [
      5.767440278,
      5.948294975,
      5.709784137,
      5.92860024,
      5.854596059,
      5.891039373,
      6.000111838,
      5.796759325,
      5.775110693,
      5.871884538,
      5.901442318,
      5.815155911,
      5.76435206,
      5.967166404,
      5.748280222,
      5.82411449,
      5.906105526,
      5.984856024,
      5.927455342,
      5.959865148,
      5.86465093,
      5.750192779,
      5.886099721,
      5.919330223,
      5.92244816,
      5.852531109,
      5.872651259,
      5.884492217,
      5.92166603,
      5.846791738,
      5.9105072,
      5.826490531,
      5.881848236,
      5.889923234,
      5.847049995,
      5.918015572,
      5.830079031,
      5.950367257,
      5.834975889,
      5.822108376,
      5.955675741,
      5.815748149,
      5.79071151,
      5.757313377,
      5.997750935,
      5.780837144,
      5.830345579,
      5.943645577,
      5.889354346,
      5.949486852
    ]
  },
  "warmup": {
    "times": [

    ]
  },
  "requests": {
    "times": [

    ]
  }
}
