{
  "version": 2,
  "settings": {
    "startup_iters": 50,
    "random_seed": 16541799507913229037,
    "worker_iterations": 0,
    "warmup_iterations": 0,
    "workers": 30,
    "puma_processes": 10,
    "puma_threads": 6,
    "port_num": 4567,
    "out_dir": ".",
    "discourse_revision": "02fb86916f5265ad8318c4415229753428c68eaf"
  },
  "environment": {
    "RUBY_VERSION": "2.3.4",
    "RUBY_DESCRIPTION": "ruby 2.3.4p301 (2017-03-30 revision 58214) [x86_64-linux]",
    "rvm current": "ext-mri-2.3.4"
  },
  "startup": {
    "times": [
      6.539778976,
      6.528961801,
      6.461879462,
      6.571673782,
      6.556893991,
      6.647906278,
      6.459611951,
      6.380711263,
      6.588702018,
      6.577999018,
      6.480484662,
      6.540926551,
      6.612083875,
      6.127804477,
      6.589525403,
      6.451738534,
      6.459966246,
      6.607295206,
      6.537210286,
      6.482519204,
      6.612332328,
      6.573160974,
      6.698891252,
      6.660708951,
      6.59201132,
      6.410528794,
      6.576031681,
      6.551820822,
      6.615031578,
      6.572435879,
      6.688193921,
      6.469384667,
      6.546938748,
      6.545130199,
      6.5616209,
      6.582259545,
      6.570108621,
      6.448937928,
      6.464891569,
      6.717288806,
      6.602374758,
      6.438386738,
      6.650449082,
      6.581261227,
      6.586762688,
      6.656746598,
      6.509428916,
      6.504616266,
      6.554484359,
      6.593667349
    ]
  },
  "warmup": {
    "times": [

    ]
  },
  "requests": {
    "times": [

    ]
  }
}
