{
  "version": 2,
  "settings": {
    "startup_iters": 50,
    "random_seed": 16541799507913229037,
    "worker_iterations": 0,
    "warmup_iterations": 0,
    "workers": 30,
    "puma_processes": 10,
    "puma_threads": 6,
    "port_num": 4567,
    "out_dir": ".",
    "discourse_revision": "02fb86916f5265ad8318c4415229753428c68eaf"
  },
  "environment": {
    "RUBY_VERSION": "2.3.4",
    "RUBY_DESCRIPTION": "ruby 2.3.4p301 (2017-03-30 revision 58214) [x86_64-linux]",
    "rvm current": "ext-mri-2.3.4"
  },
  "startup": {
    "times": [
      6.495566789,
      6.629884785,
      6.331605539,
      6.484872204,
      6.558356182,
      6.177703881,
      6.585473831,
      6.601298357,
      6.555457949,
      6.666097125,
      6.646639276,
      6.529557786,
      6.599622489,
      6.460992119,
      6.504554265,
      6.659269043,
      6.400704498,
      6.570342045,
      6.49474033,
      6.492383796,
      6.612857911,
      6.637732708,
      6.624641894,
      6.684972952,
      6.527419775,
      6.486371947,
      6.389298775,
      6.676206906,
      6.597460407,
      6.623654761,
      6.7302188,
      6.471900641,
      6.45420287,
      6.51327546,
      6.482961681,
      6.451939246,
      6.639705309,
      6.543291946,
      6.501880159,
      6.552787918,
      6.606662559,
      6.583579807,
      6.541653373,
      6.478942855,
      6.482206693,
      6.54465332,
      6.620634766,
      6.537144069,
      6.576947706,
      6.567435693
    ]
  },
  "warmup": {
    "times": [

    ]
  },
  "requests": {
    "times": [

    ]
  }
}
