{
  "version": 2,
  "settings": {
    "startup_iters": 50,
    "random_seed": 16541799507913229037,
    "worker_iterations": 0,
    "warmup_iterations": 0,
    "workers": 30,
    "puma_processes": 10,
    "puma_threads": 6,
    "port_num": 4567,
    "out_dir": ".",
    "discourse_revision": "02fb86916f5265ad8318c4415229753428c68eaf"
  },
  "environment": {
    "RUBY_VERSION": "2.3.4",
    "RUBY_DESCRIPTION": "ruby 2.3.4p301 (2017-03-30 revision 58214) [x86_64-linux]",
    "rvm current": "ext-mri-2.3.4"
  },
  "startup": {
    "times": [
      6.42205415,
      6.552331095,
      6.595316236,
      6.570535023,
      6.562844315,
      6.51873764,
      6.641131058,
      6.52136879,
      6.54398115,
      6.481880712,
      6.443700647,
      6.506137224,
      6.518757173,
      6.626387471,
      6.501377453,
      6.68307003,
      6.636062201,
      6.385478951,
      6.540464785,
      6.380955761,
      6.585318806,
      6.542864811,
      6.514476077,
      6.472724033,
      6.544736575,
      6.541600227,
      6.412487673,
      6.595159362,
      6.437140611,
      6.265098759,
      6.56943966,
      6.422878107,
      6.509856125,
      6.655540339,
      6.468600522,
      6.423868751,
      6.662684212,
      6.643004969,
      6.596544752,
      6.580002464,
      6.528002204,
      6.534453263,
      6.469517482,
      6.512905027,
      6.643278069,
      6.594192762,
      6.571357833,
      6.535486707,
      6.555467964,
      6.553736964
    ]
  },
  "warmup": {
    "times": [

    ]
  },
  "requests": {
    "times": [

    ]
  }
}
