{
  "version": 2,
  "settings": {
    "startup_iters": 50,
    "random_seed": 16541799507913229037,
    "worker_iterations": 0,
    "warmup_iterations": 0,
    "workers": 30,
    "puma_processes": 10,
    "puma_threads": 6,
    "port_num": 4567,
    "out_dir": ".",
    "discourse_revision": "02fb86916f5265ad8318c4415229753428c68eaf"
  },
  "environment": {
    "RUBY_VERSION": "2.3.4",
    "RUBY_DESCRIPTION": "ruby 2.3.4p301 (2017-03-30 revision 58214) [x86_64-linux]",
    "rvm current": "ext-mri-2.3.4"
  },
  "startup": {
    "times": [
      6.55176247,
      6.436136871,
      6.514229111,
      6.619010146,
      6.616856033,
      6.497837411,
      6.443567897,
      6.388881592,
      6.519109076,
      6.472144804,
      6.559424919,
      6.517627651,
      6.525048328,
      6.526009615,
      6.540783313,
      6.468378972,
      6.333341139,
      6.662523126,
      6.599134637,
      6.489956115,
      6.657957061,
      6.504783221,
      6.547250898,
      6.711290872,
      6.565786513,
      6.485436972,
      6.626555792,
      6.611723618,
      6.71270925,
      6.652348562,
      6.450991185,
      6.576684351,
      6.509036461,
      6.653871269,
      6.396888638,
      6.452047321,
      6.364335298,
      6.613283791,
      6.557589935,
      6.703876863,
      6.485856406,
      6.501035732,
      6.49271129,
      6.629952126,
      6.735856965,
      6.455839293,
      6.73008297,
      6.577274189,
      6.56495767,
      6.683450344
    ]
  },
  "warmup": {
    "times": [

    ]
  },
  "requests": {
    "times": [

    ]
  }
}
