{
  "version": 2,
  "settings": {
    "startup_iters": 50,
    "random_seed": 16541799507913229037,
    "worker_iterations": 0,
    "warmup_iterations": 0,
    "workers": 30,
    "puma_processes": 10,
    "puma_threads": 6,
    "port_num": 4567,
    "out_dir": ".",
    "discourse_revision": "02fb86916f5265ad8318c4415229753428c68eaf"
  },
  "environment": {
    "RUBY_VERSION": "2.4.1",
    "RUBY_DESCRIPTION": "ruby 2.4.1p111 (2017-03-22 revision 58053) [x86_64-linux]",
    "rvm current": "ext-mri-2.4.1"
  },
  "startup": {
    "times": [
      5.894272027,
      5.768083376,
      5.769895828,
      5.785943606,
      5.772883721,
      5.802154578,
      5.825129906,
      5.836125149,
      5.823191817,
      5.687766161,
      5.801260884,
      5.867192462,
      5.853932857,
      5.85740083,
      5.842994937,
      5.761509546,
      5.660605964,
      5.834094049,
      5.817385289,
      5.959378732,
      5.92296318,
      5.876953215,
      5.841085409,
      5.978683495,
      5.614877223,
      5.857324926,
      5.780042195,
      5.836330176,
      5.840331219,
      5.806835954,
      5.891008289,
      5.944947239,
      5.799176242,
      5.739529832,
      5.888022965,
      5.83450071,
      5.819611552,
      6.101235229,
      5.841497046,
      5.907080557,
      5.933893628,
      5.811412326,
      5.993849015,
      5.812972626,
      5.852311599,
      5.85863661,
      5.940745801,
      5.876240068,
      5.791523203,
      5.917539555
    ]
  },
  "warmup": {
    "times": [

    ]
  },
  "requests": {
    "times": [

    ]
  }
}
