{
  "version": 2,
  "settings": {
    "startup_iters": 150,
    "random_seed": 16541799507913229037,
    "worker_iterations": 0,
    "warmup_iterations": 0,
    "workers": 30,
    "puma_processes": 10,
    "puma_threads": 6,
    "port_num": 4567,
    "out_dir": ".",
    "discourse_revision": "a6ef10d61374a4d420799e7410a67b0afaeec637"
  },
  "environment": {
    "RUBY_VERSION": "2.0.0",
    "rvm current": "ext-mri-2.0.0"
  },
  "startup": {
    "times": [
      10.021299162,
      9.914875275,
      9.869072751,
      9.904890092,
      10.006002762,
      9.927259383,
      9.83678169,
      9.981203695,
      9.95302427,
      10.03195927,
      9.695730251,
      10.008938922,
      9.88833438,
      10.041777531,
      9.938354304,
      9.89523346,
      9.94223787,
      9.930467525,
      10.04828872,
      9.554349178,
      9.871430843,
      9.943975497,
      9.861235619,
      9.728450372,
      9.859741563,
      9.959148681,
      9.94588071,
      9.762566729,
      9.981401889,
      10.014366371,
      9.931415031,
      9.760942652,
      9.738334149,
      9.694933275,
      9.91245126,
      9.769232218,
      9.970863057,
      9.794131422,
      9.957351906,
      9.954448851,
      9.756300572,
      9.878600608,
      9.658400997,
      9.85526314,
      9.711218141,
      9.728934634,
      9.880899356,
      9.870928447,
      9.934204264,
      9.852013968,
      9.856985319,
      9.889367328,
      9.883277591,
      9.896145033,
      9.71847422,
      9.690187029,
      9.996074066,
      9.933689128,
      9.82579303,
      9.878503336,
      9.880348233,
      9.740521722,
      10.037969261,
      9.958483085,
      9.837980642,
      9.99047012,
      9.90103696,
      10.023455556,
      9.723921983,
      9.979298971,
      9.894872987,
      10.020837236,
      9.717795211,
      9.813769725,
      10.013805946,
      9.981914471,
      9.730179568,
      9.772459685,
      9.877111032,
      9.893485451,
      9.914717622,
      9.971369114,
      9.965420745,
      9.732853848,
      9.708476231,
      9.795750599,
      9.877461606,
      9.931313125,
      9.877481179,
      9.858394868,
      9.749300274,
      9.669348463,
      10.002351049,
      10.026116191,
      9.657154095,
      9.714904778,
      9.811384235,
      10.050516378,
      9.903532462,
      10.083415843,
      9.958275118,
      9.993399067,
      9.858286585,
      9.77880444,
      9.961675012,
      9.922331222,
      9.798672591,
      9.925587437,
      9.86004566,
      9.987564403,
      9.855210746,
      9.990408614,
      9.819841025,
      9.851838714,
      9.986026336,
      10.027585116,
      9.675317858,
      10.007705313,
      10.102576229,
      9.784216239,
      9.817654547,
      9.899450799,
      9.937131458,
      10.034443081,
      9.830927955,
      9.965561512,
      10.092357043,
      9.803401286,
      9.901856832,
      9.869576045,
      10.02012723,
      9.669441787,
      9.975834281,
      9.985061981,
      9.81085789,
      9.82081075,
      9.961835016,
      10.07678186,
      9.98005752,
      9.702263704,
      9.935229207,
      9.915145347,
      9.877409437,
      9.8397092,
      9.788568275,
      9.738012215,
      9.910697603,
      9.894620491,
      9.930938672,
      9.948397455
    ]
  },
  "warmup": {
    "times": [

    ]
  },
  "requests": {
    "times": [

    ]
  }
}
