{
  "version": 2,
  "settings": {
    "startup_iters": 50,
    "random_seed": 16541799507913229037,
    "worker_iterations": 0,
    "warmup_iterations": 0,
    "workers": 30,
    "puma_processes": 10,
    "puma_threads": 6,
    "port_num": 4567,
    "out_dir": ".",
    "discourse_revision": "02fb86916f5265ad8318c4415229753428c68eaf"
  },
  "environment": {
    "RUBY_VERSION": "2.3.4",
    "RUBY_DESCRIPTION": "ruby 2.3.4p301 (2017-03-30 revision 58214) [x86_64-linux]",
    "rvm current": "ext-mri-2.3.4"
  },
  "startup": {
    "times": [
      6.532368523,
      6.476571406,
      6.348271928,
      6.339568487,
      6.371139495,
      6.490390745,
      6.508396171,
      6.606537132,
      6.562937782,
      6.513356405,
      6.582267501,
      6.565729841,
      6.603896608,
      6.508062773,
      6.459932743,
      6.673557472,
      6.496627812,
      6.583215134,
      6.569114188,
      6.595007183,
      6.549322219,
      6.279371579,
      6.630772002,
      6.481300053,
      6.678567947,
      6.727855314,
      6.490803009,
      6.558361761,
      6.606756356,
      6.637135642,
      6.565641934,
      6.416859594,
      6.736765679,
      6.614416409,
      6.403223957,
      6.630963636,
      6.360674262,
      6.652147633,
      6.436454377,
      6.524179536,
      6.562629509,
      6.574140188,
      6.385287703,
      6.664854292,
      6.542614548,
      6.406278961,
      6.511653115,
      6.622235943,
      6.44570712,
      6.594453608
    ]
  },
  "warmup": {
    "times": [

    ]
  },
  "requests": {
    "times": [

    ]
  }
}
