{
  "version": 2,
  "settings": {
    "startup_iters": 50,
    "random_seed": 16541799507913229037,
    "worker_iterations": 0,
    "warmup_iterations": 0,
    "workers": 30,
    "puma_processes": 10,
    "puma_threads": 6,
    "port_num": 4567,
    "out_dir": ".",
    "discourse_revision": "02fb86916f5265ad8318c4415229753428c68eaf"
  },
  "environment": {
    "RUBY_VERSION": "2.3.4",
    "RUBY_DESCRIPTION": "ruby 2.3.4p301 (2017-03-30 revision 58214) [x86_64-linux]",
    "rvm current": "ext-mri-2.3.4"
  },
  "startup": {
    "times": [
      6.477455417,
      6.535729144,
      6.607144791,
      6.542559458,
      6.411402988,
      6.54760621,
      6.549027485,
      6.513817649,
      6.550213629,
      6.551031705,
      6.620559773,
      6.646347572,
      6.518614746,
      6.560403705,
      6.64650302,
      6.612779948,
      6.461474989,
      6.521988539,
      6.455035092,
      6.504104733,
      6.640983673,
      6.581752903,
      6.46933963,
      6.694222772,
      6.425967531,
      6.752112161,
      6.458953403,
      6.528968667,
      6.590140579,
      6.512679019,
      6.673205325,
      6.62622266,
      6.478790083,
      6.786642674,
      6.460986294,
      6.494962887,
      6.526717036,
      6.676572589,
      6.601951414,
      6.520723703,
      6.488688844,
      6.651582029,
      6.659271913,
      6.607583539,
      6.425783225,
      6.474532074,
      6.515878925,
      6.500469185,
      6.461774801,
      6.530569232
    ]
  },
  "warmup": {
    "times": [

    ]
  },
  "requests": {
    "times": [

    ]
  }
}
