{
  "version": 2,
  "settings": {
    "startup_iters": 50,
    "random_seed": 16541799507913229037,
    "worker_iterations": 0,
    "warmup_iterations": 0,
    "workers": 30,
    "puma_processes": 10,
    "puma_threads": 6,
    "port_num": 4567,
    "out_dir": ".",
    "discourse_revision": "02fb86916f5265ad8318c4415229753428c68eaf"
  },
  "environment": {
    "RUBY_VERSION": "2.4.1",
    "RUBY_DESCRIPTION": "ruby 2.4.1p111 (2017-03-22 revision 58053) [x86_64-linux]",
    "rvm current": "ext-mri-2.4.1"
  },
  "startup": {
    "times": [
      5.76970863,
      5.75497354,
      5.969600844,
      5.89995314,
      5.927140401,
      5.74789512,
      5.829571481,
      5.885258028,
      5.686828883,
      5.669067422,
      5.85847252,
      5.897450964,
      5.747784487,
      5.933067805,
      5.971312697,
      5.789198761,
      5.758705185,
      5.591960942,
      5.923097728,
      5.888919343,
      5.852817482,
      5.908968684,
      5.806042031,
      5.859716295,
      5.804671043,
      5.910545118,
      5.80000718,
      5.885317608,
      5.937494631,
      6.042558676,
      5.997172714,
      5.814873782,
      5.90907067,
      5.675919179,
      5.85908806,
      5.825106764,
      5.983403818,
      5.867824155,
      5.833865222,
      5.763650967,
      5.865381816,
      5.975893508,
      5.811320713,
      5.849477317,
      5.730705322,
      5.848512427,
      5.790411013,
      5.825105075,
      5.817995744,
      5.844165546
    ]
  },
  "warmup": {
    "times": [

    ]
  },
  "requests": {
    "times": [

    ]
  }
}
