{
  "version": 2,
  "settings": {
    "startup_iters": 50,
    "random_seed": 16541799507913229037,
    "worker_iterations": 0,
    "warmup_iterations": 0,
    "workers": 30,
    "puma_processes": 10,
    "puma_threads": 6,
    "port_num": 4567,
    "out_dir": ".",
    "discourse_revision": "02fb86916f5265ad8318c4415229753428c68eaf"
  },
  "environment": {
    "RUBY_VERSION": "2.3.4",
    "RUBY_DESCRIPTION": "ruby 2.3.4p301 (2017-03-30 revision 58214) [x86_64-linux]",
    "rvm current": "ext-mri-2.3.4"
  },
  "startup": {
    "times": [
      6.604778079,
      6.494123785,
      6.566308602,
      6.593179113,
      6.605263754,
      6.536174685,
      6.545191416,
      6.550575884,
      6.58198958,
      6.454619806,
      6.539272721,
      6.539294147,
      6.580738283,
      6.328929839,
      6.641461785,
      6.632985846,
      6.648528541,
      6.631014137,
      6.518036143,
      6.576997835,
      6.568922631,
      6.601127184,
      6.342298731,
      6.421986321,
      6.544280814,
      6.636598168,
      6.561550164,
      6.600743083,
      6.261326584,
      6.539376157,
      6.303566306,
      6.590201486,
      6.445874988,
      6.559755153,
      6.579818664,
      6.551671123,
      6.555673466,
      6.406789457,
      6.669766798,
      6.519148801,
      6.459731874,
      6.390876992,
      6.454079169,
      6.40767359,
      6.47559394,
      6.670135551,
      6.659245366,
      6.582776592,
      6.508060031,
      6.411127604
    ]
  },
  "warmup": {
    "times": [

    ]
  },
  "requests": {
    "times": [

    ]
  }
}
