{
  "version": 2,
  "settings": {
    "startup_iters": 50,
    "random_seed": 16541799507913229037,
    "worker_iterations": 0,
    "warmup_iterations": 0,
    "workers": 30,
    "puma_processes": 10,
    "puma_threads": 6,
    "port_num": 4567,
    "out_dir": ".",
    "discourse_revision": "02fb86916f5265ad8318c4415229753428c68eaf"
  },
  "environment": {
    "RUBY_VERSION": "2.4.1",
    "RUBY_DESCRIPTION": "ruby 2.4.1p111 (2017-03-22 revision 58053) [x86_64-linux]",
    "rvm current": "ext-mri-2.4.1"
  },
  "startup": {
    "times": [
      5.746560334,
      5.82053297,
      5.870025051,
      5.914686014,
      6.0013559,
      5.826565709,
      5.800831039,
      5.823467045,
      5.910905086,
      5.839739833,
      5.839114565,
      5.952737629,
      5.955102781,
      5.99344049,
      5.840570511,
      5.849630085,
      5.863748819,
      5.734039492,
      5.931824439,
      5.690211944,
      5.766715942,
      5.819624425,
      5.851017089,
      5.824513391,
      5.8706131,
      5.862623504,
      5.969440289,
      5.713233958,
      5.858631817,
      5.888902725,
      5.836599736,
      5.874735589,
      5.957635349,
      5.920765609,
      5.840583228,
      5.91691829,
      5.876003012,
      5.816799353,
      5.854937991,
      5.710534571,
      5.924033065,
      5.834028842,
      5.862922959,
      5.956137109,
      5.751663902,
      5.778827987,
      5.872754439,
      5.893576466,
      5.797911624,
      5.755949602
    ]
  },
  "warmup": {
    "times": [

    ]
  },
  "requests": {
    "times": [

    ]
  }
}
