{
  "version": 2,
  "settings": {
    "startup_iters": 150,
    "random_seed": 16541799507913229037,
    "worker_iterations": 0,
    "warmup_iterations": 0,
    "workers": 30,
    "puma_processes": 10,
    "puma_threads": 6,
    "port_num": 4567,
    "out_dir": ".",
    "discourse_revision": "a6ef10d61374a4d420799e7410a67b0afaeec637"
  },
  "environment": {
    "RUBY_VERSION": "2.0.0",
    "rvm current": "ext-mri-2.0.0"
  },
  "startup": {
    "times": [
      9.879089558,
      9.974577222,
      9.902416359,
      9.97158475,
      9.964867015,
      9.961744468,
      9.878851009,
      9.806599414,
      9.92161446,
      10.010444869,
      9.949008178,
      9.884940687,
      9.719221148,
      9.801391784,
      9.733043132,
      9.79229093,
      9.885174086,
      9.910489856,
      9.884424583,
      9.830416421,
      9.827023221,
      9.84386717,
      9.948735576,
      9.808184915,
      9.820477051,
      10.004076059,
      9.990995912,
      9.908317691,
      9.925618717,
      9.793399275,
      10.092113986,
      9.762902111,
      9.929879458,
      9.857082989,
      9.862693744,
      9.95066253,
      10.062010571,
      10.010725003,
      9.834673286,
      9.809907007,
      10.12232196,
      9.951043961,
      9.956442192,
      9.818342158,
      9.644061708,
      10.044722348,
      9.958704498,
      9.892812903,
      10.016909263,
      10.033964596,
      9.76428589,
      9.89877369,
      9.974012978,
      9.938562472,
      9.833717146,
      9.556656714,
      9.977669684,
      9.947709739,
      9.874835258,
      9.796053954,
      9.839333957,
      9.962188919,
      9.846530772,
      9.79596575,
      9.835150688,
      9.843448491,
      9.743441838,
      9.942430054,
      9.65049761,
      9.817285336,
      9.971245011,
      9.844791458,
      9.994921661,
      9.943958295,
      9.796367826,
      10.014336043,
      9.920638185,
      9.883890246,
      9.985969825,
      9.89846538,
      10.111762083,
      9.930910926,
      9.881870248,
      9.904520563,
      9.857190587,
      9.715734084,
      9.863348642,
      9.943380097,
      9.977397422,
      10.014838664,
      9.959050062,
      9.946650804,
      9.697740583,
      9.924604023,
      9.835978288,
      9.876477354,
      9.80136585,
      9.93352263,
      9.907130378,
      9.808234877,
      10.005737551,
      9.798408066,
      9.740075904,
      9.967169072,
      10.003780107,
      9.867006138,
      9.794369915,
      9.835093247,
      9.933560744,
      9.954856559,
      9.811174806,
      9.938446921,
      9.798560768,
      9.986702215,
      9.953913028,
      9.846923304,
      10.063961744,
      10.021861571,
      9.960768392,
      9.859432723,
      9.938988285,
      9.967900312,
      9.844505404,
      9.874878801,
      10.173348805,
      9.93122411,
      10.05347955,
      9.959488557,
      9.915880794,
      9.967255264,
      9.760310748,
      9.787361818,
      9.988410558,
      10.020909109,
      9.889552952,
      9.9850117,
      10.01198829,
      10.165523903,
      9.925737022,
      9.767641096,
      10.027340164,
      10.03018698,
      10.146755711,
      9.850729582,
      9.806732135,
      9.937293584,
      10.009304637,
      10.154693755,
      9.925673339,
      9.889177125
    ]
  },
  "warmup": {
    "times": [

    ]
  },
  "requests": {
    "times": [

    ]
  }
}
