{
  "version": 2,
  "settings": {
    "startup_iters": 50,
    "random_seed": 16541799507913229037,
    "worker_iterations": 0,
    "warmup_iterations": 0,
    "workers": 30,
    "puma_processes": 10,
    "puma_threads": 6,
    "port_num": 4567,
    "out_dir": ".",
    "discourse_revision": "02fb86916f5265ad8318c4415229753428c68eaf"
  },
  "environment": {
    "RUBY_VERSION": "2.3.4",
    "RUBY_DESCRIPTION": "ruby 2.3.4p301 (2017-03-30 revision 58214) [x86_64-linux]",
    "rvm current": "ext-mri-2.3.4"
  },
  "startup": {
    "times": [
      6.658735826,
      6.577433212,
      6.583735892,
      6.583321943,
      6.548569397,
      6.584370049,
      6.485029538,
      6.651499566,
      6.723780612,
      6.734243889,
      6.534485123,
      6.371133313,
      6.470219395,
      6.526733822,
      6.796519076,
      6.593986978,
      6.60919517,
      6.413416913,
      6.530179459,
      6.347621626,
      6.64479848,
      6.426616695,
      6.610838912,
      6.561497958,
      6.559370271,
      6.604121836,
      6.438981934,
      6.45599617,
      6.520950756,
      6.505341932,
      6.451305872,
      6.558903647,
      6.707124799,
      6.644740001,
      6.543800498,
      6.559965641,
      6.438045548,
      6.526219906,
      6.524351389,
      6.290758967,
      6.394821923,
      6.686750095,
      6.617245996,
      6.462170057,
      6.557507559,
      6.619055028,
      6.555290759,
      6.578519621,
      6.539390829,
      6.656953341
    ]
  },
  "warmup": {
    "times": [

    ]
  },
  "requests": {
    "times": [

    ]
  }
}
