{
  "version": 2,
  "settings": {
    "startup_iters": 50,
    "random_seed": 16541799507913229037,
    "worker_iterations": 0,
    "warmup_iterations": 0,
    "workers": 30,
    "puma_processes": 10,
    "puma_threads": 6,
    "port_num": 4567,
    "out_dir": ".",
    "discourse_revision": "02fb86916f5265ad8318c4415229753428c68eaf"
  },
  "environment": {
    "RUBY_VERSION": "2.3.4",
    "RUBY_DESCRIPTION": "ruby 2.3.4p301 (2017-03-30 revision 58214) [x86_64-linux]",
    "rvm current": "ext-mri-2.3.4"
  },
  "startup": {
    "times": [
      6.496189887,
      6.566674933,
      6.295806752,
      6.331194565,
      6.528355146,
      6.624185052,
      6.573915032,
      6.491875458,
      6.51649932,
      6.506122481,
      6.573527141,
      6.616716699,
      6.394072746,
      6.557162884,
      6.324412141,
      6.37444574,
      6.525463015,
      6.554145269,
      6.31662286,
      6.682305331,
      6.493556536,
      6.446783842,
      6.469794412,
      6.624188057,
      6.524065432,
      6.482939086,
      6.589694955,
      6.357233593,
      6.43640474,
      6.538914218,
      6.565900208,
      6.5375026,
      6.645440246,
      6.517527682,
      6.428821791,
      6.554146437,
      6.559563904,
      6.447259458,
      6.443083987,
      6.505462449,
      6.416520933,
      6.499769961,
      6.491534565,
      6.726851251,
      6.626634656,
      6.467841781,
      6.616679675,
      6.471225765,
      6.569381773,
      6.571193923
    ]
  },
  "warmup": {
    "times": [

    ]
  },
  "requests": {
    "times": [

    ]
  }
}
