{
  "version": 2,
  "settings": {
    "startup_iters": 50,
    "random_seed": 16541799507913229037,
    "worker_iterations": 0,
    "warmup_iterations": 0,
    "workers": 30,
    "puma_processes": 10,
    "puma_threads": 6,
    "port_num": 4567,
    "out_dir": ".",
    "discourse_revision": "02fb86916f5265ad8318c4415229753428c68eaf"
  },
  "environment": {
    "RUBY_VERSION": "2.3.4",
    "RUBY_DESCRIPTION": "ruby 2.3.4p301 (2017-03-30 revision 58214) [x86_64-linux]",
    "rvm current": "ext-mri-2.3.4"
  },
  "startup": {
    "times": [
      6.663696782,
      6.540611383,
      6.438127197,
      6.718611997,
      6.531867991,
      6.498482742,
      6.4348887,
      6.462886121,
      6.5672261,
      6.64310459,
      6.554400147,
      6.578597588,
      6.612796111,
      6.563677664,
      6.557031355,
      6.541506196,
      6.687156641,
      6.589004887,
      6.516731747,
      6.576446994,
      6.52397661,
      6.460176434,
      6.620011926,
      6.569665522,
      6.466144434,
      6.46233805,
      6.616407966,
      6.472943788,
      6.625849171,
      6.476885557,
      6.632466591,
      6.354297153,
      6.547065014,
      6.518488599,
      6.546517489,
      6.527922479,
      6.347861954,
      6.603947154,
      6.604617649,
      6.621311075,
      6.491577224,
      6.487655133,
      6.440681173,
      6.48867846,
      6.707039002,
      6.640760567,
      6.366891149,
      6.441518155,
      6.537831637,
      6.627788466
    ]
  },
  "warmup": {
    "times": [

    ]
  },
  "requests": {
    "times": [

    ]
  }
}
