{
  "version": 2,
  "settings": {
    "startup_iters": 50,
    "random_seed": 16541799507913229037,
    "worker_iterations": 0,
    "warmup_iterations": 0,
    "workers": 30,
    "puma_processes": 10,
    "puma_threads": 6,
    "port_num": 4567,
    "out_dir": ".",
    "discourse_revision": "02fb86916f5265ad8318c4415229753428c68eaf"
  },
  "environment": {
    "RUBY_VERSION": "2.3.4",
    "RUBY_DESCRIPTION": "ruby 2.3.4p301 (2017-03-30 revision 58214) [x86_64-linux]",
    "rvm current": "ext-mri-2.3.4"
  },
  "startup": {
    "times": [
      6.549103885,
      6.53813344,
      6.687858959,
      6.547294337,
      6.494840882,
      6.55131234,
      6.543654351,
      6.635708245,
      6.414604458,
      6.664097446,
      6.493963973,
      6.634634027,
      6.565560543,
      6.368975947,
      6.434946699,
      6.687588087,
      6.343743757,
      6.567208646,
      6.650231344,
      6.620443024,
      6.512522505,
      6.590871049,
      6.627601567,
      6.574698873,
      6.502246283,
      6.58429887,
      6.337290593,
      6.642023434,
      6.493924269,
      6.536755064,
      6.433667401,
      6.628957016,
      6.59192457,
      6.573407313,
      6.524678308,
      6.408883303,
      6.487943812,
      6.693924835,
      6.576466497,
      6.562613006,
      6.563951002,
      6.480175051,
      6.440967594,
      6.619449255,
      6.52905723,
      6.53855077,
      6.369141075,
      6.593894781,
      6.566664803,
      6.530796122
    ]
  },
  "warmup": {
    "times": [

    ]
  },
  "requests": {
    "times": [

    ]
  }
}
