{
  "version": 2,
  "settings": {
    "startup_iters": 150,
    "random_seed": 16541799507913229037,
    "worker_iterations": 0,
    "warmup_iterations": 0,
    "workers": 30,
    "puma_processes": 10,
    "puma_threads": 6,
    "port_num": 4567,
    "out_dir": ".",
    "discourse_revision": "a6ef10d61374a4d420799e7410a67b0afaeec637"
  },
  "environment": {
    "RUBY_VERSION": "2.2.7",
    "rvm current": "ext-mri-2.2.7"
  },
  "startup": {
    "times": [
      7.517145008,
      7.780659794,
      7.888296903,
      7.854596138,
      7.792010098,
      7.785944439,
      7.84537884,
      7.758271138,
      7.543136053,
      7.71381171,
      7.796823703,
      7.776701488,
      7.819335689,
      8.012095904,
      7.713148286,
      7.842571632,
      7.819826923,
      7.799499966,
      7.825146259,
      7.854790092,
      7.784023073,
      7.833428452,
      7.88730484,
      7.931935605,
      7.802893041,
      7.87595556,
      8.005186264,
      7.870011933,
      7.769080237,
      7.944873602,
      7.947198914,
      7.631502424,
      7.832307064,
      7.825142443,
      7.789622236,
      7.543575173,
      7.727963978,
      7.803782098,
      7.854218831,
      7.896636801,
      7.822366072,
      7.685248485,
      7.519955163,
      7.88388077,
      7.911266522,
      7.885787144,
      7.806549361,
      7.544320574,
      7.59314852,
      7.802037742,
      7.838253172,
      7.863704623,
      7.778935418,
      7.840036868,
      7.862126626,
      7.892346823,
      7.751236353,
      7.7307375,
      7.882752069,
      7.91523008,
      7.895769845,
      7.679772909,
      7.781423978,
      7.858765927,
      7.858520991,
      7.87279393,
      7.987296542,
      7.910401237,
      7.728327653,
      7.918642028,
      7.78244615,
      7.666719974,
      7.741084057,
      7.804100549,
      7.837220766,
      7.978026747,
      7.810674198,
      7.639093661,
      7.859090776,
      7.743776675,
      7.818597653,
      7.789711039,
      7.885073469,
      7.72378459,
      7.818469328,
      7.974172556,
      7.821474995,
      7.761696109,
      7.856751279,
      7.717317719,
      7.805805135,
      7.844399738,
      7.893660309,
      7.844917984,
      7.831174533,
      7.810135704,
      7.644098237,
      7.839737392,
      7.649761856,
      7.841450928,
      7.890686773,
      7.869030084,
      7.968751839,
      7.894287216,
      7.711407428,
      7.813829849,
      7.684189054,
      7.621847026,
      7.888212337,
      7.734041057,
      7.686807087,
      7.804977869,
      7.853473654,
      7.802531598,
      7.896151706,
      7.752214858,
      7.711133657,
      7.584662442,
      7.883846138,
      7.854930502,
      7.86947332,
      7.854770533,
      7.864444294,
      7.569394144,
      7.90413502,
      7.866720563,
      7.838368267,
      7.847696584,
      7.828289758,
      7.868963439,
      7.735937251,
      7.875914206,
      7.685098078,
      7.849961216,
      7.908167099,
      7.743300168,
      7.788397623,
      7.990525911,
      7.989209468,
      7.568289583,
      7.842169909,
      8.00432755,
      7.72818216,
      7.974434958,
      7.912876874,
      7.976392799,
      7.93487149,
      7.796690288,
      7.782615607,
      7.830783218
    ]
  },
  "warmup": {
    "times": [

    ]
  },
  "requests": {
    "times": [

    ]
  }
}
