{
  "version": 2,
  "settings": {
    "startup_iters": 50,
    "random_seed": 16541799507913229037,
    "worker_iterations": 0,
    "warmup_iterations": 0,
    "workers": 30,
    "puma_processes": 10,
    "puma_threads": 6,
    "port_num": 4567,
    "out_dir": ".",
    "discourse_revision": "02fb86916f5265ad8318c4415229753428c68eaf"
  },
  "environment": {
    "RUBY_VERSION": "2.4.1",
    "RUBY_DESCRIPTION": "ruby 2.4.1p111 (2017-03-22 revision 58053) [x86_64-linux]",
    "rvm current": "ext-mri-2.4.1"
  },
  "startup": {
    "times": [
      5.799710472,
      5.942525698,
      5.716199148,
      5.908587924,
      5.762138786,
      5.793036891,
      5.764233636,
      5.916236715,
      5.786320169,
      5.715801867,
      5.829548963,
      5.762189112,
      5.83963652,
      5.84118056,
      5.80287785,
      5.960587596,
      5.874521246,
      5.853726021,
      5.773667616,
      5.811462232,
      5.752902765,
      5.819334843,
      5.790188176,
      5.857571089,
      5.867967308,
      5.830321502,
      5.645479692,
      5.926488078,
      5.90662294,
      5.951848739,
      5.845894034,
      5.905130866,
      5.897114298,
      5.825467209,
      5.883092267,
      5.724552023,
      5.788050088,
      5.828128632,
      5.7126259,
      5.876108722,
      5.819486621,
      5.814818946,
      5.806571146,
      5.920295527,
      5.941177433,
      5.768810191,
      5.902728586,
      5.855913482,
      5.813313533,
      5.874170688
    ]
  },
  "warmup": {
    "times": [

    ]
  },
  "requests": {
    "times": [

    ]
  }
}
