{
  "version": 2,
  "settings": {
    "startup_iters": 150,
    "random_seed": 16541799507913229037,
    "worker_iterations": 0,
    "warmup_iterations": 0,
    "workers": 30,
    "puma_processes": 10,
    "puma_threads": 6,
    "port_num": 4567,
    "out_dir": ".",
    "discourse_revision": "a6ef10d61374a4d420799e7410a67b0afaeec637"
  },
  "environment": {
    "RUBY_VERSION": "2.1.10",
    "rvm current": "ext-mri-2.1.10"
  },
  "startup": {
    "times": [
      7.961670148,
      7.832023564,
      7.6853953,
      7.638364351,
      8.038648953,
      8.03359682,
      7.795985195,
      7.753146913,
      7.999911093,
      8.071937865,
      7.761570751,
      7.802100757,
      7.745968266,
      7.806815385,
      7.995836184,
      7.754704142,
      7.851526202,
      7.802391125,
      7.937280217,
      7.881302298,
      7.834330782,
      8.023519831,
      8.063204735,
      7.874258499,
      7.975714846,
      7.711291451,
      8.020331386,
      7.828864462,
      7.722318742,
      7.949200827,
      7.912533091,
      7.964268414,
      8.020171417,
      7.874332784,
      7.956744014,
      7.936967259,
      8.000925677,
      7.740952106,
      7.848426465,
      7.909090654,
      7.769272007,
      7.825647516,
      7.90283181,
      7.835940823,
      7.981853787,
      7.946028725,
      7.886946891,
      7.970786382,
      7.842943946,
      7.768958861,
      7.967982286,
      7.843938107,
      7.844031867,
      7.882141239,
      7.940201029,
      7.998583585,
      7.871966501,
      8.016489947,
      8.005537802,
      8.054198812,
      7.85336001,
      7.839871255,
      7.776404898,
      7.889265726,
      8.015237937,
      7.882188682,
      7.997737809,
      7.921640648,
      7.881358251,
      7.83994134,
      7.920589186,
      7.832489847,
      7.9513489,
      7.854438936,
      7.814553218,
      7.977410094,
      7.888062894,
      7.705186179,
      7.742049855,
      7.917873894,
      7.757347913,
      7.76615788,
      7.791519404,
      8.011087788,
      7.903595443,
      7.965360042,
      8.025998275,
      7.791255984,
      7.88603893,
      7.796016318,
      7.835673814,
      7.853432174,
      7.974281547,
      7.963356479,
      7.983916041,
      7.923772097,
      7.934053506,
      7.631095185,
      7.784339889,
      7.80895207,
      7.927859358,
      7.769429552,
      7.74901611,
      7.969030745,
      7.838150609,
      7.744937257,
      8.040224624,
      7.941050248,
      7.64071263,
      7.90325788,
      7.918245914,
      7.97955049,
      7.664931669,
      7.942160225,
      7.78445654,
      7.86054469,
      7.923912248,
      7.865897812,
      7.917036558,
      7.852028788,
      7.781791209,
      7.648569518,
      7.846427204,
      7.927686174,
      7.901594101,
      7.923748857,
      7.925475329,
      7.864564122,
      7.908873484,
      7.850399348,
      7.916356095,
      7.887851331,
      7.8891212,
      7.914514572,
      7.950667256,
      7.859418278,
      7.874766716,
      7.970936582,
      8.028784961,
      8.039582328,
      7.769186902,
      7.814038693,
      7.916337539,
      7.962095573,
      7.842095337,
      7.998576523,
      7.875367749,
      7.933074451,
      7.759066122,
      8.016139388
    ]
  },
  "warmup": {
    "times": [

    ]
  },
  "requests": {
    "times": [

    ]
  }
}
