{
  "version": 2,
  "settings": {
    "startup_iters": 150,
    "random_seed": 16541799507913229037,
    "worker_iterations": 0,
    "warmup_iterations": 0,
    "workers": 30,
    "puma_processes": 10,
    "puma_threads": 6,
    "port_num": 4567,
    "out_dir": ".",
    "discourse_revision": "a6ef10d61374a4d420799e7410a67b0afaeec637"
  },
  "environment": {
    "RUBY_VERSION": "2.0.0",
    "rvm current": "ext-mri-2.0.0"
  },
  "startup": {
    "times": [
      9.84784828,
      9.974220109,
      9.876048297,
      9.958158953,
      9.794757611,
      9.898695542,
      9.823546572,
      9.856941749,
      9.953219387,
      9.8344981,
      10.004414523,
      9.81023641,
      9.870940169,
      9.920509885,
      9.809886632,
      9.922825693,
      9.596303008,
      9.997800534,
      10.03314118,
      9.834629035,
      9.846880761,
      9.791522972,
      9.95020279,
      9.978205662,
      9.70655495,
      10.076033415,
      9.862938354,
      9.673003142,
      10.113227711,
      9.876331124,
      9.88491035,
      9.833291853,
      9.725919382,
      9.876848954,
      10.006025496,
      9.801941905,
      9.82977974,
      9.960627165,
      9.913641327,
      9.728992612,
      9.906902757,
      9.874486012,
      9.887678709,
      9.945138424,
      9.822331915,
      9.927198972,
      9.816417915,
      10.082162802,
      9.567639989,
      9.96592021,
      9.951527246,
      9.942428581,
      9.978036862,
      9.910288859,
      9.935456022,
      9.783763451,
      9.874154271,
      9.92437887,
      9.950064872,
      9.842790746,
      9.903349278,
      9.904359126,
      9.918537304,
      9.712851283,
      9.865894224,
      9.876691961,
      9.854720101,
      9.972371687,
      9.893812041,
      9.907248239,
      10.015372,
      10.007278901,
      9.851325107,
      9.771754492,
      9.633850868,
      9.847363505,
      9.956420299,
      10.052759453,
      9.914152499,
      9.944680162,
      9.771173367,
      9.865415728,
      9.833316498,
      9.908673675,
      9.9852285,
      9.698510686,
      9.948611437,
      10.090661264,
      9.700393096,
      9.979012787,
      10.037146631,
      9.752133217,
      9.797005378,
      9.919683874,
      9.848085226,
      9.873007955,
      9.872761978,
      9.755255206,
      9.821922486,
      10.080823032,
      9.942228768,
      9.633594499,
      9.843903143,
      10.077627129,
      10.04823474,
      9.834430349,
      9.983743262,
      9.707112244,
      10.007491573,
      9.786016846,
      9.955858416,
      9.908428257,
      9.890821928,
      9.874422259,
      9.99417224,
      10.109794417,
      9.949902044,
      9.987585954,
      10.011044214,
      9.880085927,
      9.924391393,
      10.036016922,
      10.022859224,
      9.992886389,
      10.27523615,
      9.935027975,
      9.874942521,
      9.80023754,
      9.882508789,
      9.930771901,
      9.978051867,
      9.919648857,
      9.979661468,
      9.940570965,
      9.880095019,
      9.858020758,
      9.848638229,
      9.822980585,
      9.990162622,
      9.89213854,
      9.877509814,
      10.018226568,
      9.942012548,
      9.976107284,
      9.76225325,
      9.941427265,
      10.154116092,
      9.808467102,
      9.837472192,
      9.841935728
    ]
  },
  "warmup": {
    "times": [

    ]
  },
  "requests": {
    "times": [

    ]
  }
}
