{
  "version": 2,
  "settings": {
    "startup_iters": 150,
    "random_seed": 16541799507913229037,
    "worker_iterations": 0,
    "warmup_iterations": 0,
    "workers": 30,
    "puma_processes": 10,
    "puma_threads": 6,
    "port_num": 4567,
    "out_dir": ".",
    "discourse_revision": "a6ef10d61374a4d420799e7410a67b0afaeec637"
  },
  "environment": {
    "RUBY_VERSION": "2.1.10",
    "rvm current": "ext-mri-2.1.10"
  },
  "startup": {
    "times": [
      8.051309845,
      7.801519148,
      7.678630826,
      7.778873757,
      7.888113972,
      7.92859778,
      7.933969859,
      7.844626094,
      7.954290555,
      7.903079342,
      7.778084874,
      7.839544393,
      7.524626799,
      7.920935624,
      7.933983038,
      7.964056591,
      7.856898614,
      7.728156493,
      7.947069542,
      7.915297485,
      7.95386672,
      7.907508118,
      7.771052512,
      7.753702281,
      7.570058409,
      7.843216089,
      7.849604054,
      7.816209721,
      7.81800017,
      7.857509271,
      8.048303653,
      8.031437121,
      7.959544985,
      7.875213057,
      7.67778934,
      7.843101695,
      7.802615564,
      7.998942441,
      7.766401234,
      7.758672657,
      8.069698596,
      7.981190271,
      7.976155607,
      7.808613018,
      7.899896995,
      7.888477357,
      7.933738498,
      7.873061642,
      7.942911469,
      7.986142701,
      7.966317647,
      7.876740903,
      7.954582659,
      8.04235906,
      7.902901371,
      7.841721626,
      7.909984376,
      8.002264605,
      7.897815788,
      7.960508103,
      7.764424873,
      7.930981269,
      7.858806746,
      7.94977281,
      7.870754411,
      7.705231503,
      7.780933829,
      7.916884494,
      7.709819526,
      7.910026101,
      7.915521866,
      7.972179394,
      7.923762396,
      8.00132281,
      7.823699716,
      7.999079099,
      7.936561861,
      8.006261961,
      7.860241364,
      7.928442775,
      7.860988879,
      7.880625099,
      7.60898635,
      7.930012006,
      7.769604595,
      7.989768844,
      7.788878562,
      7.920193976,
      7.92830963,
      7.968395355,
      7.875958092,
      7.908659685,
      7.92548818,
      7.999252157,
      7.993468974,
      7.686302889,
      7.957863336,
      7.802845096,
      7.961370591,
      7.862509166,
      8.043882421,
      7.528621727,
      7.864121042,
      7.98711866,
      7.875405172,
      7.862225656,
      8.024319466,
      7.94424574,
      7.926485353,
      7.830357637,
      7.73025486,
      7.783747299,
      7.940845407,
      7.812794232,
      7.926538821,
      7.847081154,
      7.908199602,
      7.836563759,
      8.031965507,
      8.023955315,
      7.950422367,
      7.788617304,
      7.855447315,
      7.917337419,
      7.893193737,
      7.724021052,
      7.696695315,
      8.005883039,
      7.626823613,
      7.896878139,
      7.934977358,
      7.885297224,
      7.945921378,
      7.973582442,
      7.847794472,
      7.939165063,
      7.884458646,
      7.953294553,
      7.999435289,
      7.937421069,
      7.994680045,
      7.992074717,
      7.810054886,
      7.881032104,
      7.997105234,
      7.74035973,
      7.729353525,
      7.968571074,
      7.799764735,
      7.785872164
    ]
  },
  "warmup": {
    "times": [

    ]
  },
  "requests": {
    "times": [

    ]
  }
}
