{
  "version": 2,
  "settings": {
    "startup_iters": 50,
    "random_seed": 16541799507913229037,
    "worker_iterations": 0,
    "warmup_iterations": 0,
    "workers": 30,
    "puma_processes": 10,
    "puma_threads": 6,
    "port_num": 4567,
    "out_dir": ".",
    "discourse_revision": "02fb86916f5265ad8318c4415229753428c68eaf"
  },
  "environment": {
    "RUBY_VERSION": "2.4.1",
    "RUBY_DESCRIPTION": "ruby 2.4.1p111 (2017-03-22 revision 58053) [x86_64-linux]",
    "rvm current": "ext-mri-2.4.1"
  },
  "startup": {
    "times": [
      5.774257558,
      5.766717381,
      5.747723038,
      5.852837593,
      5.86223172,
      5.666342427,
      5.891416759,
      5.904832926,
      5.771435233,
      5.613815096,
      5.821332357,
      5.881882587,
      5.956550586,
      5.953323357,
      5.807999668,
      6.090676668,
      5.774557297,
      5.942254946,
      5.718394586,
      5.88618437,
      5.857721898,
      5.90256128,
      5.864271719,
      5.71281237,
      5.887707586,
      5.95027953,
      5.86875852,
      5.920537273,
      5.976175778,
      5.700709558,
      5.822556748,
      5.869975866,
      5.932144293,
      5.930661847,
      5.87836328,
      5.831925213,
      5.827200997,
      5.882495702,
      5.847096258,
      5.86577873,
      5.78970358,
      5.876758547,
      5.913317456,
      6.119921273,
      5.79829237,
      5.986087312,
      5.845073277,
      5.706124491,
      5.863553679,
      5.84866878
    ]
  },
  "warmup": {
    "times": [

    ]
  },
  "requests": {
    "times": [

    ]
  }
}
