{
  "version": 2,
  "settings": {
    "startup_iters": 150,
    "random_seed": 16541799507913229037,
    "worker_iterations": 0,
    "warmup_iterations": 0,
    "workers": 30,
    "puma_processes": 10,
    "puma_threads": 6,
    "port_num": 4567,
    "out_dir": ".",
    "discourse_revision": "a6ef10d61374a4d420799e7410a67b0afaeec637"
  },
  "environment": {
    "RUBY_VERSION": "2.0.0",
    "rvm current": "ext-mri-2.0.0"
  },
  "startup": {
    "times": [
      9.786534331,
      9.905793519,
      9.93784078,
      9.859930562,
      9.745683089,
      9.946866816,
      9.907582699,
      9.760517263,
      9.993039615,
      10.147615244,
      9.704033164,
      9.921954025,
      9.870346377,
      9.933151388,
      9.939029002,
      9.976470702,
      9.951459017,
      9.766208988,
      9.909882581,
      9.873472133,
      9.995463901,
      10.040369523,
      9.912279258,
      9.914740708,
      9.936408458,
      9.78934587,
      9.814547199,
      9.745896116,
      10.062470962,
      9.822598184,
      9.861706677,
      9.384621483,
      9.616700086,
      9.984432438,
      9.860101984,
      9.894450783,
      9.73218001,
      9.80409756,
      9.688209884,
      9.934223357,
      9.870427647,
      9.891999571,
      9.995358491,
      9.968029904,
      9.950115647,
      9.915027828,
      9.891784305,
      9.997685334,
      9.958930801,
      9.842722338,
      9.873123666,
      9.814786365,
      9.924567141,
      10.110029863,
      10.003268723,
      10.049827397,
      10.026511651,
      9.967983825,
      9.937624238,
      9.9668053,
      9.943473091,
      9.75132195,
      9.694912663,
      9.601742604,
      9.858292539,
      9.920883654,
      9.75412428,
      9.957133511,
      9.876894336,
      9.977244692,
      9.873482847,
      10.048624205,
      9.668004487,
      9.986411102,
      9.913399695,
      9.754307749,
      9.858124281,
      9.847942825,
      9.856789699,
      9.981986477,
      9.901299887,
      10.025814563,
      9.810930934,
      9.821254864,
      9.702041517,
      9.892661745,
      9.775147145,
      9.983092666,
      9.919615729,
      9.993766475,
      9.656918179,
      9.915886457,
      9.823470344,
      9.990110071,
      9.897157369,
      9.941618133,
      9.921660956,
      9.912134533,
      9.897986497,
      9.920481643,
      9.940513394,
      9.961742318,
      9.880301889,
      9.803349169,
      9.866093937,
      9.848415673,
      10.001907282,
      9.850688004,
      9.930277172,
      9.854796312,
      10.044019506,
      10.040737913,
      9.945056466,
      9.896354621,
      9.910804822,
      9.928867095,
      9.942457101,
      9.721648712,
      9.885161467,
      9.685628571,
      9.851572306,
      10.04727399,
      10.145414116,
      10.046330347,
      9.926137992,
      9.834914564,
      9.728426896,
      9.876522876,
      9.818046352,
      10.018151841,
      10.043493691,
      9.666775885,
      9.971492822,
      9.725108823,
      9.951955738,
      9.923914814,
      9.993096727,
      9.842774763,
      9.905780738,
      9.655030587,
      9.903961346,
      9.928617601,
      9.941155047,
      9.938665752,
      9.670164293,
      10.138901181,
      9.725693395,
      10.029883436,
      9.962866078,
      9.871921665
    ]
  },
  "warmup": {
    "times": [

    ]
  },
  "requests": {
    "times": [

    ]
  }
}
