{
  "version": 2,
  "settings": {
    "startup_iters": 150,
    "random_seed": 16541799507913229037,
    "worker_iterations": 0,
    "warmup_iterations": 0,
    "workers": 30,
    "puma_processes": 10,
    "puma_threads": 6,
    "port_num": 4567,
    "out_dir": ".",
    "discourse_revision": "a6ef10d61374a4d420799e7410a67b0afaeec637"
  },
  "environment": {
    "RUBY_VERSION": "2.1.10",
    "rvm current": "ext-mri-2.1.10"
  },
  "startup": {
    "times": [
      7.91777284,
      7.649407351,
      7.844303405,
      7.842591291,
      8.01149027,
      7.777217703,
      8.021648944,
      7.888761129,
      7.838433975,
      7.941632778,
      7.943548723,
      7.858285173,
      7.908279546,
      7.965163058,
      7.893601332,
      7.89410281,
      7.927848268,
      7.791881374,
      7.8882459,
      7.687924074,
      7.852313279,
      7.854438648,
      7.803869904,
      7.832509378,
      7.801066644,
      7.837487217,
      7.995482934,
      7.742544836,
      7.879247282,
      7.946771351,
      7.904188005,
      7.903393201,
      7.947816858,
      7.912449826,
      7.777411901,
      7.884067692,
      7.805690146,
      7.810803128,
      7.857491573,
      7.843631948,
      7.81993753,
      7.882127028,
      7.923272526,
      7.81905915,
      7.785844046,
      7.957861927,
      7.892381533,
      7.978765609,
      7.966445714,
      7.784040172,
      7.782539577,
      7.838216002,
      7.990792214,
      7.896205755,
      7.773569742,
      7.86107096,
      7.952897823,
      7.936108046,
      7.827704637,
      7.887332512,
      7.855693264,
      7.600983162,
      7.972585371,
      7.938788488,
      7.899513198,
      7.761243216,
      7.942634525,
      7.959656248,
      8.059005404,
      7.90978522,
      7.777595127,
      7.688451478,
      7.833668249,
      7.6213946,
      7.947473198,
      7.944205866,
      8.020709187,
      7.901847935,
      7.979212196,
      7.811712582,
      7.775423758,
      7.905727805,
      7.845548834,
      7.869155615,
      7.779262652,
      7.95898956,
      7.904316717,
      7.891319866,
      7.840337088,
      7.63256202,
      7.90742259,
      7.790622992,
      7.731288965,
      7.984153858,
      7.909570328,
      7.936855596,
      7.998555664,
      7.743050494,
      7.728867391,
      7.877285098,
      7.931518532,
      7.992522918,
      7.961309533,
      7.767780039,
      7.824216791,
      7.929010859,
      7.894807999,
      7.807104063,
      7.858619202,
      7.672687739,
      7.812388622,
      8.114465994,
      7.832841481,
      7.8896383,
      7.852521337,
      7.919704951,
      7.929023263,
      7.783353608,
      7.999461043,
      7.838240096,
      7.972710362,
      7.944690142,
      7.733343343,
      7.979924305,
      7.902478405,
      7.853635519,
      7.839789786,
      7.84815608,
      7.79453368,
      8.038207834,
      7.924125603,
      7.83911471,
      7.8901807,
      7.774300027,
      7.911254211,
      7.853011853,
      7.929583655,
      7.86673116,
      7.626130495,
      7.7547566,
      7.716873788,
      7.871880128,
      8.019958581,
      7.909446863,
      7.801299738,
      7.849365362,
      7.861833295,
      7.908974618,
      7.747834573,
      7.766391406
    ]
  },
  "warmup": {
    "times": [

    ]
  },
  "requests": {
    "times": [

    ]
  }
}
