{
  "version": 2,
  "settings": {
    "startup_iters": 150,
    "random_seed": 16541799507913229037,
    "worker_iterations": 0,
    "warmup_iterations": 0,
    "workers": 30,
    "puma_processes": 10,
    "puma_threads": 6,
    "port_num": 4567,
    "out_dir": ".",
    "discourse_revision": "a6ef10d61374a4d420799e7410a67b0afaeec637"
  },
  "environment": {
    "RUBY_VERSION": "2.1.10",
    "rvm current": "ext-mri-2.1.10"
  },
  "startup": {
    "times": [
      7.84240557,
      7.79362953,
      7.665688414,
      7.634890358,
      7.75799502,
      7.813059645,
      7.866474106,
      8.020378472,
      7.981949174,
      7.794030102,
      7.956583104,
      7.870149729,
      7.850376339,
      7.923020696,
      7.875629437,
      7.851618319,
      7.968571748,
      7.87686301,
      7.809199968,
      8.01697486,
      7.858852022,
      7.90606908,
      7.903380961,
      7.970947001,
      7.921408692,
      7.927500105,
      7.864481253,
      7.918719613,
      7.654977434,
      7.770199844,
      7.712854543,
      7.902933442,
      7.814700252,
      7.943420327,
      8.00941611,
      7.999040667,
      8.03987847,
      7.833357858,
      8.038765391,
      8.03024192,
      7.942928357,
      7.944834746,
      7.770593541,
      7.824778845,
      7.795432247,
      7.881029598,
      7.734013943,
      7.85561356,
      7.890084391,
      7.724293506,
      7.893081316,
      8.062604797,
      7.920846424,
      7.980922963,
      7.841815631,
      7.879132546,
      7.835498877,
      7.801157792,
      7.812746284,
      7.936095515,
      7.87663495,
      8.06964145,
      7.928633549,
      7.777516455,
      7.839638484,
      7.884336955,
      7.952567983,
      7.825482386,
      7.889430902,
      7.789837993,
      7.889974824,
      7.869445672,
      8.062433505,
      7.898938642,
      7.942422721,
      7.939669365,
      8.038682657,
      7.87084255,
      7.783418155,
      8.055970724,
      7.854452909,
      7.676548172,
      7.833309175,
      7.935131064,
      7.997681586,
      7.93271348,
      7.960601425,
      7.806287957,
      7.848053481,
      8.079363392,
      7.89977457,
      7.738352738,
      7.876205278,
      7.864487109,
      7.700328461,
      7.898540845,
      7.806085512,
      7.786853899,
      7.839301767,
      7.694409568,
      7.906131583,
      7.868937503,
      7.991208301,
      7.944701309,
      7.845692773,
      7.810021372,
      8.00140985,
      7.783500539,
      7.934704535,
      7.707533508,
      7.964718427,
      7.837949284,
      7.860661652,
      7.890048383,
      8.001651038,
      7.914810053,
      8.137545753,
      7.714871744,
      7.737578293,
      7.8079766,
      7.806623628,
      7.90588406,
      7.808548338,
      7.87856488,
      7.859786041,
      7.864615262,
      7.849147174,
      7.896243065,
      7.745955849,
      7.990109048,
      7.905931055,
      7.763946527,
      7.851699926,
      7.81723423,
      7.877480413,
      7.824980835,
      8.017635766,
      7.880711996,
      7.978579926,
      7.979584929,
      7.844014544,
      7.827934969,
      7.751806865,
      7.65661448,
      7.938047238,
      7.721460985,
      7.976928985,
      7.813907087,
      7.812974561,
      7.752743068
    ]
  },
  "warmup": {
    "times": [

    ]
  },
  "requests": {
    "times": [

    ]
  }
}
