{
  "version": 2,
  "settings": {
    "startup_iters": 50,
    "random_seed": 16541799507913229037,
    "worker_iterations": 0,
    "warmup_iterations": 0,
    "workers": 30,
    "puma_processes": 10,
    "puma_threads": 6,
    "port_num": 4567,
    "out_dir": ".",
    "discourse_revision": "02fb86916f5265ad8318c4415229753428c68eaf"
  },
  "environment": {
    "RUBY_VERSION": "2.4.1",
    "RUBY_DESCRIPTION": "ruby 2.4.1p111 (2017-03-22 revision 58053) [x86_64-linux]",
    "rvm current": "ext-mri-2.4.1"
  },
  "startup": {
    "times": [
      5.623809458,
      5.843751455,
      5.881843779,
      5.814935442,
      5.831352271,
      5.812343062,
      5.764264313,
      5.889233049,
      5.918190353,
      5.750362386,
      5.926360398,
      5.786411754,
      5.867416671,
      5.912096148,
      5.884836285,
      5.710222729,
      5.952330612,
      5.856161333,
      5.754664553,
      5.920630735,
      5.883005379,
      5.869458121,
      5.883450462,
      5.933194786,
      5.932732282,
      5.861657776,
      5.995636787,
      5.762124626,
      5.871474555,
      5.889820472,
      5.814029081,
      5.899750445,
      5.82318978,
      5.883782973,
      5.959553327,
      5.750642458,
      5.782919321,
      5.946524116,
      5.867755013,
      5.856169438,
      5.856792554,
      5.946296443,
      5.788808602,
      5.583832634,
      5.875973932,
      5.820162963,
      5.803303162,
      5.827988112,
      5.906085393,
      5.950411666
    ]
  },
  "warmup": {
    "times": [

    ]
  },
  "requests": {
    "times": [

    ]
  }
}
