{
  "version": 2,
  "settings": {
    "startup_iters": 150,
    "random_seed": 16541799507913229037,
    "worker_iterations": 0,
    "warmup_iterations": 0,
    "workers": 30,
    "puma_processes": 10,
    "puma_threads": 6,
    "port_num": 4567,
    "out_dir": ".",
    "discourse_revision": "a6ef10d61374a4d420799e7410a67b0afaeec637"
  },
  "environment": {
    "RUBY_VERSION": "2.0.0",
    "rvm current": "ext-mri-2.0.0"
  },
  "startup": {
    "times": [
      9.70861333,
      9.753631636,
      9.793021409,
      9.959121331,
      9.779493986,
      9.783866218,
      9.937346803,
      9.820753392,
      10.03948376,
      10.006729493,
      9.812480893,
      9.735447981,
      9.824447617,
      10.042033749,
      9.95958202,
      9.839809626,
      9.892121283,
      9.894460352,
      9.995377361,
      9.931693424,
      9.877616433,
      10.147895642,
      9.795801073,
      9.875972688,
      9.926798553,
      10.015718599,
      9.76283964,
      9.862574573,
      9.993648085,
      9.769762808,
      10.048564863,
      9.873102663,
      9.663292688,
      9.995872383,
      9.811565288,
      9.801766668,
      9.604164424,
      9.846476517,
      9.983039443,
      9.879521785,
      9.821804667,
      9.79725373,
      9.725996025,
      9.859228618,
      9.903095259,
      9.806705964,
      9.919385204,
      9.7496949,
      9.924105514,
      9.976105637,
      9.724548466,
      9.805079459,
      9.99586505,
      9.882479389,
      9.909042153,
      9.638781923,
      9.830616701,
      9.967880178,
      9.731413825,
      9.767257858,
      9.859183413,
      9.844210986,
      9.863037121,
      9.710037873,
      9.912420124,
      10.018097617,
      9.808073094,
      9.787267746,
      9.898190814,
      9.995433774,
      9.898949284,
      9.877705442,
      9.890234778,
      9.969465485,
      9.838295908,
      9.812495276,
      9.83230181,
      9.943829492,
      9.840621358,
      9.805831341,
      9.965853388,
      9.866883107,
      9.918323988,
      10.074416673,
      9.962934628,
      9.840815346,
      10.08127867,
      9.895157232,
      9.981244394,
      9.954973615,
      10.080242684,
      9.823336212,
      9.872765858,
      9.808406974,
      10.065057061,
      9.992685013,
      10.187662315,
      9.845578172,
      9.900069487,
      9.84120952,
      9.820431933,
      9.737700305,
      9.886505161,
      10.083452364,
      9.984769857,
      9.891589572,
      9.883616692,
      9.958594156,
      10.020216098,
      9.783502975,
      9.865586494,
      9.974125142,
      9.89600421,
      9.788333454,
      9.838052468,
      10.006546641,
      9.91272033,
      9.982501018,
      9.819826808,
      9.855621017,
      9.672381435,
      9.804272809,
      10.076315887,
      10.078773991,
      9.925522239,
      10.015465508,
      9.969410304,
      9.772690789,
      9.902117342,
      9.955894389,
      9.696810986,
      9.84273704,
      9.774137951,
      9.941380093,
      10.011843699,
      9.807439178,
      9.952026652,
      9.977844396,
      9.781025557,
      9.84317384,
      9.928932886,
      9.771550614,
      9.568336075,
      10.103648567,
      9.627983838,
      9.888951288,
      9.870672405,
      9.973255756,
      9.822514869,
      10.001678852
    ]
  },
  "warmup": {
    "times": [

    ]
  },
  "requests": {
    "times": [

    ]
  }
}
