{
  "version": 2,
  "settings": {
    "startup_iters": 50,
    "random_seed": 16541799507913229037,
    "worker_iterations": 0,
    "warmup_iterations": 0,
    "workers": 30,
    "puma_processes": 10,
    "puma_threads": 6,
    "port_num": 4567,
    "out_dir": ".",
    "discourse_revision": "02fb86916f5265ad8318c4415229753428c68eaf"
  },
  "environment": {
    "RUBY_VERSION": "2.3.4",
    "RUBY_DESCRIPTION": "ruby 2.3.4p301 (2017-03-30 revision 58214) [x86_64-linux]",
    "rvm current": "ext-mri-2.3.4"
  },
  "startup": {
    "times": [
      6.447632273,
      6.468715011,
      6.548915756,
      6.60544715,
      6.433226308,
      6.599680707,
      6.616129517,
      6.583500468,
      6.595363488,
      6.635505413,
      6.431742553,
      6.620219847,
      6.665158117,
      6.578014553,
      6.448120284,
      6.606480129,
      6.585923456,
      6.558067898,
      6.459443613,
      6.287794671,
      6.497823505,
      6.412002035,
      6.610132791,
      6.670465072,
      6.64439328,
      6.623500066,
      6.595956148,
      6.6521244,
      6.522897109,
      6.558428482,
      6.572393384,
      6.604655613,
      6.58610781,
      6.562241335,
      6.663118273,
      6.562558891,
      6.619375704,
      6.56582692,
      6.504982523,
      6.529026786,
      6.443900663,
      6.356322595,
      6.497407053,
      6.660227215,
      6.684377828,
      6.31692319,
      6.499821573,
      6.617887934,
      6.430199444,
      6.44934292
    ]
  },
  "warmup": {
    "times": [

    ]
  },
  "requests": {
    "times": [

    ]
  }
}
