{
  "version": 2,
  "settings": {
    "startup_iters": 50,
    "random_seed": 16541799507913229037,
    "worker_iterations": 0,
    "warmup_iterations": 0,
    "workers": 30,
    "puma_processes": 10,
    "puma_threads": 6,
    "port_num": 4567,
    "out_dir": ".",
    "discourse_revision": "02fb86916f5265ad8318c4415229753428c68eaf"
  },
  "environment": {
    "RUBY_VERSION": "2.3.4",
    "RUBY_DESCRIPTION": "ruby 2.3.4p301 (2017-03-30 revision 58214) [x86_64-linux]",
    "rvm current": "ext-mri-2.3.4"
  },
  "startup": {
    "times": [
      6.351605994,
      6.541599824,
      6.519603512,
      6.602688784,
      6.44794683,
      6.302414159,
      6.569059728,
      6.475544505,
      6.485770589,
      6.277158269,
      6.681111857,
      6.607158684,
      6.498609658,
      6.557206081,
      6.492474299,
      6.552851638,
      6.627985403,
      6.605336673,
      6.676389495,
      6.516158986,
      6.514002429,
      6.599106118,
      6.667896195,
      6.34250264,
      6.467039796,
      6.699337399,
      6.612281931,
      6.600855889,
      6.416539654,
      6.395208099,
      6.487475296,
      6.371648906,
      6.522813157,
      6.556687259,
      6.596390219,
      6.535561954,
      6.488618426,
      6.532977185,
      6.505908798,
      6.550639319,
      6.569945366,
      6.464335929,
      6.502179315,
      6.481999291,
      6.606239801,
      6.612606216,
      6.551475821,
      6.583355264,
      6.505207787,
      6.312215054
    ]
  },
  "warmup": {
    "times": [

    ]
  },
  "requests": {
    "times": [

    ]
  }
}
