{
  "version": 2,
  "settings": {
    "startup_iters": 50,
    "random_seed": 16541799507913229037,
    "worker_iterations": 0,
    "warmup_iterations": 0,
    "workers": 30,
    "puma_processes": 10,
    "puma_threads": 6,
    "port_num": 4567,
    "out_dir": ".",
    "discourse_revision": "02fb86916f5265ad8318c4415229753428c68eaf"
  },
  "environment": {
    "RUBY_VERSION": "2.4.1",
    "RUBY_DESCRIPTION": "ruby 2.4.1p111 (2017-03-22 revision 58053) [x86_64-linux]",
    "rvm current": "ext-mri-2.4.1"
  },
  "startup": {
    "times": [
      6.052605744,
      5.73283196,
      5.813700092,
      5.783689745,
      6.042347008,
      5.923942501,
      5.841917719,
      5.997187217,
      5.792185913,
      5.884786751,
      5.781140778,
      5.799964942,
      5.769966713,
      5.93526574,
      5.923833623,
      5.862169015,
      5.775066879,
      5.940657241,
      5.666698867,
      5.820810155,
      5.851205409,
      5.884305445,
      5.861663062,
      5.868298517,
      5.827609327,
      5.896983644,
      5.792214918,
      5.815416888,
      5.69798786,
      5.91056446,
      5.882686041,
      5.834963967,
      5.970998366,
      6.026711941,
      5.891776029,
      5.930282434,
      5.808644079,
      5.84586835,
      5.860887543,
      5.900148038,
      5.817117135,
      5.777963359,
      5.815473411,
      5.66682746,
      5.88535534,
      5.957614044,
      5.879174402,
      5.872384787,
      5.829426198,
      5.907778348
    ]
  },
  "warmup": {
    "times": [

    ]
  },
  "requests": {
    "times": [

    ]
  }
}
