{
  "version": 2,
  "settings": {
    "startup_iters": 50,
    "random_seed": 16541799507913229037,
    "worker_iterations": 0,
    "warmup_iterations": 0,
    "workers": 30,
    "puma_processes": 10,
    "puma_threads": 6,
    "port_num": 4567,
    "out_dir": ".",
    "discourse_revision": "02fb86916f5265ad8318c4415229753428c68eaf"
  },
  "environment": {
    "RUBY_VERSION": "2.3.4",
    "RUBY_DESCRIPTION": "ruby 2.3.4p301 (2017-03-30 revision 58214) [x86_64-linux]",
    "rvm current": "ext-mri-2.3.4"
  },
  "startup": {
    "times": [
      6.621120207,
      6.563586119,
      6.663223213,
      6.597591118,
      6.56013128,
      6.553805495,
      6.491979509,
      6.535292287,
      6.47993902,
      6.52636939,
      6.633755562,
      6.612103718,
      6.566897038,
      6.514242655,
      6.557928672,
      6.318337253,
      6.552303761,
      6.468298922,
      6.554992319,
      6.547365767,
      6.545590775,
      6.424862213,
      6.58716144,
      6.495973734,
      6.478640009,
      6.580436159,
      6.41118372,
      6.518558727,
      6.635781823,
      6.442863846,
      6.598427661,
      6.562194266,
      6.561711858,
      6.640344958,
      6.564796703,
      6.627637537,
      6.64616921,
      6.74483948,
      6.391893646,
      6.521879467,
      6.56685549,
      6.505114658,
      6.665273697,
      6.536533018,
      6.540792525,
      6.412173631,
      6.633878976,
      6.62915447,
      6.523465218,
      6.288880419
    ]
  },
  "warmup": {
    "times": [

    ]
  },
  "requests": {
    "times": [

    ]
  }
}
