{
  "version": 2,
  "settings": {
    "startup_iters": 50,
    "random_seed": 16541799507913229037,
    "worker_iterations": 0,
    "warmup_iterations": 0,
    "workers": 30,
    "puma_processes": 10,
    "puma_threads": 6,
    "port_num": 4567,
    "out_dir": ".",
    "discourse_revision": "02fb86916f5265ad8318c4415229753428c68eaf"
  },
  "environment": {
    "RUBY_VERSION": "2.3.4",
    "RUBY_DESCRIPTION": "ruby 2.3.4p301 (2017-03-30 revision 58214) [x86_64-linux]",
    "rvm current": "ext-mri-2.3.4"
  },
  "startup": {
    "times": [
      6.567827383,
      6.523287845,
      6.52844555,
      6.606306566,
      6.642156594,
      6.49733222,
      6.400244178,
      6.551205394,
      6.570625448,
      6.581311395,
      6.455321371,
      6.638662211,
      6.617491123,
      6.353587086,
      6.600105488,
      6.619490357,
      6.491767666,
      6.535531626,
      6.425146595,
      6.548323033,
      6.556074313,
      6.55362789,
      6.535230143,
      6.525747794,
      6.700930715,
      6.522151111,
      6.616426903,
      6.609834497,
      6.572335367,
      6.551262611,
      6.642576987,
      6.553705549,
      6.660956945,
      6.407692197,
      6.526209021,
      6.585108484,
      6.653350497,
      6.563051246,
      6.549688044,
      6.651160071,
      6.687706607,
      6.572135548,
      6.560674001,
      6.457719499,
      6.482757349,
      6.643169286,
      6.601074226,
      6.331121742,
      6.612035874,
      6.651826563
    ]
  },
  "warmup": {
    "times": [

    ]
  },
  "requests": {
    "times": [

    ]
  }
}
