{
  "version": 2,
  "settings": {
    "startup_iters": 50,
    "random_seed": 16541799507913229037,
    "worker_iterations": 0,
    "warmup_iterations": 0,
    "workers": 30,
    "puma_processes": 10,
    "puma_threads": 6,
    "port_num": 4567,
    "out_dir": ".",
    "discourse_revision": "02fb86916f5265ad8318c4415229753428c68eaf"
  },
  "environment": {
    "RUBY_VERSION": "2.4.1",
    "RUBY_DESCRIPTION": "ruby 2.4.1p111 (2017-03-22 revision 58053) [x86_64-linux]",
    "rvm current": "ext-mri-2.4.1"
  },
  "startup": {
    "times": [
      5.957536974,
      5.787709429,
      5.702091116,
      5.901768912,
      5.884862439,
      5.894755388,
      5.911324704,
      5.885544123,
      6.005216129,
      5.722756925,
      5.837238918,
      5.862403404,
      5.705802698,
      5.83017707,
      5.834287855,
      5.804483016,
      5.791662954,
      5.923215452,
      5.848152324,
      5.975568849,
      5.858653347,
      5.85281409,
      5.911555102,
      5.783277811,
      5.88852854,
      5.95837583,
      5.720107655,
      5.909140804,
      5.799593984,
      5.822208688,
      5.904291133,
      5.944535975,
      5.91352756,
      5.837744171,
      5.822209517,
      5.791876688,
      5.879864848,
      5.732238672,
      5.739754067,
      5.951428031,
      5.920711718,
      5.79256205,
      5.987175846,
      5.788879465,
      5.900082801,
      5.947745519,
      5.840030344,
      5.9569515,
      5.830805314,
      5.849983245
    ]
  },
  "warmup": {
    "times": [

    ]
  },
  "requests": {
    "times": [

    ]
  }
}
