{
  "version": 2,
  "settings": {
    "startup_iters": 50,
    "random_seed": 16541799507913229037,
    "worker_iterations": 0,
    "warmup_iterations": 0,
    "workers": 30,
    "puma_processes": 10,
    "puma_threads": 6,
    "port_num": 4567,
    "out_dir": ".",
    "discourse_revision": "02fb86916f5265ad8318c4415229753428c68eaf"
  },
  "environment": {
    "RUBY_VERSION": "2.4.1",
    "RUBY_DESCRIPTION": "ruby 2.4.1p111 (2017-03-22 revision 58053) [x86_64-linux]",
    "rvm current": "ext-mri-2.4.1"
  },
  "startup": {
    "times": [
      5.905149258,
      5.828576832,
      5.884400155,
      5.941206128,
      5.878196664,
      5.851529279,
      5.864273873,
      5.737240414,
      5.850275315,
      5.821993932,
      5.909112415,
      6.020200735,
      5.561952319,
      5.836504653,
      5.826801793,
      5.810932317,
      5.827887477,
      5.969578475,
      5.852349428,
      5.859446078,
      5.743106204,
      5.778743486,
      5.872484803,
      5.911428033,
      5.916099607,
      5.779079698,
      5.845044324,
      5.851974406,
      5.864804596,
      5.882774361,
      5.751072914,
      5.825622614,
      5.86779373,
      5.751046877,
      5.817750925,
      5.762105176,
      5.723337644,
      5.826281996,
      5.906538868,
      5.955727607,
      5.959324494,
      5.841362236,
      5.887372437,
      5.920215207,
      5.849703037,
      5.837574585,
      5.948423784,
      5.8555248,
      5.785524818,
      5.772188719
    ]
  },
  "warmup": {
    "times": [

    ]
  },
  "requests": {
    "times": [

    ]
  }
}
