{
  "version": 2,
  "settings": {
    "startup_iters": 50,
    "random_seed": 16541799507913229037,
    "worker_iterations": 0,
    "warmup_iterations": 0,
    "workers": 30,
    "puma_processes": 10,
    "puma_threads": 6,
    "port_num": 4567,
    "out_dir": ".",
    "discourse_revision": "02fb86916f5265ad8318c4415229753428c68eaf"
  },
  "environment": {
    "RUBY_VERSION": "2.4.1",
    "RUBY_DESCRIPTION": "ruby 2.4.1p111 (2017-03-22 revision 58053) [x86_64-linux]",
    "rvm current": "ext-mri-2.4.1"
  },
  "startup": {
    "times": [
      5.666027774,
      5.937922656,
      5.879795144,
      5.901624078,
      5.965033082,
      5.938397657,
      5.780369278,
      5.856503888,
      5.900962377,
      5.828179094,
      5.848707551,
      5.935017303,
      6.00020675,
      5.903239192,
      5.950277196,
      5.853661718,
      5.905468856,
      5.806397683,
      5.821928523,
      5.935656655,
      5.836111076,
      5.926226462,
      5.887975536,
      5.891872122,
      5.963011658,
      5.794288214,
      5.650878914,
      5.83522785,
      5.932685397,
      5.794155783,
      5.847657764,
      5.85560584,
      5.821604834,
      5.853197753,
      5.936541275,
      5.888879086,
      5.701259369,
      5.799637966,
      5.844629008,
      5.937066308,
      5.916055313,
      5.932079829,
      5.798076566,
      5.87996927,
      5.840112986,
      5.728720473,
      5.871488677,
      5.851256087,
      5.861036231,
      5.890787761
    ]
  },
  "warmup": {
    "times": [

    ]
  },
  "requests": {
    "times": [

    ]
  }
}
