{
  "version": 2,
  "settings": {
    "startup_iters": 50,
    "random_seed": 16541799507913229037,
    "worker_iterations": 0,
    "warmup_iterations": 0,
    "workers": 30,
    "puma_processes": 10,
    "puma_threads": 6,
    "port_num": 4567,
    "out_dir": ".",
    "discourse_revision": "02fb86916f5265ad8318c4415229753428c68eaf"
  },
  "environment": {
    "RUBY_VERSION": "2.4.1",
    "RUBY_DESCRIPTION": "ruby 2.4.1p111 (2017-03-22 revision 58053) [x86_64-linux]",
    "rvm current": "ext-mri-2.4.1"
  },
  "startup": {
    "times": [
      5.808866055,
      5.886402899,
      5.831054309,
      5.746959425,
      5.944581846,
      5.781951047,
      5.716182383,
      5.873415536,
      5.842321305,
      5.730228231,
      5.752886702,
      5.787597107,
      5.831522453,
      5.783942022,
      5.881468808,
      5.953129259,
      5.955408684,
      5.960832833,
      5.739794026,
      5.7882281,
      5.903369363,
      5.874445036,
      5.787051417,
      5.91345542,
      6.013590928,
      5.83013972,
      5.811082023,
      5.866157328,
      5.804978511,
      5.900207557,
      5.910769383,
      5.870980203,
      5.984383696,
      5.870743301,
      5.772967718,
      5.835785044,
      5.883850128,
      5.762179499,
      5.895147826,
      5.890456212,
      5.770631423,
      5.925306799,
      5.821889959,
      5.854396585,
      5.922029559,
      5.74836057,
      5.836533304,
      5.741445524,
      5.78765461,
      5.893249812
    ]
  },
  "warmup": {
    "times": [

    ]
  },
  "requests": {
    "times": [

    ]
  }
}
