{
  "version": 2,
  "settings": {
    "startup_iters": 50,
    "random_seed": 16541799507913229037,
    "worker_iterations": 0,
    "warmup_iterations": 0,
    "workers": 30,
    "puma_processes": 10,
    "puma_threads": 6,
    "port_num": 4567,
    "out_dir": ".",
    "discourse_revision": "02fb86916f5265ad8318c4415229753428c68eaf"
  },
  "environment": {
    "RUBY_VERSION": "2.3.4",
    "RUBY_DESCRIPTION": "ruby 2.3.4p301 (2017-03-30 revision 58214) [x86_64-linux]",
    "rvm current": "ext-mri-2.3.4"
  },
  "startup": {
    "times": [
      6.703067668,
      6.486341304,
      6.434923966,
      6.51625382,
      6.535003642,
      6.579250197,
      6.2868085,
      6.40811098,
      6.487624404,
      6.364950663,
      6.556023419,
      6.511286148,
      6.4915192,
      6.639667098,
      6.450040448,
      6.526527972,
      6.445108734,
      6.466014225,
      6.471686411,
      6.436987739,
      6.525764298,
      6.539925208,
      6.724503131,
      6.575059065,
      6.502520074,
      6.426627365,
      6.602036941,
      6.524069266,
      6.62379107,
      6.750483602,
      6.484835997,
      6.616389696,
      6.508230012,
      6.690415141,
      6.479157139,
      6.38048173,
      6.551788194,
      6.644756201,
      6.456465977,
      6.620138854,
      6.45831804,
      6.691395932,
      6.605492412,
      6.46590929,
      6.40482142,
      6.461616349,
      6.564645834,
      6.575925179,
      6.662634867,
      6.469981091
    ]
  },
  "warmup": {
    "times": [

    ]
  },
  "requests": {
    "times": [

    ]
  }
}
