{
  "version": 2,
  "settings": {
    "startup_iters": 50,
    "random_seed": 16541799507913229037,
    "worker_iterations": 0,
    "warmup_iterations": 0,
    "workers": 30,
    "puma_processes": 10,
    "puma_threads": 6,
    "port_num": 4567,
    "out_dir": ".",
    "discourse_revision": "02fb86916f5265ad8318c4415229753428c68eaf"
  },
  "environment": {
    "RUBY_VERSION": "2.4.1",
    "RUBY_DESCRIPTION": "ruby 2.4.1p111 (2017-03-22 revision 58053) [x86_64-linux]",
    "rvm current": "ext-mri-2.4.1"
  },
  "startup": {
    "times": [
      5.740806096,
      5.888262258,
      5.82201412,
      5.805514308,
      5.877473408,
      5.961814515,
      5.89918303,
      5.897127893,
      5.726637515,
      5.95690632,
      5.874985642,
      5.882462251,
      5.775014041,
      5.827664931,
      5.965295422,
      5.606362928,
      5.836685613,
      5.903032019,
      5.855827104,
      5.915334552,
      5.827612888,
      5.829600488,
      5.77936409,
      5.81353825,
      5.836198627,
      5.847069528,
      5.79379574,
      5.863731884,
      5.828006326,
      5.920414897,
      5.982363606,
      5.88349289,
      5.825570555,
      5.839312659,
      5.888648377,
      5.744870908,
      5.800713504,
      5.86757165,
      6.020345542,
      5.852511095,
      5.975067366,
      5.802698038,
      5.870483059,
      5.914746316,
      5.910456279,
      5.866921457,
      5.881080437,
      5.764033394,
      5.79389072,
      5.877278506
    ]
  },
  "warmup": {
    "times": [

    ]
  },
  "requests": {
    "times": [

    ]
  }
}
