{
  "version": 2,
  "settings": {
    "startup_iters": 150,
    "random_seed": 16541799507913229037,
    "worker_iterations": 0,
    "warmup_iterations": 0,
    "workers": 30,
    "puma_processes": 10,
    "puma_threads": 6,
    "port_num": 4567,
    "out_dir": ".",
    "discourse_revision": "a6ef10d61374a4d420799e7410a67b0afaeec637"
  },
  "environment": {
    "RUBY_VERSION": "2.0.0",
    "rvm current": "ext-mri-2.0.0"
  },
  "startup": {
    "times": [
      9.94668788,
      9.966079099,
      9.70889939,
      9.843134216,
      9.923369426,
      10.019961158,
      9.779200873,
      9.964411639,
      9.806779213,
      9.979995354,
      9.941118415,
      9.855940852,
      9.824796769,
      9.960672396,
      9.958161576,
      9.89746291,
      9.913719841,
      10.089954855,
      9.92058321,
      10.09172578,
      9.924090422,
      9.800525902,
      9.827769967,
      9.998084399,
      9.876677827,
      9.93679488,
      9.966580626,
      9.65468013,
      9.989326069,
      9.854063921,
      10.08975793,
      9.781113349,
      9.667113589,
      9.926384302,
      10.029762915,
      9.68425225,
      9.720888497,
      9.816822771,
      9.898294111,
      10.008088758,
      9.944576999,
      9.861055646,
      9.89897835,
      10.030316874,
      9.957598654,
      9.945412201,
      9.710755969,
      9.594414528,
      9.787276701,
      10.002655472,
      10.005994547,
      10.004799116,
      9.890490179,
      10.051884804,
      9.866166872,
      9.950665187,
      10.022739148,
      10.109163429,
      9.93759765,
      9.910301233,
      9.914076328,
      9.820166108,
      9.965417792,
      9.992351522,
      10.016548241,
      9.664730594,
      9.803576853,
      9.941457915,
      9.756042518,
      9.817443383,
      9.696936015,
      9.651448736,
      9.612063182,
      9.893937176,
      9.933384616,
      9.835161615,
      9.872565912,
      9.975019496,
      9.888180911,
      10.075015141,
      10.030287861,
      10.022057685,
      9.835119567,
      9.883808199,
      9.894844841,
      9.766536254,
      9.745814931,
      9.988731829,
      9.775789661,
      9.918926099,
      9.858504372,
      9.677144056,
      9.973274539,
      10.013686966,
      9.797172485,
      9.832816537,
      9.786983184,
      9.864771195,
      9.859646846,
      9.853832841,
      9.809212429,
      10.077747077,
      9.804482751,
      9.975742881,
      10.032915404,
      9.942220849,
      9.993356646,
      9.784039162,
      9.93585451,
      9.961755825,
      10.023333329,
      9.902155106,
      9.923685685,
      10.014163839,
      10.025071137,
      9.891326309,
      9.970129595,
      10.054479067,
      10.051342621,
      9.925084714,
      9.789723314,
      9.811608254,
      9.920680123,
      10.029815068,
      9.900040025,
      9.999961978,
      9.949666519,
      9.940741697,
      9.97854152,
      9.919195404,
      9.957699491,
      9.801281572,
      9.779156675,
      9.869329069,
      9.880125815,
      9.878296567,
      9.941177163,
      9.873055675,
      9.927712961,
      9.819189959,
      9.921288191,
      10.012918486,
      10.049912624,
      9.992100368,
      9.889750109,
      9.942679644,
      10.035952768,
      9.781253608,
      9.895045802,
      9.788283395
    ]
  },
  "warmup": {
    "times": [

    ]
  },
  "requests": {
    "times": [

    ]
  }
}
