{
  "version": 2,
  "settings": {
    "startup_iters": 50,
    "random_seed": 16541799507913229037,
    "worker_iterations": 0,
    "warmup_iterations": 0,
    "workers": 30,
    "puma_processes": 10,
    "puma_threads": 6,
    "port_num": 4567,
    "out_dir": ".",
    "discourse_revision": "02fb86916f5265ad8318c4415229753428c68eaf"
  },
  "environment": {
    "RUBY_VERSION": "2.3.4",
    "RUBY_DESCRIPTION": "ruby 2.3.4p301 (2017-03-30 revision 58214) [x86_64-linux]",
    "rvm current": "ext-mri-2.3.4"
  },
  "startup": {
    "times": [
      6.480563028,
      6.502369219,
      6.554035277,
      6.590528001,
      6.57743086,
      6.609417169,
      6.424771285,
      6.382253876,
      6.518517215,
      6.450445917,
      6.486264434,
      6.309970425,
      6.617083255,
      6.524055716,
      6.518402564,
      6.328107431,
      6.578480887,
      6.488068039,
      6.521722049,
      6.64763926,
      6.592750765,
      6.720852558,
      6.552162794,
      6.555827848,
      6.620345268,
      6.626065885,
      6.458244498,
      6.503897283,
      6.584803123,
      6.631981389,
      6.711987935,
      6.150480179,
      6.483607206,
      6.599636818,
      6.432736746,
      6.470968329,
      6.60431887,
      6.469929326,
      6.48270036,
      6.602026534,
      6.684083256,
      6.670066637,
      6.64218799,
      6.483814373,
      6.607081106,
      6.697153947,
      6.600947754,
      6.467277574,
      6.508137169,
      6.520249175
    ]
  },
  "warmup": {
    "times": [

    ]
  },
  "requests": {
    "times": [

    ]
  }
}
