{
  "version": 2,
  "settings": {
    "startup_iters": 150,
    "random_seed": 16541799507913229037,
    "worker_iterations": 0,
    "warmup_iterations": 0,
    "workers": 30,
    "puma_processes": 10,
    "puma_threads": 6,
    "port_num": 4567,
    "out_dir": ".",
    "discourse_revision": "a6ef10d61374a4d420799e7410a67b0afaeec637"
  },
  "environment": {
    "RUBY_VERSION": "2.0.0",
    "rvm current": "ext-mri-2.0.0"
  },
  "startup": {
    "times": [
      9.87320234,
      9.876283422,
      9.847697021,
      9.767702268,
      9.786921985,
      10.047461252,
      9.72095051,
      9.843088733,
      9.830594356,
      9.993713965,
      9.916241591,
      9.886241204,
      9.942036421,
      9.966187875,
      9.966730064,
      9.810095418,
      9.873039227,
      9.771194162,
      9.918641436,
      9.94745517,
      10.04068521,
      9.780912653,
      9.791534796,
      9.904135649,
      9.770569026,
      9.965327401,
      9.826629036,
      9.775230544,
      9.897683191,
      9.849624575,
      9.863277712,
      9.871996321,
      10.008142703,
      10.084781653,
      9.987326961,
      9.86121194,
      9.823728068,
      10.012431129,
      9.745166313,
      9.863312968,
      9.845027345,
      10.045990912,
      9.84929449,
      9.731747625,
      9.958659632,
      9.878429157,
      9.979522342,
      9.794127784,
      9.933056866,
      9.956993133,
      9.983764127,
      9.898920628,
      10.045059874,
      9.814312585,
      9.847961671,
      9.824892097,
      9.893177645,
      9.852416991,
      9.958620453,
      9.860048467,
      9.816804188,
      9.761265338,
      9.989017161,
      9.934140051,
      9.865411576,
      9.650018618,
      9.875194592,
      9.950565833,
      9.878645888,
      9.898881103,
      9.975835077,
      9.958393856,
      9.685497423,
      9.953478747,
      9.992641761,
      9.976581788,
      10.016638132,
      10.004408523,
      9.857253908,
      9.946000818,
      9.840675296,
      9.842939085,
      9.950754285,
      9.75837154,
      10.115841706,
      10.045738718,
      9.935616338,
      9.921286166,
      9.913689197,
      9.76406049,
      9.828183704,
      9.78520774,
      9.918913426,
      9.9148334,
      9.923713785,
      9.887127218,
      9.858367183,
      10.035288039,
      9.848082914,
      9.804940006,
      9.83513026,
      9.756175636,
      9.804255336,
      10.093808675,
      9.726846305,
      9.896391833,
      9.749793988,
      9.988645282,
      9.814794361,
      9.991494274,
      9.892183617,
      10.111870792,
      9.882689855,
      9.888214318,
      9.844353907,
      9.972134305,
      9.898257043,
      9.775116842,
      9.929187138,
      9.862727694,
      9.8561985,
      9.776680559,
      9.97091271,
      10.049593669,
      9.651028255,
      9.973691716,
      9.982536837,
      10.005042621,
      10.11571447,
      9.967105281,
      9.843082065,
      9.954616968,
      9.878744058,
      9.885095631,
      9.994466146,
      9.861223149,
      9.998655725,
      10.009678593,
      9.913318955,
      9.852826331,
      9.931258384,
      9.813135738,
      9.879051344,
      9.979300432,
      9.826041031,
      9.888382904,
      9.986036082,
      9.982305459,
      9.931632825,
      9.847156475
    ]
  },
  "warmup": {
    "times": [

    ]
  },
  "requests": {
    "times": [

    ]
  }
}
