{
  "version": 2,
  "settings": {
    "startup_iters": 50,
    "random_seed": 16541799507913229037,
    "worker_iterations": 0,
    "warmup_iterations": 0,
    "workers": 30,
    "puma_processes": 10,
    "puma_threads": 6,
    "port_num": 4567,
    "out_dir": ".",
    "discourse_revision": "02fb86916f5265ad8318c4415229753428c68eaf"
  },
  "environment": {
    "RUBY_VERSION": "2.4.1",
    "RUBY_DESCRIPTION": "ruby 2.4.1p111 (2017-03-22 revision 58053) [x86_64-linux]",
    "rvm current": "ext-mri-2.4.1"
  },
  "startup": {
    "times": [
      5.927265135,
      5.739734912,
      5.79782751,
      5.812181849,
      5.930245212,
      5.848445017,
      5.93828256,
      5.924082638,
      5.767743245,
      5.84601272,
      5.864935429,
      5.860166226,
      5.836715851,
      5.927822957,
      5.867490937,
      5.689414012,
      5.868860613,
      5.810106293,
      5.826228411,
      5.998651873,
      5.823151316,
      5.971552174,
      5.985418877,
      5.786214931,
      5.800115945,
      5.868883585,
      5.790073265,
      5.916169778,
      5.696022721,
      5.952801416,
      5.839086444,
      5.84893747,
      5.888444506,
      5.686324256,
      5.961587311,
      5.899863238,
      5.731769423,
      5.83456793,
      5.941011073,
      5.769290228,
      5.942841305,
      5.628105618,
      5.926369665,
      5.733136246,
      5.846964242,
      5.870290209,
      5.915941293,
      5.971412173,
      5.818859446,
      5.872454041
    ]
  },
  "warmup": {
    "times": [

    ]
  },
  "requests": {
    "times": [

    ]
  }
}
