{
  "version": 2,
  "settings": {
    "startup_iters": 50,
    "random_seed": 16541799507913229037,
    "worker_iterations": 0,
    "warmup_iterations": 0,
    "workers": 30,
    "puma_processes": 10,
    "puma_threads": 6,
    "port_num": 4567,
    "out_dir": ".",
    "discourse_revision": "02fb86916f5265ad8318c4415229753428c68eaf"
  },
  "environment": {
    "RUBY_VERSION": "2.3.4",
    "RUBY_DESCRIPTION": "ruby 2.3.4p301 (2017-03-30 revision 58214) [x86_64-linux]",
    "rvm current": "ext-mri-2.3.4"
  },
  "startup": {
    "times": [
      6.377787616,
      6.436909177,
      6.603634233,
      6.620924392,
      6.582465204,
      6.378187995,
      6.555406759,
      6.612021734,
      6.616584562,
      6.439520981,
      6.566602183,
      6.670419726,
      6.555090887,
      6.469417955,
      6.448639412,
      6.593117853,
      6.48748703,
      6.480091385,
      6.640519703,
      6.561630345,
      6.558192373,
      6.593905551,
      6.617854659,
      6.498038569,
      6.369770802,
      6.56603244,
      6.512396858,
      6.555760412,
      6.709346444,
      6.563567286,
      6.571967974,
      6.639318315,
      6.546448595,
      6.370974921,
      6.600108721,
      6.508937915,
      6.544260498,
      6.517151626,
      6.454039157,
      6.60020122,
      6.57281694,
      6.551717112,
      6.647949195,
      6.433384568,
      6.525730758,
      6.410732303,
      6.606290845,
      6.591552683,
      6.428784139,
      6.638714405
    ]
  },
  "warmup": {
    "times": [

    ]
  },
  "requests": {
    "times": [

    ]
  }
}
