{
  "version": 2,
  "settings": {
    "startup_iters": 50,
    "random_seed": 16541799507913229037,
    "worker_iterations": 0,
    "warmup_iterations": 0,
    "workers": 30,
    "puma_processes": 10,
    "puma_threads": 6,
    "port_num": 4567,
    "out_dir": ".",
    "discourse_revision": "02fb86916f5265ad8318c4415229753428c68eaf"
  },
  "environment": {
    "RUBY_VERSION": "2.4.1",
    "RUBY_DESCRIPTION": "ruby 2.4.1p111 (2017-03-22 revision 58053) [x86_64-linux]",
    "rvm current": "ext-mri-2.4.1"
  },
  "startup": {
    "times": [
      5.86322715,
      5.66778499,
      5.894830304,
      5.781616554,
      5.900254995,
      5.890162733,
      5.744867769,
      5.864806688,
      5.805374696,
      5.778170354,
      5.807545904,
      5.896607474,
      5.839961011,
      5.92667608,
      5.763561431,
      5.960921492,
      5.722860437,
      5.804508233,
      5.893919532,
      6.031087089,
      5.703380194,
      5.840287143,
      5.901687522,
      5.953199796,
      5.81413823,
      5.857696413,
      5.811526339,
      5.838445718,
      5.981448623,
      5.913881036,
      5.972442882,
      5.867739834,
      5.909705586,
      5.926526969,
      5.835955532,
      5.8848834,
      5.898074618,
      5.91331062,
      5.846089821,
      5.846506701,
      5.803383384,
      5.918209242,
      5.842845458,
      5.929160283,
      5.863409502,
      5.87408674,
      5.794540087,
      5.791038389,
      5.932146054,
      5.914257497
    ]
  },
  "warmup": {
    "times": [

    ]
  },
  "requests": {
    "times": [

    ]
  }
}
