{
  "version": 2,
  "settings": {
    "startup_iters": 50,
    "random_seed": 16541799507913229037,
    "worker_iterations": 0,
    "warmup_iterations": 0,
    "workers": 30,
    "puma_processes": 10,
    "puma_threads": 6,
    "port_num": 4567,
    "out_dir": ".",
    "discourse_revision": "02fb86916f5265ad8318c4415229753428c68eaf"
  },
  "environment": {
    "RUBY_VERSION": "2.3.4",
    "RUBY_DESCRIPTION": "ruby 2.3.4p301 (2017-03-30 revision 58214) [x86_64-linux]",
    "rvm current": "ext-mri-2.3.4"
  },
  "startup": {
    "times": [
      6.537669724,
      6.591792164,
      6.570039925,
      6.514115244,
      6.551981632,
      6.58450967,
      6.620487708,
      6.476056582,
      6.635430636,
      6.576751174,
      6.379377253,
      6.611116625,
      6.530474771,
      6.644859638,
      6.49136796,
      6.647663588,
      6.5541181,
      6.521205771,
      6.50924103,
      6.54263228,
      6.595920499,
      6.632073642,
      6.495985242,
      6.616826919,
      6.570000655,
      6.673224181,
      6.580568079,
      6.543376857,
      6.527810014,
      6.591405105,
      6.38925444,
      6.61067962,
      6.614318618,
      6.47575581,
      6.620298776,
      6.507946198,
      6.578408345,
      6.51750301,
      6.387339864,
      6.61642814,
      6.523825604,
      6.81061192,
      6.592584391,
      6.44477309,
      6.602631297,
      6.551236352,
      6.41417514,
      6.706778551,
      6.590282546,
      6.534566361
    ]
  },
  "warmup": {
    "times": [

    ]
  },
  "requests": {
    "times": [

    ]
  }
}
