{
  "version": 2,
  "settings": {
    "startup_iters": 50,
    "random_seed": 16541799507913229037,
    "worker_iterations": 0,
    "warmup_iterations": 0,
    "workers": 30,
    "puma_processes": 10,
    "puma_threads": 6,
    "port_num": 4567,
    "out_dir": ".",
    "discourse_revision": "02fb86916f5265ad8318c4415229753428c68eaf"
  },
  "environment": {
    "RUBY_VERSION": "2.4.1",
    "RUBY_DESCRIPTION": "ruby 2.4.1p111 (2017-03-22 revision 58053) [x86_64-linux]",
    "rvm current": "ext-mri-2.4.1"
  },
  "startup": {
    "times": [
      5.765865618,
      5.851320304,
      6.033753202,
      5.906193585,
      5.865624534,
      6.036509984,
      5.842516633,
      5.928116786,
      5.826800201,
      5.895065751,
      6.055865474,
      5.542282952,
      5.923781372,
      5.884476809,
      5.861607506,
      5.90543291,
      5.813278582,
      5.937278656,
      5.985601308,
      5.875771674,
      5.794815661,
      5.718055448,
      5.803314135,
      5.799315851,
      5.851075459,
      5.854978583,
      5.864884979,
      5.788733784,
      5.699059916,
      5.916103419,
      5.746201762,
      5.924595842,
      5.993921735,
      5.955795139,
      5.898744435,
      5.872761114,
      5.925012915,
      5.919170954,
      5.935058513,
      5.750288708,
      5.902547361,
      5.913267637,
      5.86185247,
      5.790727891,
      5.958724375,
      5.782697888,
      5.840029603,
      5.809788167,
      5.914207346,
      5.88674629
    ]
  },
  "warmup": {
    "times": [

    ]
  },
  "requests": {
    "times": [

    ]
  }
}
