{
  "version": 2,
  "settings": {
    "startup_iters": 50,
    "random_seed": 16541799507913229037,
    "worker_iterations": 0,
    "warmup_iterations": 0,
    "workers": 30,
    "puma_processes": 10,
    "puma_threads": 6,
    "port_num": 4567,
    "out_dir": ".",
    "discourse_revision": "02fb86916f5265ad8318c4415229753428c68eaf"
  },
  "environment": {
    "RUBY_VERSION": "2.3.4",
    "RUBY_DESCRIPTION": "ruby 2.3.4p301 (2017-03-30 revision 58214) [x86_64-linux]",
    "rvm current": "ext-mri-2.3.4"
  },
  "startup": {
    "times": [
      6.537906396,
      6.563660422,
      6.540190152,
      6.536170469,
      6.508919191,
      6.588945334,
      6.677106336,
      6.66194615,
      6.511228529,
      6.480509687,
      6.624250531,
      6.505133363,
      6.635108624,
      6.579925992,
      6.569840683,
      6.688097737,
      6.594156868,
      6.453636405,
      6.403458065,
      6.579744122,
      6.715571218,
      6.552591427,
      6.361171143,
      6.425771971,
      6.693889303,
      6.510616581,
      6.464308054,
      6.614095388,
      6.322494179,
      6.536132315,
      6.562692589,
      6.520279318,
      6.636199326,
      6.413310397,
      6.548703983,
      6.508238612,
      6.601046538,
      6.596319552,
      6.683790271,
      6.484735031,
      6.477005066,
      6.627556605,
      6.484868735,
      6.585221924,
      6.629402062,
      6.65671875,
      6.490270998,
      6.458712044,
      6.523104638,
      6.485469632
    ]
  },
  "warmup": {
    "times": [

    ]
  },
  "requests": {
    "times": [

    ]
  }
}
