{
  "version": 2,
  "settings": {
    "startup_iters": 150,
    "random_seed": 16541799507913229037,
    "worker_iterations": 0,
    "warmup_iterations": 0,
    "workers": 30,
    "puma_processes": 10,
    "puma_threads": 6,
    "port_num": 4567,
    "out_dir": ".",
    "discourse_revision": "a6ef10d61374a4d420799e7410a67b0afaeec637"
  },
  "environment": {
    "RUBY_VERSION": "2.1.10",
    "rvm current": "ext-mri-2.1.10"
  },
  "startup": {
    "times": [
      7.943104548,
      7.720501954,
      7.907764452,
      7.871892874,
      8.042416557,
      7.895825111,
      7.746646436,
      7.965475019,
      7.816571367,
      7.967913377,
      7.888307479,
      7.996057045,
      8.036572852,
      7.849704314,
      7.862729392,
      7.934251317,
      8.037200749,
      7.783831736,
      7.848519872,
      7.69985622,
      8.032915947,
      7.957636655,
      7.9673398,
      7.708038996,
      7.92346176,
      7.702007904,
      7.863170267,
      7.801490916,
      7.933674575,
      7.914913276,
      8.069832668,
      7.928312098,
      7.911196175,
      7.885772447,
      7.969541251,
      7.72035452,
      7.889022195,
      7.950672807,
      8.001387642,
      7.81118847,
      7.812992137,
      7.687894352,
      7.972884158,
      7.882347757,
      7.83599622,
      7.905795221,
      7.92634293,
      7.762477957,
      8.070044824,
      7.809858513,
      7.781848422,
      7.853991268,
      7.898604504,
      7.91752645,
      7.632731872,
      7.746688116,
      7.871744691,
      7.765377801,
      7.971961863,
      7.847614104,
      7.932808322,
      7.936291421,
      8.049507346,
      8.033421675,
      7.793783045,
      7.767065057,
      7.969747863,
      7.755313798,
      7.923828915,
      7.692583382,
      8.021370857,
      7.75153876,
      8.021580445,
      7.89383555,
      7.604315937,
      7.869831396,
      7.690231545,
      7.925293184,
      7.828638321,
      7.83651175,
      7.913737695,
      7.981414968,
      7.783982956,
      7.92149453,
      7.728420322,
      7.93792896,
      7.805244844,
      7.814468772,
      8.037945605,
      7.916948503,
      7.934559938,
      7.902628367,
      8.069498231,
      7.962089902,
      7.995201437,
      7.832359633,
      7.980784542,
      7.92356206,
      7.853675699,
      8.093300465,
      8.041274304,
      7.818006049,
      7.658604329,
      7.870027425,
      7.871005308,
      7.887764917,
      7.766005745,
      7.794118746,
      7.876679418,
      7.877354783,
      7.880137569,
      7.984971298,
      7.786173324,
      7.660806589,
      7.916883305,
      7.801067673,
      7.75207318,
      7.741046731,
      7.69317304,
      7.986580868,
      7.646089253,
      7.911096702,
      7.864379928,
      7.805951438,
      7.919333249,
      7.849282679,
      7.835355601,
      7.926681495,
      8.016334714,
      8.033724302,
      7.730787829,
      7.86349639,
      7.972165941,
      7.917359219,
      7.701567271,
      7.798236879,
      8.033557741,
      7.904697282,
      7.853172594,
      7.778374526,
      7.809273696,
      7.930217042,
      7.944137009,
      7.80980864,
      7.667549124,
      7.679157012,
      7.827395063,
      7.782835456,
      7.825193448,
      7.922839418
    ]
  },
  "warmup": {
    "times": [

    ]
  },
  "requests": {
    "times": [

    ]
  }
}
