{
  "version": 2,
  "settings": {
    "startup_iters": 50,
    "random_seed": 16541799507913229037,
    "worker_iterations": 0,
    "warmup_iterations": 0,
    "workers": 30,
    "puma_processes": 10,
    "puma_threads": 6,
    "port_num": 4567,
    "out_dir": ".",
    "discourse_revision": "02fb86916f5265ad8318c4415229753428c68eaf"
  },
  "environment": {
    "RUBY_VERSION": "2.4.1",
    "RUBY_DESCRIPTION": "ruby 2.4.1p111 (2017-03-22 revision 58053) [x86_64-linux]",
    "rvm current": "ext-mri-2.4.1"
  },
  "startup": {
    "times": [
      5.924596829,
      5.782239877,
      5.712073599,
      5.811090179,
      5.825282041,
      5.889091063,
      5.838638976,
      5.969961538,
      5.752267093,
      5.835028381,
      5.842357907,
      5.945639453,
      5.811757145,
      5.868444895,
      5.883213921,
      5.920518861,
      5.827248547,
      5.798118708,
      5.900802943,
      5.827133227,
      5.91000554,
      5.789477539,
      5.906291437,
      5.845538894,
      5.79350738,
      5.841908469,
      5.777668691,
      5.925008504,
      5.913980297,
      5.842128692,
      5.99486866,
      5.87486012,
      5.770310265,
      5.823402978,
      5.8898717,
      5.808469401,
      5.915612385,
      5.769393197,
      5.931517622,
      5.985637973,
      5.809154489,
      5.856996075,
      5.939767027,
      5.743530078,
      5.757473205,
      5.825594558,
      5.86908255,
      5.906667717,
      5.855799066,
      5.97917662
    ]
  },
  "warmup": {
    "times": [

    ]
  },
  "requests": {
    "times": [

    ]
  }
}
