{
  "version": 2,
  "settings": {
    "startup_iters": 150,
    "random_seed": 16541799507913229037,
    "worker_iterations": 0,
    "warmup_iterations": 0,
    "workers": 30,
    "puma_processes": 10,
    "puma_threads": 6,
    "port_num": 4567,
    "out_dir": ".",
    "discourse_revision": "a6ef10d61374a4d420799e7410a67b0afaeec637"
  },
  "environment": {
    "RUBY_VERSION": "2.1.10",
    "rvm current": "ext-mri-2.1.10"
  },
  "startup": {
    "times": [
      7.835858476,
      8.05186351,
      7.758937904,
      7.85401955,
      7.897398068,
      7.7871812,
      7.878530674,
      7.97628519,
      7.763612452,
      7.840546739,
      7.976608416,
      7.788121907,
      7.916352668,
      7.95283099,
      7.957618183,
      7.868871192,
      7.745874939,
      7.908972779,
      7.959180833,
      7.952982741,
      7.805451108,
      8.075951558,
      7.834840518,
      7.910369273,
      7.906263493,
      7.891002164,
      7.846292646,
      7.778125336,
      7.955609073,
      7.975912069,
      7.912642275,
      7.954891536,
      7.96491797,
      7.778981124,
      7.943048099,
      7.86155357,
      7.964643211,
      7.704262484,
      7.937483387,
      7.835366146,
      7.766013086,
      7.865898419,
      7.876623436,
      7.799107819,
      7.841100132,
      7.8144708,
      7.782923396,
      7.715735134,
      7.913695629,
      7.683059703,
      7.967553929,
      7.93140221,
      7.879228108,
      7.71249816,
      7.857369118,
      8.011964829,
      7.850436852,
      7.860834957,
      8.026707362,
      7.871090234,
      7.871129081,
      7.865658249,
      7.948321341,
      7.839289769,
      7.89698725,
      8.082462653,
      7.885443481,
      7.963355401,
      7.857982051,
      7.881191036,
      7.809690587,
      7.871246692,
      7.950719784,
      7.855215167,
      7.880899794,
      7.818295314,
      7.835741628,
      7.789471457,
      7.84876147,
      7.942727747,
      7.939378495,
      7.803658349,
      8.016117144,
      7.920989082,
      7.987535675,
      7.929147881,
      7.96327014,
      7.647096614,
      7.796110762,
      7.987283242,
      7.930169538,
      7.918461486,
      7.82292459,
      7.870877719,
      7.800413537,
      7.984637074,
      7.726248674,
      7.907957513,
      7.691765097,
      7.788921907,
      7.941823454,
      7.947103332,
      7.84388287,
      8.058606992,
      7.792705636,
      7.893722511,
      7.961241848,
      7.731154908,
      7.931816512,
      7.799014708,
      7.907012308,
      7.888576021,
      7.704895305,
      7.866630761,
      7.997806974,
      7.930567002,
      7.852677602,
      8.007033672,
      7.936055436,
      7.93043071,
      8.010029613,
      7.831202312,
      7.752895726,
      7.913286012,
      7.907468245,
      7.83411984,
      7.918939899,
      8.011485311,
      7.951067466,
      7.94971479,
      7.755291344,
      7.837319942,
      7.920201435,
      7.820499493,
      8.008352585,
      7.963275737,
      8.067610318,
      7.930225231,
      7.859628296,
      8.045408652,
      7.932474673,
      7.886646884,
      7.757876723,
      7.823277009,
      7.926588611,
      7.970230314,
      7.847858932,
      7.781622623,
      7.99670525,
      7.953167308
    ]
  },
  "warmup": {
    "times": [

    ]
  },
  "requests": {
    "times": [

    ]
  }
}
