{
  "version": 2,
  "settings": {
    "startup_iters": 50,
    "random_seed": 16541799507913229037,
    "worker_iterations": 0,
    "warmup_iterations": 0,
    "workers": 30,
    "puma_processes": 10,
    "puma_threads": 6,
    "port_num": 4567,
    "out_dir": ".",
    "discourse_revision": "02fb86916f5265ad8318c4415229753428c68eaf"
  },
  "environment": {
    "RUBY_VERSION": "2.3.4",
    "RUBY_DESCRIPTION": "ruby 2.3.4p301 (2017-03-30 revision 58214) [x86_64-linux]",
    "rvm current": "ext-mri-2.3.4"
  },
  "startup": {
    "times": [
      6.569652095,
      6.519244588,
      6.528945899,
      6.385106376,
      6.380355946,
      6.417531178,
      6.378926655,
      6.569643205,
      6.518199556,
      6.681242314,
      6.496791472,
      6.535081385,
      6.319336757,
      6.555128427,
      6.682268841,
      6.482788149,
      6.671199975,
      6.408545551,
      6.597368428,
      6.459631488,
      6.578107675,
      6.432477881,
      6.530879584,
      6.430103524,
      6.585448849,
      6.52101371,
      6.518003861,
      6.40760327,
      6.774708728,
      6.533761363,
      6.426950526,
      6.669167572,
      6.588836188,
      6.379143107,
      6.506417758,
      6.575333047,
      6.365432171,
      6.631334401,
      6.57764407,
      6.547797521,
      6.481980582,
      6.30701055,
      6.26205631,
      6.524968867,
      6.633403979,
      6.266021568,
      6.539214132,
      6.482039239,
      6.369501016,
      6.478889918
    ]
  },
  "warmup": {
    "times": [

    ]
  },
  "requests": {
    "times": [

    ]
  }
}
