{
  "version": 2,
  "settings": {
    "startup_iters": 50,
    "random_seed": 16541799507913229037,
    "worker_iterations": 0,
    "warmup_iterations": 0,
    "workers": 30,
    "puma_processes": 10,
    "puma_threads": 6,
    "port_num": 4567,
    "out_dir": ".",
    "discourse_revision": "02fb86916f5265ad8318c4415229753428c68eaf"
  },
  "environment": {
    "RUBY_VERSION": "2.4.1",
    "RUBY_DESCRIPTION": "ruby 2.4.1p111 (2017-03-22 revision 58053) [x86_64-linux]",
    "rvm current": "ext-mri-2.4.1"
  },
  "startup": {
    "times": [
      5.722609416,
      5.841428742,
      6.093579712,
      5.973753704,
      5.795057504,
      5.796150301,
      5.872622192,
      5.783793607,
      5.883292762,
      5.849438928,
      5.822218085,
      5.81126906,
      5.952814212,
      5.869473793,
      5.902714021,
      5.856101812,
      5.874619194,
      5.976166153,
      5.935117801,
      5.805926626,
      5.947665735,
      5.770366121,
      5.955230833,
      5.785902631,
      5.87110101,
      5.788398801,
      5.936989699,
      5.867175579,
      5.81178349,
      5.854851624,
      5.947052658,
      5.971469627,
      5.875025475,
      5.607784855,
      5.9157212,
      5.900690102,
      5.882527472,
      5.714221176,
      5.896103443,
      5.82497959,
      5.850881221,
      5.870073374,
      5.872656028,
      5.923349574,
      5.868768453,
      5.928933567,
      5.912162684,
      5.808301585,
      5.769530011,
      5.91481176
    ]
  },
  "warmup": {
    "times": [

    ]
  },
  "requests": {
    "times": [

    ]
  }
}
