{
  "version": 2,
  "settings": {
    "startup_iters": 50,
    "random_seed": 16541799507913229037,
    "worker_iterations": 0,
    "warmup_iterations": 0,
    "workers": 30,
    "puma_processes": 10,
    "puma_threads": 6,
    "port_num": 4567,
    "out_dir": ".",
    "discourse_revision": "02fb86916f5265ad8318c4415229753428c68eaf"
  },
  "environment": {
    "RUBY_VERSION": "2.3.4",
    "RUBY_DESCRIPTION": "ruby 2.3.4p301 (2017-03-30 revision 58214) [x86_64-linux]",
    "rvm current": "ext-mri-2.3.4"
  },
  "startup": {
    "times": [
      6.466772592,
      6.535066561,
      6.456387201,
      6.510301542,
      6.528616153,
      6.448434876,
      6.56827185,
      6.466615138,
      6.510560468,
      6.760819382,
      6.586589193,
      6.592137312,
      6.293576354,
      6.552199416,
      6.586107519,
      6.478360207,
      6.568005362,
      6.488447332,
      6.522520733,
      6.687320558,
      6.560586997,
      6.442252488,
      6.50090629,
      6.61166324,
      6.481850214,
      6.65288636,
      6.594548389,
      6.410515132,
      6.731478286,
      6.575843919,
      6.414016437,
      6.561246359,
      6.501728376,
      6.573081434,
      6.585602715,
      6.460813249,
      6.515041954,
      6.673214007,
      6.4714527,
      6.475398497,
      6.446322221,
      6.488566949,
      6.600740421,
      6.675052084,
      6.554117615,
      6.591594553,
      6.470224239,
      6.528590342,
      6.605198038,
      6.662093558
    ]
  },
  "warmup": {
    "times": [

    ]
  },
  "requests": {
    "times": [

    ]
  }
}
