{
  "version": 2,
  "settings": {
    "startup_iters": 50,
    "random_seed": 16541799507913229037,
    "worker_iterations": 0,
    "warmup_iterations": 0,
    "workers": 30,
    "puma_processes": 10,
    "puma_threads": 6,
    "port_num": 4567,
    "out_dir": ".",
    "discourse_revision": "02fb86916f5265ad8318c4415229753428c68eaf"
  },
  "environment": {
    "RUBY_VERSION": "2.4.1",
    "RUBY_DESCRIPTION": "ruby 2.4.1p111 (2017-03-22 revision 58053) [x86_64-linux]",
    "rvm current": "ext-mri-2.4.1"
  },
  "startup": {
    "times": [
      5.831979832,
      5.925094656,
      5.734271465,
      5.792648477,
      5.810974348,
      5.757293685,
      5.735136278,
      5.842571872,
      5.865784788,
      6.044434068,
      5.681605465,
      5.803019957,
      5.816810538,
      5.89992944,
      5.842119002,
      5.686079124,
      5.943928928,
      5.834753178,
      5.946175605,
      5.886220887,
      5.759409752,
      5.861244355,
      5.857411293,
      5.718997374,
      5.914534683,
      5.882934194,
      5.776257947,
      5.872584455,
      5.913931084,
      5.849136931,
      5.913394768,
      5.895512001,
      5.703474386,
      5.878231279,
      5.875036606,
      5.8713619,
      5.838345891,
      5.851961424,
      5.848983814,
      5.932375544,
      5.900897878,
      5.853816335,
      5.805171434,
      5.84474449,
      5.915034311,
      5.850970426,
      5.916118114,
      5.823755278,
      5.925248216,
      5.959034968
    ]
  },
  "warmup": {
    "times": [

    ]
  },
  "requests": {
    "times": [

    ]
  }
}
