{
  "version": 2,
  "settings": {
    "startup_iters": 150,
    "random_seed": 16541799507913229037,
    "worker_iterations": 0,
    "warmup_iterations": 0,
    "workers": 30,
    "puma_processes": 10,
    "puma_threads": 6,
    "port_num": 4567,
    "out_dir": ".",
    "discourse_revision": "a6ef10d61374a4d420799e7410a67b0afaeec637"
  },
  "environment": {
    "RUBY_VERSION": "2.1.10",
    "rvm current": "ext-mri-2.1.10"
  },
  "startup": {
    "times": [
      7.921702887,
      7.878123755,
      8.00722283,
      7.92013208,
      7.858513891,
      7.908038622,
      7.858366861,
      7.807282745,
      7.803599936,
      7.922051421,
      7.763127353,
      7.734831385,
      7.909001246,
      7.919350082,
      7.783048056,
      7.995258507,
      7.659047218,
      7.965693655,
      7.827249877,
      7.877719575,
      7.933220607,
      7.909052304,
      7.844858526,
      7.801658562,
      7.98480369,
      7.822377489,
      7.842202211,
      7.794394099,
      7.914148902,
      7.820823065,
      7.907412182,
      7.985382999,
      7.883715859,
      7.786023528,
      7.93308837,
      7.830334677,
      7.926296672,
      7.881757704,
      7.971288402,
      7.861741669,
      7.894382992,
      7.967725552,
      7.87764689,
      7.890376469,
      7.738961983,
      7.908096053,
      7.957714875,
      7.848653406,
      7.817061262,
      7.804125916,
      7.81871309,
      7.887225009,
      7.803609997,
      7.844657101,
      7.907225572,
      7.721635128,
      8.033058339,
      7.867804982,
      7.748013963,
      7.694425237,
      7.802008185,
      7.998005322,
      8.033889967,
      7.951464826,
      7.821664328,
      7.880254022,
      7.942722368,
      7.770981952,
      7.83706111,
      7.843820045,
      7.971672081,
      7.94978452,
      7.934659813,
      7.790968402,
      7.855054005,
      7.833378226,
      7.902491711,
      7.949564516,
      7.899913053,
      7.796005867,
      7.80323521,
      7.866844957,
      7.860964923,
      7.969538835,
      7.813974109,
      7.959120803,
      8.032961059,
      7.852511587,
      7.856509305,
      7.903018897,
      7.953896646,
      7.967221525,
      7.851519798,
      7.843418548,
      7.750226219,
      7.931916042,
      7.842821574,
      7.77488275,
      8.019302182,
      7.925948533,
      7.794874172,
      7.864132695,
      7.731809675,
      7.932134392,
      7.779540806,
      7.929829496,
      7.607318365,
      7.945002732,
      8.026374152,
      7.872970564,
      7.87370214,
      7.932685239,
      7.936092797,
      7.956447829,
      7.469755386,
      7.745914858,
      7.799241516,
      7.869470058,
      7.763328076,
      7.833621988,
      7.850212962,
      7.882524388,
      8.055260416,
      7.91725307,
      7.889913553,
      7.933259942,
      7.954856558,
      7.910409307,
      7.835094109,
      7.868923376,
      7.729730707,
      7.770787293,
      7.859600462,
      7.929071506,
      7.932007637,
      7.902879386,
      7.666070084,
      7.886269987,
      7.841417072,
      7.890743127,
      7.7891764,
      7.841751975,
      7.87416871,
      7.925196409,
      7.865707226,
      7.956911738,
      7.777516874,
      7.821940568,
      7.936279028,
      7.853965174
    ]
  },
  "warmup": {
    "times": [

    ]
  },
  "requests": {
    "times": [

    ]
  }
}
