{
  "version": 2,
  "settings": {
    "startup_iters": 150,
    "random_seed": 16541799507913229037,
    "worker_iterations": 0,
    "warmup_iterations": 0,
    "workers": 30,
    "puma_processes": 10,
    "puma_threads": 6,
    "port_num": 4567,
    "out_dir": ".",
    "discourse_revision": "a6ef10d61374a4d420799e7410a67b0afaeec637"
  },
  "environment": {
    "RUBY_VERSION": "2.2.7",
    "rvm current": "ext-mri-2.2.7"
  },
  "startup": {
    "times": [
      7.780238445,
      7.860781377,
      7.955718972,
      7.962052319,
      7.778012573,
      7.857666911,
      7.868076527,
      7.936388572,
      7.813240782,
      7.88102746,
      7.810158894,
      7.844710163,
      7.8188392,
      7.955709794,
      7.979512189,
      7.914507635,
      7.794101173,
      7.790726015,
      7.788742644,
      7.995012996,
      7.826102437,
      7.904952679,
      7.858951087,
      7.600864849,
      7.794094264,
      7.782444266,
      7.830213546,
      7.746445765,
      7.811955667,
      7.838527758,
      7.790048233,
      7.756523912,
      7.657238942,
      7.895271398,
      7.876822131,
      7.694841948,
      7.828330651,
      7.78440252,
      7.711072095,
      7.712274321,
      7.727962894,
      7.86219214,
      7.787333365,
      7.652540273,
      7.800229515,
      7.802541226,
      7.855870865,
      7.915611481,
      7.656954156,
      7.818340516,
      7.926976926,
      8.062873471,
      7.854723249,
      7.748180562,
      7.868752785,
      7.851097448,
      7.904960881,
      7.891557933,
      7.804998523,
      7.737215347,
      7.798895927,
      7.905116231,
      7.929803476,
      7.805305894,
      7.716199161,
      7.848282188,
      7.830916463,
      7.673096649,
      7.938470217,
      7.860839365,
      7.702176635,
      7.972340948,
      7.954262442,
      7.859209391,
      7.770071778,
      7.838248117,
      7.568607678,
      7.799204987,
      7.860613331,
      7.841846306,
      7.570869109,
      8.030509186,
      7.963545055,
      7.658788648,
      7.889336317,
      7.753461659,
      7.761962665,
      7.8479712,
      7.700996177,
      7.967972351,
      7.969093625,
      7.882191587,
      7.960144416,
      7.914380001,
      7.804946423,
      7.867998543,
      7.635370964,
      7.81417612,
      7.866730418,
      7.901403701,
      7.88174575,
      7.84973942,
      7.733746055,
      7.802637084,
      7.855346412,
      7.761537188,
      7.744096642,
      7.79225022,
      7.863219888,
      7.880451255,
      7.689766659,
      7.713840318,
      7.839955008,
      7.656462724,
      7.82400149,
      7.840827863,
      7.848113632,
      7.829528447,
      7.796318716,
      7.79884626,
      7.890971619,
      7.891991094,
      7.58993358,
      7.904784668,
      7.90406659,
      7.766681068,
      7.921303186,
      7.955180373,
      7.807515567,
      7.728211919,
      7.782657328,
      7.759959967,
      7.676875349,
      7.85094583,
      7.774365103,
      7.746865154,
      7.868534306,
      7.954302586,
      7.865577565,
      7.907601974,
      7.93983642,
      7.863810024,
      7.672890476,
      7.776007614,
      7.82322837,
      7.896217288,
      7.796134684,
      7.733030609,
      7.862084894,
      7.90391138
    ]
  },
  "warmup": {
    "times": [

    ]
  },
  "requests": {
    "times": [

    ]
  }
}
