{
  "version": 2,
  "settings": {
    "startup_iters": 50,
    "random_seed": 16541799507913229037,
    "worker_iterations": 0,
    "warmup_iterations": 0,
    "workers": 30,
    "puma_processes": 10,
    "puma_threads": 6,
    "port_num": 4567,
    "out_dir": ".",
    "discourse_revision": "02fb86916f5265ad8318c4415229753428c68eaf"
  },
  "environment": {
    "RUBY_VERSION": "2.4.1",
    "RUBY_DESCRIPTION": "ruby 2.4.1p111 (2017-03-22 revision 58053) [x86_64-linux]",
    "rvm current": "ext-mri-2.4.1"
  },
  "startup": {
    "times": [
      5.955967142,
      5.775675747,
      5.85035909,
      5.687474091,
      5.894781743,
      5.838720945,
      5.959721105,
      5.818686682,
      5.838802273,
      5.770520666,
      5.723638745,
      5.65214883,
      5.912042369,
      5.984349243,
      5.730030632,
      5.790558005,
      5.870758145,
      5.908745643,
      5.933260687,
      5.876453046,
      5.836801049,
      5.935737362,
      5.883747598,
      5.902817127,
      5.840479492,
      5.807640214,
      5.913556063,
      5.925587357,
      5.997498329,
      5.758921191,
      5.826806837,
      5.863190976,
      5.853513669,
      5.932629884,
      5.982408396,
      6.031636793,
      5.800168351,
      5.669876659,
      5.891761297,
      5.804097748,
      5.805265269,
      5.826263528,
      5.880124514,
      5.73921267,
      5.884751914,
      5.949908571,
      5.753398101,
      5.827466638,
      5.80957184,
      5.934579872
    ]
  },
  "warmup": {
    "times": [

    ]
  },
  "requests": {
    "times": [

    ]
  }
}
