{
  "version": 2,
  "settings": {
    "startup_iters": 50,
    "random_seed": 16541799507913229037,
    "worker_iterations": 0,
    "warmup_iterations": 0,
    "workers": 30,
    "puma_processes": 10,
    "puma_threads": 6,
    "port_num": 4567,
    "out_dir": ".",
    "discourse_revision": "02fb86916f5265ad8318c4415229753428c68eaf"
  },
  "environment": {
    "RUBY_VERSION": "2.3.4",
    "RUBY_DESCRIPTION": "ruby 2.3.4p301 (2017-03-30 revision 58214) [x86_64-linux]",
    "rvm current": "ext-mri-2.3.4"
  },
  "startup": {
    "times": [
      6.567555074,
      6.528143296,
      6.370924966,
      6.548943994,
      6.654257971,
      6.37921858,
      6.515071078,
      6.443750299,
      6.541592843,
      6.599788182,
      6.618339293,
      6.537379639,
      6.717433439,
      6.605174944,
      6.599105589,
      6.436370786,
      6.514106299,
      6.615138424,
      6.492468164,
      6.561461292,
      6.428159373,
      6.514155347,
      6.533993311,
      6.511136732,
      6.39138919,
      6.543590698,
      6.712597802,
      6.472687661,
      6.615874787,
      6.581481869,
      6.537987148,
      6.528659045,
      6.456929359,
      6.545187218,
      6.462263649,
      6.618125197,
      6.390893304,
      6.466863294,
      6.525044924,
      6.588990564,
      6.493541905,
      6.603090153,
      6.536015657,
      6.597057717,
      6.49036519,
      6.561595253,
      6.466454841,
      6.646908123,
      6.600962153,
      6.570691289
    ]
  },
  "warmup": {
    "times": [

    ]
  },
  "requests": {
    "times": [

    ]
  }
}
