{
  "version": 2,
  "settings": {
    "startup_iters": 150,
    "random_seed": 16541799507913229037,
    "worker_iterations": 0,
    "warmup_iterations": 0,
    "workers": 30,
    "puma_processes": 10,
    "puma_threads": 6,
    "port_num": 4567,
    "out_dir": ".",
    "discourse_revision": "a6ef10d61374a4d420799e7410a67b0afaeec637"
  },
  "environment": {
    "RUBY_VERSION": "2.2.7",
    "rvm current": "ext-mri-2.2.7"
  },
  "startup": {
    "times": [
      7.835903071,
      8.028327583,
      7.796461447,
      7.850165536,
      7.8816974,
      7.68280263,
      7.693278421,
      7.907166188,
      7.899090827,
      7.937656544,
      7.921753595,
      7.853624761,
      7.717525259,
      7.909444703,
      7.908589869,
      7.796858459,
      7.90146503,
      7.830516477,
      7.69184967,
      8.014867469,
      7.952635415,
      7.686529663,
      7.8717316,
      7.776433979,
      7.823239853,
      7.750491405,
      7.852339935,
      7.768292795,
      7.725615114,
      7.750437768,
      7.875100171,
      7.814942874,
      7.717301115,
      7.823114056,
      7.816133377,
      7.870048076,
      7.905505616,
      7.795966948,
      7.673397949,
      7.810170039,
      7.989000803,
      7.778110286,
      7.653279969,
      7.833977134,
      7.805470943,
      7.863644843,
      7.6794456,
      7.856462352,
      7.890372477,
      7.894724727,
      7.766210162,
      7.681720757,
      7.664830071,
      7.713367223,
      7.855906457,
      7.583696419,
      7.87187442,
      7.812353324,
      7.782003196,
      7.85001687,
      7.553685341,
      7.917822822,
      7.697729211,
      7.678940368,
      7.897333342,
      7.764782938,
      7.712762174,
      7.694310035,
      7.708306564,
      7.706298291,
      7.844833064,
      7.768850012,
      7.714002537,
      7.827399233,
      7.835995645,
      7.938304623,
      7.739416046,
      7.702630183,
      7.864576156,
      7.793821307,
      7.662194122,
      7.70053776,
      7.82108678,
      7.838573552,
      7.845702554,
      7.903866051,
      7.845905317,
      7.649210479,
      7.749296047,
      7.862788607,
      7.910445967,
      7.849879564,
      7.905257463,
      7.712765944,
      7.639698605,
      7.759138704,
      7.834646048,
      7.817128668,
      7.776219393,
      7.817975238,
      7.606654845,
      7.736689117,
      7.886520208,
      7.827717067,
      7.899395109,
      7.80790189,
      7.796386967,
      7.827928517,
      7.75093785,
      7.938997635,
      7.955460743,
      7.834869093,
      7.92640957,
      7.782606815,
      7.641687847,
      7.941995144,
      7.751049328,
      7.901561882,
      7.832607314,
      7.580360273,
      7.862132517,
      7.917227305,
      7.959021524,
      7.863305458,
      7.841553194,
      7.860390704,
      7.862807378,
      7.877831177,
      7.921894017,
      7.912401738,
      7.888003256,
      7.481554153,
      7.823518228,
      7.923325304,
      7.830396308,
      7.846808815,
      7.894918083,
      7.84423114,
      7.784102572,
      7.700065922,
      8.124272603,
      7.791741636,
      7.77418101,
      7.838082926,
      7.71836854,
      7.805666476,
      7.689251405,
      7.8892352,
      8.009767761,
      7.889911154
    ]
  },
  "warmup": {
    "times": [

    ]
  },
  "requests": {
    "times": [

    ]
  }
}
