{
  "version": 2,
  "settings": {
    "startup_iters": 50,
    "random_seed": 16541799507913229037,
    "worker_iterations": 0,
    "warmup_iterations": 0,
    "workers": 30,
    "puma_processes": 10,
    "puma_threads": 6,
    "port_num": 4567,
    "out_dir": ".",
    "discourse_revision": "02fb86916f5265ad8318c4415229753428c68eaf"
  },
  "environment": {
    "RUBY_VERSION": "2.3.4",
    "RUBY_DESCRIPTION": "ruby 2.3.4p301 (2017-03-30 revision 58214) [x86_64-linux]",
    "rvm current": "ext-mri-2.3.4"
  },
  "startup": {
    "times": [
      6.670165819,
      6.410170145,
      6.412953323,
      6.552779494,
      6.589337697,
      6.441737661,
      6.583864249,
      6.506507503,
      6.646672792,
      6.527200729,
      6.613547027,
      6.470379908,
      6.59091177,
      6.518408109,
      6.355110525,
      6.505676748,
      6.439751054,
      6.501932191,
      6.685717444,
      6.600898477,
      6.524348167,
      6.521114576,
      6.55476677,
      6.398017524,
      6.463328406,
      6.483698037,
      6.619604251,
      6.563371536,
      6.678305016,
      6.481657704,
      6.667335881,
      6.396673804,
      6.601263338,
      6.448588508,
      6.642676029,
      6.662591585,
      6.26516129,
      6.622221319,
      6.667171472,
      6.552145731,
      6.505443629,
      6.572680543,
      6.482573226,
      6.489557079,
      6.583393741,
      6.268061155,
      6.597942496,
      6.446036259,
      6.638179111,
      6.529442593
    ]
  },
  "warmup": {
    "times": [

    ]
  },
  "requests": {
    "times": [

    ]
  }
}
