{
  "version": 2,
  "settings": {
    "startup_iters": 50,
    "random_seed": 16541799507913229037,
    "worker_iterations": 0,
    "warmup_iterations": 0,
    "workers": 30,
    "puma_processes": 10,
    "puma_threads": 6,
    "port_num": 4567,
    "out_dir": ".",
    "discourse_revision": "02fb86916f5265ad8318c4415229753428c68eaf"
  },
  "environment": {
    "RUBY_VERSION": "2.3.4",
    "RUBY_DESCRIPTION": "ruby 2.3.4p301 (2017-03-30 revision 58214) [x86_64-linux]",
    "rvm current": "ext-mri-2.3.4"
  },
  "startup": {
    "times": [
      6.443753577,
      6.588267883,
      6.459332681,
      6.630039089,
      6.365840405,
      6.42512002,
      6.188306262,
      6.615899644,
      6.57194792,
      6.569861649,
      6.618422072,
      6.422984113,
      6.542892891,
      6.556702951,
      6.580830016,
      6.529522998,
      6.504043752,
      6.413855557,
      6.60804923,
      6.544650511,
      6.329050936,
      6.622384275,
      6.617478871,
      6.527244221,
      6.585849294,
      6.548001713,
      6.635878445,
      6.392075698,
      6.571086943,
      6.582428325,
      6.642280361,
      6.532947304,
      6.523836167,
      6.605172963,
      6.441308133,
      6.48168074,
      6.551158202,
      6.53099051,
      6.462554252,
      6.484904166,
      6.468444953,
      6.502909611,
      6.445915879,
      6.653396802,
      6.519441027,
      6.567570506,
      6.597140952,
      6.499049745,
      6.560213162,
      6.517799495
    ]
  },
  "warmup": {
    "times": [

    ]
  },
  "requests": {
    "times": [

    ]
  }
}
