{
  "version": 2,
  "settings": {
    "startup_iters": 50,
    "random_seed": 16541799507913229037,
    "worker_iterations": 0,
    "warmup_iterations": 0,
    "workers": 30,
    "puma_processes": 10,
    "puma_threads": 6,
    "port_num": 4567,
    "out_dir": ".",
    "discourse_revision": "02fb86916f5265ad8318c4415229753428c68eaf"
  },
  "environment": {
    "RUBY_VERSION": "2.4.1",
    "RUBY_DESCRIPTION": "ruby 2.4.1p111 (2017-03-22 revision 58053) [x86_64-linux]",
    "rvm current": "ext-mri-2.4.1"
  },
  "startup": {
    "times": [
      5.941379699,
      5.738779421,
      5.735771408,
      5.795462846,
      5.940527035,
      5.844543753,
      5.878235024,
      5.940121318,
      5.877562147,
      5.723414772,
      5.925113337,
      5.773698745,
      5.844529804,
      5.877178387,
      5.789186744,
      5.941643653,
      5.864983303,
      5.845794688,
      5.774032221,
      5.928968275,
      5.829530795,
      5.911578338,
      5.860401772,
      5.886983489,
      5.790781103,
      5.871181481,
      5.876013754,
      5.788378001,
      5.909895656,
      5.889322162,
      5.837264271,
      5.931479954,
      5.814850812,
      5.965910485,
      5.822168248,
      5.872715832,
      5.805848524,
      5.887629965,
      5.969412038,
      5.777457744,
      5.912063639,
      5.89320659,
      5.827220374,
      5.735009584,
      5.981231311,
      5.900885704,
      5.936717311,
      5.838065626,
      5.868203569,
      5.954957458
    ]
  },
  "warmup": {
    "times": [

    ]
  },
  "requests": {
    "times": [

    ]
  }
}
