{
  "version": 2,
  "settings": {
    "startup_iters": 50,
    "random_seed": 16541799507913229037,
    "worker_iterations": 0,
    "warmup_iterations": 0,
    "workers": 30,
    "puma_processes": 10,
    "puma_threads": 6,
    "port_num": 4567,
    "out_dir": ".",
    "discourse_revision": "02fb86916f5265ad8318c4415229753428c68eaf"
  },
  "environment": {
    "RUBY_VERSION": "2.4.1",
    "RUBY_DESCRIPTION": "ruby 2.4.1p111 (2017-03-22 revision 58053) [x86_64-linux]",
    "rvm current": "ext-mri-2.4.1"
  },
  "startup": {
    "times": [
      5.842647995,
      5.860641449,
      5.92460096,
      5.893915399,
      6.037841068,
      5.909024387,
      5.752098315,
      5.795576256,
      5.6866896,
      5.891589285,
      5.814265056,
      5.884610672,
      5.973600379,
      5.957962872,
      5.926524838,
      5.96880706,
      5.777503851,
      5.791469771,
      5.808707314,
      5.973441777,
      5.886088665,
      5.802028064,
      5.890075259,
      5.948261783,
      5.827473449,
      5.815951039,
      5.798677511,
      5.850920938,
      5.843806948,
      5.995023535,
      5.898838167,
      5.83066015,
      5.82977134,
      5.890756585,
      5.875172439,
      5.822984775,
      5.817938017,
      5.936286107,
      5.82647158,
      5.840892057,
      5.840993314,
      5.885717866,
      5.869959209,
      5.929343021,
      5.838212202,
      5.824810077,
      5.816035639,
      5.963423115,
      5.790917139,
      5.879162349
    ]
  },
  "warmup": {
    "times": [

    ]
  },
  "requests": {
    "times": [

    ]
  }
}
