{
  "version": 2,
  "settings": {
    "startup_iters": 50,
    "random_seed": 16541799507913229037,
    "worker_iterations": 0,
    "warmup_iterations": 0,
    "workers": 30,
    "puma_processes": 10,
    "puma_threads": 6,
    "port_num": 4567,
    "out_dir": ".",
    "discourse_revision": "02fb86916f5265ad8318c4415229753428c68eaf"
  },
  "environment": {
    "RUBY_VERSION": "2.4.1",
    "RUBY_DESCRIPTION": "ruby 2.4.1p111 (2017-03-22 revision 58053) [x86_64-linux]",
    "rvm current": "ext-mri-2.4.1"
  },
  "startup": {
    "times": [
      5.854010036,
      5.860111461,
      5.802694611,
      5.721611567,
      5.967941492,
      5.855321724,
      5.762299347,
      5.923292508,
      5.930974217,
      5.598560347,
      5.809407711,
      5.834639187,
      5.863742511,
      5.904052516,
      5.830175589,
      5.864388362,
      5.86263975,
      5.768774181,
      5.786793199,
      5.729377735,
      5.885507016,
      5.730716882,
      5.846499112,
      5.868617103,
      5.752741689,
      5.770252734,
      5.872229317,
      5.92175467,
      5.780025666,
      5.898010552,
      5.65276985,
      5.872100717,
      5.808627137,
      5.772983524,
      5.8621783,
      5.761670693,
      5.758937208,
      5.710358171,
      5.78052093,
      5.923769158,
      6.038786848,
      5.911165491,
      5.760601651,
      5.94013722,
      5.867754183,
      5.928301584,
      5.872201863,
      5.888491613,
      5.906913113,
      5.789370367
    ]
  },
  "warmup": {
    "times": [

    ]
  },
  "requests": {
    "times": [

    ]
  }
}
