{
  "version": 2,
  "settings": {
    "startup_iters": 50,
    "random_seed": 16541799507913229037,
    "worker_iterations": 0,
    "warmup_iterations": 0,
    "workers": 30,
    "puma_processes": 10,
    "puma_threads": 6,
    "port_num": 4567,
    "out_dir": ".",
    "discourse_revision": "02fb86916f5265ad8318c4415229753428c68eaf"
  },
  "environment": {
    "RUBY_VERSION": "2.4.1",
    "RUBY_DESCRIPTION": "ruby 2.4.1p111 (2017-03-22 revision 58053) [x86_64-linux]",
    "rvm current": "ext-mri-2.4.1"
  },
  "startup": {
    "times": [
      5.894379509,
      5.901158985,
      5.944948614,
      5.90331743,
      5.875858563,
      5.694253932,
      5.801046021,
      5.840599691,
      5.845796323,
      5.735682324,
      5.871007178,
      5.956643529,
      5.830732196,
      5.858012953,
      5.916482563,
      5.930281633,
      5.913423156,
      5.956355706,
      5.726687414,
      5.833482194,
      5.77888333,
      5.872296053,
      5.722348963,
      5.846575632,
      5.854557781,
      5.872671997,
      5.818722683,
      5.829150371,
      5.856048887,
      5.857194979,
      5.802603268,
      5.910879466,
      5.839212137,
      5.855924857,
      5.858511666,
      5.924828835,
      5.763265775,
      5.983426454,
      5.822041762,
      5.898452795,
      5.842731562,
      5.906035183,
      5.772328482,
      5.869607798,
      5.875473272,
      5.896523441,
      5.743727886,
      5.811128857,
      5.846794904,
      5.717937321
    ]
  },
  "warmup": {
    "times": [

    ]
  },
  "requests": {
    "times": [

    ]
  }
}
