{
  "version": 2,
  "settings": {
    "startup_iters": 50,
    "random_seed": 16541799507913229037,
    "worker_iterations": 0,
    "warmup_iterations": 0,
    "workers": 30,
    "puma_processes": 10,
    "puma_threads": 6,
    "port_num": 4567,
    "out_dir": ".",
    "discourse_revision": "02fb86916f5265ad8318c4415229753428c68eaf"
  },
  "environment": {
    "RUBY_VERSION": "2.3.4",
    "RUBY_DESCRIPTION": "ruby 2.3.4p301 (2017-03-30 revision 58214) [x86_64-linux]",
    "rvm current": "ext-mri-2.3.4"
  },
  "startup": {
    "times": [
      6.533078875,
      6.606814633,
      6.687336781,
      6.542543864,
      6.547728684,
      6.570516513,
      6.579361511,
      6.551831378,
      6.599511087,
      6.526566245,
      6.593969857,
      6.443503689,
      6.528874636,
      6.601002156,
      6.563763749,
      6.515479179,
      6.364070817,
      6.532258037,
      6.431125018,
      6.566239007,
      6.65064797,
      6.559366438,
      6.474283703,
      6.517529462,
      6.452371823,
      6.47435056,
      6.402732951,
      6.584918587,
      6.444006183,
      6.620367675,
      6.481885734,
      6.302323577,
      6.69514679,
      6.445189574,
      6.647727626,
      6.491304466,
      6.619132143,
      6.552269416,
      6.568371846,
      6.534738223,
      6.583191482,
      6.529963552,
      6.654353786,
      6.544573248,
      6.627142188,
      6.632038941,
      6.521889034,
      6.317969129,
      6.567843192,
      6.592746096
    ]
  },
  "warmup": {
    "times": [

    ]
  },
  "requests": {
    "times": [

    ]
  }
}
