{
  "version": 2,
  "settings": {
    "startup_iters": 150,
    "random_seed": 16541799507913229037,
    "worker_iterations": 0,
    "warmup_iterations": 0,
    "workers": 30,
    "puma_processes": 10,
    "puma_threads": 6,
    "port_num": 4567,
    "out_dir": ".",
    "discourse_revision": "a6ef10d61374a4d420799e7410a67b0afaeec637"
  },
  "environment": {
    "RUBY_VERSION": "2.2.7",
    "rvm current": "ext-mri-2.2.7"
  },
  "startup": {
    "times": [
      7.809213589,
      7.76796148,
      7.823245368,
      7.717331088,
      7.568936368,
      7.915138866,
      7.827172172,
      7.861060245,
      7.636370011,
      7.817793675,
      7.834291409,
      7.746461437,
      7.58718979,
      7.723735342,
      7.923585416,
      7.733176712,
      7.853679272,
      7.878100752,
      7.745984016,
      7.873812342,
      7.499170195,
      7.695260602,
      7.854835372,
      7.782216198,
      7.783149206,
      7.879978519,
      7.845505844,
      7.957137438,
      7.827953519,
      7.869467576,
      7.704839015,
      7.847354383,
      7.919868908,
      7.930764042,
      7.809481588,
      7.965111774,
      7.740624765,
      7.887131308,
      7.783199683,
      7.848033164,
      7.60815573,
      7.944721952,
      7.869643479,
      7.921718838,
      7.818702441,
      7.736725966,
      7.796629783,
      7.833251661,
      7.939703528,
      7.717305898,
      7.81495785,
      7.731944695,
      7.826639579,
      7.860965293,
      7.815359945,
      7.91698739,
      7.603202527,
      7.799384781,
      7.961560673,
      7.979441254,
      7.629028047,
      7.842908403,
      7.59200294,
      7.654337595,
      7.869667633,
      7.895078084,
      7.688148929,
      7.983412232,
      7.638998358,
      7.806056497,
      7.78272453,
      7.785961395,
      7.741512788,
      7.839120843,
      7.789143395,
      7.707663303,
      7.668906839,
      7.883501228,
      7.730521074,
      7.925674092,
      7.67351653,
      7.775454069,
      7.8903612,
      7.894384342,
      7.721091777,
      7.664470584,
      7.792224706,
      7.798311882,
      7.805037256,
      7.849931652,
      7.794190675,
      7.81254385,
      7.808453297,
      7.917701905,
      7.677645204,
      7.845537792,
      7.794639028,
      7.770055818,
      7.916746022,
      7.707843796,
      7.781637737,
      7.734877361,
      7.985577727,
      7.871662595,
      7.858356031,
      7.813838909,
      7.663176225,
      7.864641221,
      7.789632759,
      7.781077289,
      7.814039434,
      7.879370886,
      7.872593591,
      7.918372736,
      7.906810625,
      7.721685071,
      7.850243982,
      7.80316025,
      7.78331939,
      7.933346188,
      7.691611859,
      7.656326133,
      7.985059394,
      7.839976571,
      7.774727683,
      7.795248865,
      7.913766077,
      7.940346499,
      7.814366665,
      7.80015502,
      7.936775924,
      7.794044399,
      7.926189244,
      7.857193272,
      7.705879238,
      7.903367399,
      7.808806923,
      7.7592467,
      7.912456083,
      7.739986504,
      7.781730318,
      7.712585284,
      7.608777231,
      7.733984136,
      7.893259652,
      7.731119736,
      7.786131625,
      7.792602701,
      7.927957857,
      7.798949116
    ]
  },
  "warmup": {
    "times": [

    ]
  },
  "requests": {
    "times": [

    ]
  }
}
