{
  "cohort_indices": [
    "rvm current",
    "env-RUBYOPT"
  ],
  "input_files": [
    "rsb_rack_1557488915.json",
    "rsb_rack_1557483676.json",
    "rsb_rack_1557481846.json",
    "rsb_rails_1557483413.json",
    "rsb_rails_1557483150.json",
    "rsb_rails_1557490746.json",
    "rsb_rails_1557485769.json",
    "rsb_rack_1557488129.json",
    "rsb_rails_1557483936.json",
    "rsb_rails_1557486816.json",
    "rsb_rack_1557482368.json",
    "rsb_rails_1557487342.json",
    "rsb_rack_1557489699.json",
    "rsb_rack_1557482108.json",
    "rsb_rack_1557485248.json",
    "rsb_rails_1557484722.json",
    "rsb_rails_1557486031.json",
    "rsb_rack_1557482889.json",
    "rsb_rails_1557488652.json",
    "rsb_rack_1557484198.json",
    "rsb_rack_1557487868.json",
    "rsb_rails_1557488389.json",
    "rsb_rack_1557491791.json",
    "rsb_rack_1557486295.json",
    "rsb_rack_1557482628.json",
    "rsb_rack_1557491008.json",
    "rsb_rack_1557485508.json",
    "rsb_rails_1557481519.json",
    "rsb_rails_1557490220.json",
    "rsb_rack_1557491530.json",
    "rsb_rack_1557491269.json",
    "rsb_rack_1557486555.json",
    "rsb_rails_1557484985.json",
    "rsb_rails_1557489437.json",
    "rsb_rails_1557487079.json",
    "rsb_rails_1557489175.json",
    "rsb_rack_1557489960.json",
    "rsb_rails_1557490482.json",
    "rsb_rails_1557487605.json",
    "rsb_rails_1557484459.json"
  ],
  "throughput_by_cohort": {
    "ruby-2.6.2,": [
      13561.020833333334,
      13285.7,
      13051.845833333333,
      1288.5208333333333,
      1267.7291666666667,
      1255.0166666666667,
      13620.65,
      1285.5833333333333,
      13172.8,
      13225.8875,
      13444.5125,
      1265.1541666666667,
      13432.829166666666,
      13201.4875,
      1287.4833333333333,
      1302.1666666666667,
      1294.7125,
      1262.7958333333333,
      1270.0083333333334,
      13721.220833333333
    ],
    "ruby-2.6.2,--jit": [
      1014.6041666666666,
      1014.5958333333333,
      1017.7208333333333,
      13149.941666666668,
      1022.8791666666667,
      1025.7791666666667,
      12849.383333333333,
      1018.9791666666666,
      13260.4375,
      12759.033333333333,
      13584.2625,
      13201.779166666667,
      13016.0,
      1032.0875,
      13219.166666666666,
      13176.029166666667,
      12907.804166666667,
      1024.4916666666666,
      1022.6166666666667,
      1030.1125
    ]
  },
  "processed": {
    "cohort": {
      "ruby-2.6.2,": {
        "request_percentiles": {
          "0": 4.7e-05,
          "1": 5.8e-05,
          "2": 5.9e-05,
          "3": 5.9e-05,
          "4": 6.0e-05,
          "5": 6.1e-05,
          "6": 6.5e-05,
          "7": 6.7e-05,
          "8": 6.7e-05,
          "9": 6.7e-05,
          "10": 6.8e-05,
          "11": 6.8e-05,
          "12": 6.8e-05,
          "13": 6.8e-05,
          "14": 6.8e-05,
          "15": 6.8e-05,
          "16": 6.9e-05,
          "17": 6.9e-05,
          "18": 6.9e-05,
          "19": 6.9e-05,
          "20": 6.9e-05,
          "21": 6.9e-05,
          "22": 6.9e-05,
          "23": 6.9e-05,
          "24": 6.9e-05,
          "25": 6.9e-05,
          "26": 7.0e-05,
          "27": 7.0e-05,
          "28": 7.0e-05,
          "29": 7.0e-05,
          "30": 7.0e-05,
          "31": 7.0e-05,
          "32": 7.0e-05,
          "33": 7.0e-05,
          "34": 7.0e-05,
          "35": 7.0e-05,
          "36": 7.0e-05,
          "37": 7.0e-05,
          "38": 7.0e-05,
          "39": 7.0e-05,
          "40": 7.1e-05,
          "41": 7.1e-05,
          "42": 7.1e-05,
          "43": 7.1e-05,
          "44": 7.1e-05,
          "45": 7.1e-05,
          "46": 7.1e-05,
          "47": 7.1e-05,
          "48": 7.1e-05,
          "49": 7.1e-05,
          "50": 7.1e-05,
          "51": 7.1e-05,
          "52": 7.1e-05,
          "53": 7.2e-05,
          "54": 7.2e-05,
          "55": 7.2e-05,
          "56": 7.2e-05,
          "57": 7.2e-05,
          "58": 7.2e-05,
          "59": 7.2e-05,
          "60": 7.2e-05,
          "61": 7.2e-05,
          "62": 7.2e-05,
          "63": 7.2e-05,
          "64": 7.2e-05,
          "65": 7.2e-05,
          "66": 7.2e-05,
          "67": 7.2e-05,
          "68": 7.3e-05,
          "69": 7.3e-05,
          "70": 7.3e-05,
          "71": 7.3e-05,
          "72": 7.3e-05,
          "73": 7.3e-05,
          "74": 7.3e-05,
          "75": 7.3e-05,
          "76": 7.3e-05,
          "77": 7.3e-05,
          "78": 7.3e-05,
          "79": 7.4e-05,
          "80": 7.4e-05,
          "81": 7.4e-05,
          "82": 7.4e-05,
          "83": 7.4e-05,
          "84": 7.4e-05,
          "85": 7.4e-05,
          "86": 7.5e-05,
          "87": 7.5e-05,
          "88": 7.5e-05,
          "89": 8.0e-05,
          "90": 8.4e-05,
          "91": 0.000544,
          "92": 0.000729,
          "93": 0.00074,
          "94": 0.000744,
          "95": 0.000748,
          "96": 0.000752,
          "97": 0.000758,
          "98": 0.000762,
          "99": 0.00077,
          "100": 0.00852
        },
        "rate_percentiles": {
          "0": 787.0,
          "5": 1252.0,
          "10": 1262.0,
          "15": 1272.0,
          "20": 1280.0,
          "25": 1290.0,
          "30": 1292.0,
          "35": 1300.0,
          "40": 1310.0,
          "45": 1320.0,
          "50": 10500.0,
          "55": 13100.0,
          "60": 13210.0,
          "65": 13282.0,
          "70": 13363.0,
          "75": 13450.0,
          "80": 13555.0,
          "85": 13650.0,
          "90": 13750.0,
          "95": 13868.0,
          "100": 15252
        },
        "throughputs": [
          1255.0166666666667,
          1262.7958333333333,
          1265.1541666666667,
          1267.7291666666667,
          1270.0083333333334,
          1285.5833333333333,
          1287.4833333333333,
          1288.5208333333333,
          1294.7125,
          1302.1666666666667,
          13051.845833333333,
          13172.8,
          13201.4875,
          13225.8875,
          13285.7,
          13432.829166666666,
          13444.5125,
          13561.020833333334,
          13620.65,
          13721.220833333333
        ],
        "cohort_samples": 35159310,
        "cohort_batches": 20,
        "latency_mean": 0.0001342170788925609,
        "latency_median": 7.1e-05,
        "latency_variance": 4.581084660103069e-08,
        "rate_mean": 7359.616014331244,
        "rate_median": 10500.0,
        "rate_variance": 37000414.25246028,
        "throughput_mean": 7324.856249999999,
        "throughput_median": 7177.00625,
        "throughput_variance": 38512642.104776144,
        "error_total": 0,
        "error_rate": 0.0,
        "errors_by_type": {
          "connect": 0,
          "read": 0,
          "write": 0,
          "status": 0,
          "timeout": 0
        }
      },
      "ruby-2.6.2,--jit": {
        "request_percentiles": {
          "0": 4.8e-05,
          "1": 5.8e-05,
          "2": 5.9e-05,
          "3": 5.9e-05,
          "4": 5.9e-05,
          "5": 6.0e-05,
          "6": 6.0e-05,
          "7": 6.0e-05,
          "8": 6.1e-05,
          "9": 6.1e-05,
          "10": 6.1e-05,
          "11": 6.2e-05,
          "12": 6.2e-05,
          "13": 6.3e-05,
          "14": 6.3e-05,
          "15": 6.5e-05,
          "16": 6.6e-05,
          "17": 6.9e-05,
          "18": 6.9e-05,
          "19": 7.0e-05,
          "20": 7.0e-05,
          "21": 7.0e-05,
          "22": 7.0e-05,
          "23": 7.1e-05,
          "24": 7.1e-05,
          "25": 7.1e-05,
          "26": 7.1e-05,
          "27": 7.1e-05,
          "28": 7.1e-05,
          "29": 7.1e-05,
          "30": 7.1e-05,
          "31": 7.2e-05,
          "32": 7.2e-05,
          "33": 7.2e-05,
          "34": 7.2e-05,
          "35": 7.2e-05,
          "36": 7.2e-05,
          "37": 7.2e-05,
          "38": 7.2e-05,
          "39": 7.2e-05,
          "40": 7.2e-05,
          "41": 7.2e-05,
          "42": 7.2e-05,
          "43": 7.2e-05,
          "44": 7.3e-05,