{
  "version": 2,
  "settings": {
    "startup_iters": 20,
    "random_seed": 16541799507913229037,
    "worker_iterations": 0,
    "warmup_iterations": 0,
    "workers": 30,
    "puma_processes": 10,
    "puma_threads": 6,
    "port_num": 4567,
    "out_dir": "newhash/",
    "discourse_revision": "02fb86916f5265ad8318c4415229753428c68eaf"
  },
  "environment": {
    "RUBY_VERSION": "2.5.0"
  },
  "startup": {
    "times": [
      7.414140339,
      7.225105854,
      7.283216759,
      7.24135683,
      7.0282205,
      7.259187788,
      7.482540706,
      7.503552658,
      7.078852069,
      7.18039185,
      7.377751943,
      7.215135107,
      7.523458029,
      7.217850323,
      7.270910615,
      7.442439049,
      7.323446762,
      7.200708568,
      7.331198978,
      7.200368964
    ]
  },
  "warmup": {
    "times": [

    ]
  },
  "requests": {
    "times": [

    ]
  }
}
