{
  "version": 2,
  "settings": {
    "startup_iters": 20,
    "random_seed": 16541799507913229037,
    "worker_iterations": 0,
    "warmup_iterations": 0,
    "workers": 30,
    "puma_processes": 10,
    "puma_threads": 6,
    "port_num": 4567,
    "out_dir": "newhash/",
    "discourse_revision": "02fb86916f5265ad8318c4415229753428c68eaf"
  },
  "environment": {
    "RUBY_VERSION": "2.5.0"
  },
  "startup": {
    "times": [
      7.139043214,
      6.946963012,
      7.445412928,
      7.266193096,
      6.937672801,
      7.219767803,
      7.171963362,
      7.321129226,
      7.180409891,
      7.103036332,
      7.296048469,
      7.230132587,
      7.329317053,
      7.225679862,
      7.087075202,
      7.178837274,
      7.374264949,
      7.185448931,
      7.100253383,
      7.434263242
    ]
  },
  "warmup": {
    "times": [

    ]
  },
  "requests": {
    "times": [

    ]
  }
}
