{
  "version": 2,
  "settings": {
    "startup_iters": 20,
    "random_seed": 16541799507913229037,
    "worker_iterations": 0,
    "warmup_iterations": 0,
    "workers": 30,
    "puma_processes": 10,
    "puma_threads": 6,
    "port_num": 4567,
    "out_dir": "newhash/",
    "discourse_revision": "02fb86916f5265ad8318c4415229753428c68eaf"
  },
  "environment": {
    "RUBY_VERSION": "2.5.0"
  },
  "startup": {
    "times": [
      7.165337836,
      7.259260203,
      7.279210912,
      7.424426869,
      7.38369284,
      7.433370167,
      7.296585969,
      7.241534508,
      7.214368189,
      7.330002276,
      7.369820911,
      7.180522667,
      7.40106897,
      7.318875849,
      7.323598728,
      7.295828821,
      7.056373469,
      7.156371054,
      7.226458086,
      7.172964308
    ]
  },
  "warmup": {
    "times": [

    ]
  },
  "requests": {
    "times": [

    ]
  }
}
