{
  "version": 2,
  "settings": {
    "startup_iters": 20,
    "random_seed": 16541799507913229037,
    "worker_iterations": 0,
    "warmup_iterations": 0,
    "workers": 30,
    "puma_processes": 10,
    "puma_threads": 6,
    "port_num": 4567,
    "out_dir": "newhash/",
    "discourse_revision": "02fb86916f5265ad8318c4415229753428c68eaf"
  },
  "environment": {
    "RUBY_VERSION": "2.5.0"
  },
  "startup": {
    "times": [
      7.334096009,
      7.367028966,
      7.388064494,
      7.277106851,
      7.231390732,
      7.295668386,
      7.371188306,
      7.560845534,
      7.261767218,
      7.322318418,
      7.318963361,
      7.330814474,
      7.339497375,
      7.245677034,
      7.361625815,
      7.214694498,
      7.158594545,
      7.419290679,
      7.27942853,
      7.296131142
    ]
  },
  "warmup": {
    "times": [

    ]
  },
  "requests": {
    "times": [

    ]
  }
}
