{
  "version": 2,
  "settings": {
    "startup_iters": 20,
    "random_seed": 16541799507913229037,
    "worker_iterations": 0,
    "warmup_iterations": 0,
    "workers": 30,
    "puma_processes": 10,
    "puma_threads": 6,
    "port_num": 4567,
    "out_dir": "newhash/",
    "discourse_revision": "02fb86916f5265ad8318c4415229753428c68eaf"
  },
  "environment": {
    "RUBY_VERSION": "2.5.0"
  },
  "startup": {
    "times": [
      7.313704934,
      7.304929012,
      7.148910793,
      7.395851834,
      7.301106266,
      7.257251624,
      7.194568952,
      7.479572565,
      7.379657589,
      7.294956112,
      7.363763239,
      7.196141142,
      7.02488602,
      7.468173584,
      7.410540251,
      7.245221644,
      7.338842112,
      7.263721277,
      7.318078893,
      7.26207998
    ]
  },
  "warmup": {
    "times": [

    ]
  },
  "requests": {
    "times": [

    ]
  }
}
