{
  "version": 2,
  "settings": {
    "startup_iters": 20,
    "random_seed": 16541799507913229037,
    "worker_iterations": 0,
    "warmup_iterations": 0,
    "workers": 30,
    "puma_processes": 10,
    "puma_threads": 6,
    "port_num": 4567,
    "out_dir": "newhash/",
    "discourse_revision": "02fb86916f5265ad8318c4415229753428c68eaf"
  },
  "environment": {
    "RUBY_VERSION": "2.5.0"
  },
  "startup": {
    "times": [
      7.253611442,
      7.377130379,
      7.186925788,
      7.331533903,
      7.505417131,
      7.443269221,
      7.255568782,
      7.466552546,
      7.208403628,
      7.1595544,
      7.489051006,
      7.323995652,
      7.313711685,
      7.260748498,
      7.316196044,
      7.247406737,
      7.351753709,
      7.248295714,
      7.332956608,
      7.185362523
    ]
  },
  "warmup": {
    "times": [

    ]
  },
  "requests": {
    "times": [

    ]
  }
}
