{
  "version": 2,
  "settings": {
    "startup_iters": 20,
    "random_seed": 16541799507913229037,
    "worker_iterations": 0,
    "warmup_iterations": 0,
    "workers": 30,
    "puma_processes": 10,
    "puma_threads": 6,
    "port_num": 4567,
    "out_dir": "newhash/",
    "discourse_revision": "02fb86916f5265ad8318c4415229753428c68eaf"
  },
  "environment": {
    "RUBY_VERSION": "2.5.0"
  },
  "startup": {
    "times": [
      7.19437007,
      7.224550619,
      7.443057028,
      7.249949525,
      7.165775283,
      7.134226006,
      7.346595644,
      7.237627964,
      7.098640657,
      7.250771667,
      7.227189202,
      7.368864478,
      7.359453648,
      7.267224382,
      7.164707174,
      7.299848737,
      7.123703657,
      7.226265517,
      7.395560403,
      7.344324755
    ]
  },
  "warmup": {
    "times": [

    ]
  },
  "requests": {
    "times": [

    ]
  }
}
