{
  "version": 2,
  "settings": {
    "startup_iters": 20,
    "random_seed": 16541799507913229037,
    "worker_iterations": 0,
    "warmup_iterations": 0,
    "workers": 30,
    "puma_processes": 10,
    "puma_threads": 6,
    "port_num": 4567,
    "out_dir": "newhash/",
    "discourse_revision": "02fb86916f5265ad8318c4415229753428c68eaf"
  },
  "environment": {
    "RUBY_VERSION": "2.5.0"
  },
  "startup": {
    "times": [
      7.268906831,
      7.372062875,
      7.29976263,
      7.410870053,
      7.210902495,
      7.194499457,
      7.282933174,
      7.232648523,
      7.378918753,
      7.096241282,
      7.198399642,
      7.245150436,
      7.277509316,
      7.45918357,
      7.3937235,
      7.091930822,
      7.514896816,
      7.201202102,
      7.088174769,
      7.242729868
    ]
  },
  "warmup": {
    "times": [

    ]
  },
  "requests": {
    "times": [

    ]
  }
}
