{
  "version": 2,
  "settings": {
    "startup_iters": 20,
    "random_seed": 16541799507913229037,
    "worker_iterations": 0,
    "warmup_iterations": 0,
    "workers": 30,
    "puma_processes": 10,
    "puma_threads": 6,
    "port_num": 4567,
    "out_dir": "newhash/",
    "discourse_revision": "02fb86916f5265ad8318c4415229753428c68eaf"
  },
  "environment": {
    "RUBY_VERSION": "2.5.0"
  },
  "startup": {
    "times": [
      7.362902832,
      7.071733289,
      7.270087507,
      7.204291635,
      7.328030597,
      7.19457639,
      7.362458011,
      7.253900446,
      7.219813966,
      7.13545496,
      7.323579081,
      7.110999595,
      7.214535669,
      7.275658649,
      7.286084363,
      7.359957723,
      7.286947451,
      7.418016047,
      7.235816483,
      7.028620198
    ]
  },
  "warmup": {
    "times": [

    ]
  },
  "requests": {
    "times": [

    ]
  }
}
