{
  "version": 2,
  "settings": {
    "startup_iters": 20,
    "random_seed": 16541799507913229037,
    "worker_iterations": 0,
    "warmup_iterations": 0,
    "workers": 30,
    "puma_processes": 10,
    "puma_threads": 6,
    "port_num": 4567,
    "out_dir": "newhash/",
    "discourse_revision": "02fb86916f5265ad8318c4415229753428c68eaf"
  },
  "environment": {
    "RUBY_VERSION": "2.5.0"
  },
  "startup": {
    "times": [
      7.460033667,
      7.164588632,
      7.229526823,
      7.314611224,
      7.282033682,
      7.263543583,
      7.216410584,
      7.240123112,
      7.472615111,
      7.221316903,
      7.241773962,
      7.196978411,
      7.111896211,
      7.182646393,
      7.301670855,
      7.222753476,
      7.276806377,
      7.321374457,
      7.284479427,
      7.320854624
    ]
  },
  "warmup": {
    "times": [

    ]
  },
  "requests": {
    "times": [

    ]
  }
}
