{
  "version": 2,
  "settings": {
    "startup_iters": 20,
    "random_seed": 16541799507913229037,
    "worker_iterations": 0,
    "warmup_iterations": 0,
    "workers": 30,
    "puma_processes": 10,
    "puma_threads": 6,
    "port_num": 4567,
    "out_dir": "oldhash/",
    "discourse_revision": "02fb86916f5265ad8318c4415229753428c68eaf"
  },
  "environment": {
    "RUBY_VERSION": "2.5.0"
  },
  "startup": {
    "times": [
      5.914040922,
      6.168955547,
      6.082013379,
      6.131134968,
      6.221035775,
      6.101172645,
      6.107854106,
      6.194179675,
      6.173479759,
      6.146590228,
      6.204518349,
      6.352885966,
      6.087415771,
      6.104980459,
      6.275503432,
      6.36955875,
      6.103381406,
      6.104795065,
      6.208859224,
      6.180797264
    ]
  },
  "warmup": {
    "times": [

    ]
  },
  "requests": {
    "times": [

    ]
  }
}
