{
  "version": 2,
  "settings": {
    "startup_iters": 20,
    "random_seed": 16541799507913229037,
    "worker_iterations": 0,
    "warmup_iterations": 0,
    "workers": 30,
    "puma_processes": 10,
    "puma_threads": 6,
    "port_num": 4567,
    "out_dir": "oldhash/",
    "discourse_revision": "02fb86916f5265ad8318c4415229753428c68eaf"
  },
  "environment": {
    "RUBY_VERSION": "2.5.0"
  },
  "startup": {
    "times": [
      6.302272795,
      6.361962705,
      6.139332007,
      6.17372993,
      6.212643797,
      6.413262461,
      6.045811829,
      6.064184615,
      6.132205528,
      6.201176299,
      6.001535348,
      6.088213752,
      6.105334538,
      6.215364958,
      6.138965884,
      6.024926195,
      6.185020578,
      6.432394897,
      6.072704417,
      6.287225569
    ]
  },
  "warmup": {
    "times": [

    ]
  },
  "requests": {
    "times": [

    ]
  }
}
