{
  "version": 2,
  "settings": {
    "startup_iters": 20,
    "random_seed": 16541799507913229037,
    "worker_iterations": 0,
    "warmup_iterations": 0,
    "workers": 30,
    "puma_processes": 10,
    "puma_threads": 6,
    "port_num": 4567,
    "out_dir": "oldhash/",
    "discourse_revision": "02fb86916f5265ad8318c4415229753428c68eaf"
  },
  "environment": {
    "RUBY_VERSION": "2.5.0"
  },
  "startup": {
    "times": [
      6.260767327,
      6.307194946,
      6.200084848,
      6.232798677,
      6.207891314,
      6.312088972,
      6.067995512,
      6.246660988,
      6.277861922,
      6.08934542,
      6.072895233,
      6.158740825,
      6.162292041,
      6.335476343,
      6.131021363,
      6.158317374,
      6.202959649,
      6.333524984,
      5.97748734,
      6.17205571
    ]
  },
  "warmup": {
    "times": [

    ]
  },
  "requests": {
    "times": [

    ]
  }
}
