{
  "version": 2,
  "settings": {
    "startup_iters": 20,
    "random_seed": 16541799507913229037,
    "worker_iterations": 0,
    "warmup_iterations": 0,
    "workers": 30,
    "puma_processes": 10,
    "puma_threads": 6,
    "port_num": 4567,
    "out_dir": "oldhash/",
    "discourse_revision": "02fb86916f5265ad8318c4415229753428c68eaf"
  },
  "environment": {
    "RUBY_VERSION": "2.5.0"
  },
  "startup": {
    "times": [
      6.171305518,
      6.248285987,
      6.003316046,
      6.219377738,
      6.087680567,
      6.2276188,
      6.05809284,
      6.229464797,
      6.179145754,
      6.209623859,
      6.062346554,
      6.285996558,
      6.332187877,
      5.907081007,
      6.089103173,
      5.879203304,
      6.282152081,
      6.146051891,
      6.10949937,
      6.146134749
    ]
  },
  "warmup": {
    "times": [

    ]
  },
  "requests": {
    "times": [

    ]
  }
}
