{
  "version": 2,
  "settings": {
    "startup_iters": 20,
    "random_seed": 16541799507913229037,
    "worker_iterations": 0,
    "warmup_iterations": 0,
    "workers": 30,
    "puma_processes": 10,
    "puma_threads": 6,
    "port_num": 4567,
    "out_dir": "oldhash/",
    "discourse_revision": "02fb86916f5265ad8318c4415229753428c68eaf"
  },
  "environment": {
    "RUBY_VERSION": "2.5.0"
  },
  "startup": {
    "times": [
      6.091179921,
      6.25877715,
      6.231136992,
      6.446189772,
      6.125647176,
      6.328943476,
      6.246943635,
      6.44122297,
      6.098004106,
      6.445060059,
      6.230853237,
      6.202050909,
      6.137223519,
      6.301279666,
      6.238291762,
      6.213717742,
      6.207691751,
      6.343230586,
      6.036778134,
      6.404071121
    ]
  },
  "warmup": {
    "times": [

    ]
  },
  "requests": {
    "times": [

    ]
  }
}
