{
  "version": 2,
  "settings": {
    "startup_iters": 20,
    "random_seed": 16541799507913229037,
    "worker_iterations": 0,
    "warmup_iterations": 0,
    "workers": 30,
    "puma_processes": 10,
    "puma_threads": 6,
    "port_num": 4567,
    "out_dir": "oldhash/",
    "discourse_revision": "02fb86916f5265ad8318c4415229753428c68eaf"
  },
  "environment": {
    "RUBY_VERSION": "2.5.0"
  },
  "startup": {
    "times": [
      6.023665532,
      6.164162768,
      6.239903042,
      6.204848505,
      6.258530434,
      6.120078798,
      6.099947968,
      6.115915874,
      6.285304207,
      6.223693137,
      6.224858866,
      6.169815446,
      6.225675156,
      5.968663353,
      6.120740175,
      6.348927112,
      6.483152061,
      6.052207182,
      6.124913113,
      6.129841224
    ]
  },
  "warmup": {
    "times": [

    ]
  },
  "requests": {
    "times": [

    ]
  }
}
