{
  "version": 2,
  "settings": {
    "startup_iters": 20,
    "random_seed": 16541799507913229037,
    "worker_iterations": 0,
    "warmup_iterations": 0,
    "workers": 30,
    "puma_processes": 10,
    "puma_threads": 6,
    "port_num": 4567,
    "out_dir": "oldhash/",
    "discourse_revision": "02fb86916f5265ad8318c4415229753428c68eaf"
  },
  "environment": {
    "RUBY_VERSION": "2.5.0"
  },
  "startup": {
    "times": [
      6.109973762,
      6.155548711,
      6.150598187,
      6.141679413,
      6.072062559,
      6.228348016,
      6.256077798,
      6.192666248,
      6.447305889,
      6.387614661,
      6.100930012,
      6.185124769,
      6.298546587,
      6.274385147,
      6.331741022,
      6.394660105,
      6.359685752,
      6.246261691,
      6.173303503,
      5.869490976
    ]
  },
  "warmup": {
    "times": [

    ]
  },
  "requests": {
    "times": [

    ]
  }
}
