{
  "version": 2,
  "settings": {
    "startup_iters": 20,
    "random_seed": 16541799507913229037,
    "worker_iterations": 0,
    "warmup_iterations": 0,
    "workers": 30,
    "puma_processes": 10,
    "puma_threads": 6,
    "port_num": 4567,
    "out_dir": "oldhash/",
    "discourse_revision": "02fb86916f5265ad8318c4415229753428c68eaf"
  },
  "environment": {
    "RUBY_VERSION": "2.5.0"
  },
  "startup": {
    "times": [
      6.113549762,
      6.173932504,
      6.094975694,
      6.237838023,
      6.21581776,
      6.102573424,
      6.283160585,
      6.047237491,
      6.13762505,
      6.217206036,
      6.068453642,
      6.054717185,
      6.181307254,
      6.20041746,
      6.150000929,
      6.068105717,
      6.112120813,
      6.231974212,
      6.254583993,
      6.361280878
    ]
  },
  "warmup": {
    "times": [

    ]
  },
  "requests": {
    "times": [

    ]
  }
}
