{
  "version": 2,
  "settings": {
    "startup_iters": 20,
    "random_seed": 16541799507913229037,
    "worker_iterations": 0,
    "warmup_iterations": 0,
    "workers": 30,
    "puma_processes": 10,
    "puma_threads": 6,
    "port_num": 4567,
    "out_dir": "oldhash/",
    "discourse_revision": "02fb86916f5265ad8318c4415229753428c68eaf"
  },
  "environment": {
    "RUBY_VERSION": "2.5.0"
  },
  "startup": {
    "times": [
      6.048485882,
      6.374126492,
      6.089759791,
      6.107268151,
      6.019783347,
      6.458006921,
      6.203092258,
      6.199543531,
      6.324500928,
      6.08871085,
      6.086785105,
      6.262322816,
      6.367785893,
      6.054094681,
      6.181802264,
      6.11966775,
      6.29077991,
      6.12374929,
      6.354608386,
      6.19699014
    ]
  },
  "warmup": {
    "times": [

    ]
  },
  "requests": {
    "times": [

    ]
  }
}
