{
  "version": 2,
  "settings": {
    "startup_iters": 20,
    "random_seed": 16541799507913229037,
    "worker_iterations": 0,
    "warmup_iterations": 0,
    "workers": 30,
    "puma_processes": 10,
    "puma_threads": 6,
    "port_num": 4567,
    "out_dir": "oldhash/",
    "discourse_revision": "02fb86916f5265ad8318c4415229753428c68eaf"
  },
  "environment": {
    "RUBY_VERSION": "2.5.0"
  },
  "startup": {
    "times": [
      6.235749012,
      6.189475664,
      6.200623088,
      6.163725175,
      6.216012804,
      6.250859165,
      5.994744587,
      6.107253485,
      6.140310116,
      6.166489101,
      6.290202416,
      6.167937628,
      6.174140399,
      6.117897968,
      6.157743598,
      6.3754448,
      6.263968655,
      6.006097124,
      6.055455385,
      6.213761803
    ]
  },
  "warmup": {
    "times": [

    ]
  },
  "requests": {
    "times": [

    ]
  }
}
