{
  "version": 2,
  "settings": {
    "startup_iters": 20,
    "random_seed": 16541799507913229037,
    "worker_iterations": 0,
    "warmup_iterations": 0,
    "workers": 30,
    "puma_processes": 10,
    "puma_threads": 6,
    "port_num": 4567,
    "out_dir": "oldhash/",
    "discourse_revision": "02fb86916f5265ad8318c4415229753428c68eaf"
  },
  "environment": {
    "RUBY_VERSION": "2.5.0"
  },
  "startup": {
    "times": [
      6.27890218,
      6.270847352,
      5.996265689,
      6.307518547,
      6.191890597,
      6.190122181,
      6.31683913,
      6.248363321,
      6.333387912,
      6.046848126,
      6.057538689,
      6.385129581,
      6.253502406,
      6.253431417,
      6.329843603,
      6.035567296,
      6.236243734,
      6.201795928,
      6.037236273,
      6.29358843
    ]
  },
  "warmup": {
    "times": [

    ]
  },
  "requests": {
    "times": [

    ]
  }
}
