{
  "version": 2,
  "settings": {
    "startup_iters": 20,
    "random_seed": 16541799507913229037,
    "worker_iterations": 0,
    "warmup_iterations": 0,
    "workers": 30,
    "puma_processes": 10,
    "puma_threads": 6,
    "port_num": 4567,
    "out_dir": "oldhash/",
    "discourse_revision": "02fb86916f5265ad8318c4415229753428c68eaf"
  },
  "environment": {
    "RUBY_VERSION": "2.5.0"
  },
  "startup": {
    "times": [
      6.227901793,
      6.115153345,
      5.938700576,
      6.268360655,
      6.263977909,
      6.097665918,
      6.134321308,
      6.15027879,
      6.100678025,
      6.035940735,
      6.208308855,
      6.301499583,
      6.435483964,
      6.164737792,
      6.141653125,
      6.311834434,
      6.073992707,
      6.109717716,
      6.037640635,
      6.231068659
    ]
  },
  "warmup": {
    "times": [

    ]
  },
  "requests": {
    "times": [

    ]
  }
}
