{
  "version": 2,
  "settings": {
    "startup_iters": 20,
    "random_seed": 16541799507913229037,
    "worker_iterations": 0,
    "warmup_iterations": 0,
    "workers": 30,
    "puma_processes": 10,
    "puma_threads": 6,
    "port_num": 4567,
    "out_dir": "oldhash/",
    "discourse_revision": "02fb86916f5265ad8318c4415229753428c68eaf"
  },
  "environment": {
    "RUBY_VERSION": "2.5.0"
  },
  "startup": {
    "times": [
      6.302181753,
      6.169606288,
      6.331004205,
      6.115323728,
      6.088892719,
      6.025979204,
      6.431764427,
      6.214782327,
      6.229559659,
      6.090025658,
      6.118167047,
      6.49958417,
      6.104875894,
      6.399427126,
      6.394998186,
      6.249849516,
      6.404602657,
      6.168267215,
      6.294858071,
      6.301094133
    ]
  },
  "warmup": {
    "times": [

    ]
  },
  "requests": {
    "times": [

    ]
  }
}
