{
  "version": 2,
  "settings": {
    "startup_iters": 20,
    "random_seed": 16541799507913229037,
    "worker_iterations": 0,
    "warmup_iterations": 0,
    "workers": 30,
    "puma_processes": 10,
    "puma_threads": 6,
    "port_num": 4567,
    "out_dir": "oldhash/",
    "discourse_revision": "02fb86916f5265ad8318c4415229753428c68eaf"
  },
  "environment": {
    "RUBY_VERSION": "2.5.0"
  },
  "startup": {
    "times": [
      6.266992148,
      6.226470076,
      6.095591725,
      5.895185945,
      6.376839446,
      6.007790002,
      6.073590346,
      6.124907436,
      6.168702757,
      6.185964004,
      6.41234994,
      6.226659618,
      6.200540368,
      6.313504258,
      6.166047558,
      5.967561543,
      6.235751701,
      6.294550961,
      6.209054802,
      6.252666393
    ]
  },
  "warmup": {
    "times": [

    ]
  },
  "requests": {
    "times": [

    ]
  }
}
