{
  "version": 2,
  "settings": {
    "startup_iters": 20,
    "random_seed": 16541799507913229037,
    "worker_iterations": 0,
    "warmup_iterations": 0,
    "workers": 30,
    "puma_processes": 10,
    "puma_threads": 6,
    "port_num": 4567,
    "out_dir": "oldhash/",
    "discourse_revision": "02fb86916f5265ad8318c4415229753428c68eaf"
  },
  "environment": {
    "RUBY_VERSION": "2.5.0"
  },
  "startup": {
    "times": [
      6.266870413,
      6.34912692,
      6.21634079,
      6.285161146,
      6.246866561,
      6.056174003,
      6.203026387,
      6.196586749,
      6.070406091,
      6.309111573,
      6.371078314,
      6.268854947,
      6.180045676,
      6.119800729,
      6.229276289,
      6.14135208,
      5.909436709,
      6.229553987,
      6.396448569,
      5.960685324
    ]
  },
  "warmup": {
    "times": [

    ]
  },
  "requests": {
    "times": [

    ]
  }
}
