{
  "version": 2,
  "settings": {
    "startup_iters": 20,
    "random_seed": 16541799507913229037,
    "worker_iterations": 0,
    "warmup_iterations": 0,
    "workers": 30,
    "puma_processes": 10,
    "puma_threads": 6,
    "port_num": 4567,
    "out_dir": "oldhash/",
    "discourse_revision": "02fb86916f5265ad8318c4415229753428c68eaf"
  },
  "environment": {
    "RUBY_VERSION": "2.5.0"
  },
  "startup": {
    "times": [
      6.128172352,
      6.274168215,
      6.266161847,
      6.089706674,
      6.45452861,
      5.949576637,
      6.194665889,
      6.152550677,
      6.142009883,
      6.007145648,
      6.000362226,
      6.125274125,
      6.399305134,
      6.107195843,
      6.108207667,
      6.357895223,
      6.379599425,
      5.910830131,
      6.069885188,
      6.243739817
    ]
  },
  "warmup": {
    "times": [

    ]
  },
  "requests": {
    "times": [

    ]
  }
}
