{
  "version": 2,
  "settings": {
    "startup_iters": 20,
    "random_seed": 16541799507913229037,
    "worker_iterations": 0,
    "warmup_iterations": 0,
    "workers": 30,
    "puma_processes": 10,
    "puma_threads": 6,
    "port_num": 4567,
    "out_dir": "oldhash/",
    "discourse_revision": "02fb86916f5265ad8318c4415229753428c68eaf"
  },
  "environment": {
    "RUBY_VERSION": "2.5.0"
  },
  "startup": {
    "times": [
      6.262709637,
      6.02021485,
      6.238827871,
      6.179385576,
      6.196029349,
      6.226201711,
      6.308312274,
      6.047952868,
      6.237506429,
      6.129940063,
      5.99883566,
      6.128069251,
      6.263646521,
      6.101730146,
      6.349000692,
      6.39151397,
      5.933823754,
      6.041205956,
      6.243083616,
      6.230974041
    ]
  },
  "warmup": {
    "times": [

    ]
  },
  "requests": {
    "times": [

    ]
  }
}
