{
  "version": 2,
  "settings": {
    "startup_iters": 20,
    "random_seed": 16541799507913229037,
    "worker_iterations": 0,
    "warmup_iterations": 0,
    "workers": 30,
    "puma_processes": 10,
    "puma_threads": 6,
    "port_num": 4567,
    "out_dir": "oldhash/",
    "discourse_revision": "02fb86916f5265ad8318c4415229753428c68eaf"
  },
  "environment": {
    "RUBY_VERSION": "2.5.0"
  },
  "startup": {
    "times": [
      6.22636846,
      6.082445346,
      6.129650329,
      6.316851915,
      6.332493727,
      6.155771418,
      6.313994276,
      5.989443352,
      6.297910872,
      6.410372122,
      6.365744183,
      6.167671761,
      6.446262064,
      6.140223582,
      5.993558882,
      5.971529287,
      6.164855603,
      6.214376316,
      6.220257175,
      5.91107718
    ]
  },
  "warmup": {
    "times": [

    ]
  },
  "requests": {
    "times": [

    ]
  }
}
