{
  "version": 2,
  "settings": {
    "startup_iters": 20,
    "random_seed": 16541799507913229037,
    "worker_iterations": 0,
    "warmup_iterations": 0,
    "workers": 30,
    "puma_processes": 10,
    "puma_threads": 6,
    "port_num": 4567,
    "out_dir": "oldhash/",
    "discourse_revision": "02fb86916f5265ad8318c4415229753428c68eaf"
  },
  "environment": {
    "RUBY_VERSION": "2.5.0"
  },
  "startup": {
    "times": [
      6.227641235,
      6.262759868,
      6.26088022,
      5.862638646,
      6.144048794,
      6.249291207,
      6.197468408,
      6.079938094,
      6.364278735,
      6.257816194,
      6.397495516,
      6.458972891,
      6.223552915,
      6.140958349,
      6.293947479,
      6.085035257,
      6.155325224,
      6.156298027,
      6.094617675,
      6.197288093
    ]
  },
  "warmup": {
    "times": [

    ]
  },
  "requests": {
    "times": [

    ]
  }
}
