{
  "version": 2,
  "settings": {
    "startup_iters": 20,
    "random_seed": 16541799507913229037,
    "worker_iterations": 0,
    "warmup_iterations": 0,
    "workers": 30,
    "puma_processes": 10,
    "puma_threads": 6,
    "port_num": 4567,
    "out_dir": "newhash/",
    "discourse_revision": "02fb86916f5265ad8318c4415229753428c68eaf"
  },
  "environment": {
    "RUBY_VERSION": "2.5.0"
  },
  "startup": {
    "times": [
      7.337048296,
      7.027555973,
      7.278494364,
      7.306167866,
      7.318054893,
      7.230565496,
      7.243412317,
      7.259098036,
      7.497739045,
      7.269942512,
      7.35525195,
      7.320419195,
      7.300939551,
      7.289685721,
      7.334411591,
      7.186557311,
      7.310053705,
      7.317515998,
      7.268657479,
      7.391546077
    ]
  },
  "warmup": {
    "times": [

    ]
  },
  "requests": {
    "times": [

    ]
  }
}
