{
  "version": 2,
  "settings": {
    "startup_iters": 20,
    "random_seed": 16541799507913229037,
    "worker_iterations": 0,
    "warmup_iterations": 0,
    "workers": 30,
    "puma_processes": 10,
    "puma_threads": 6,
    "port_num": 4567,
    "out_dir": "newhash/",
    "discourse_revision": "02fb86916f5265ad8318c4415229753428c68eaf"
  },
  "environment": {
    "RUBY_VERSION": "2.5.0"
  },
  "startup": {
    "times": [
      7.107536734,
      7.397283255,
      7.334934243,
      7.232850116,
      7.344408607,
      7.090119515,
      7.224115542,
      7.302496158,
      7.122618677,
      7.264637473,
      7.273563595,
      7.21912033,
      7.370562916,
      7.226436959,
      7.323883888,
      7.20177317,
      7.174221162,
      7.28459391,
      7.321357484,
      7.305580739
    ]
  },
  "warmup": {
    "times": [

    ]
  },
  "requests": {
    "times": [

    ]
  }
}
