{
  "version": 2,
  "settings": {
    "startup_iters": 20,
    "random_seed": 16541799507913229037,
    "worker_iterations": 0,
    "warmup_iterations": 0,
    "workers": 30,
    "puma_processes": 10,
    "puma_threads": 6,
    "port_num": 4567,
    "out_dir": "newhash/",
    "discourse_revision": "02fb86916f5265ad8318c4415229753428c68eaf"
  },
  "environment": {
    "RUBY_VERSION": "2.5.0"
  },
  "startup": {
    "times": [
      7.273196602,
      7.402215762,
      7.189205988,
      7.128988577,
      7.183578129,
      7.456900131,
      7.351345222,
      7.23812382,
      7.215938207,
      7.23758803,
      7.285646978,
      7.190683104,
      7.142531287,
      7.222702001,
      7.42565004,
      7.258375284,
      7.285532584,
      7.124259294,
      7.300873597,
      7.289169572
    ]
  },
  "warmup": {
    "times": [

    ]
  },
  "requests": {
    "times": [

    ]
  }
}
