{
  "version": 2,
  "settings": {
    "startup_iters": 20,
    "random_seed": 16541799507913229037,
    "worker_iterations": 0,
    "warmup_iterations": 0,
    "workers": 30,
    "puma_processes": 10,
    "puma_threads": 6,
    "port_num": 4567,
    "out_dir": "newhash/",
    "discourse_revision": "02fb86916f5265ad8318c4415229753428c68eaf"
  },
  "environment": {
    "RUBY_VERSION": "2.5.0"
  },
  "startup": {
    "times": [
      7.179531527,
      7.257790539,
      7.208037611,
      7.376491815,
      7.195642325,
      7.036598888,
      7.193760093,
      7.350727167,
      7.167037105,
      7.279126754,
      7.178509602,
      7.239150346,
      7.004170673,
      7.295222755,
      7.330364336,
      7.391657723,
      7.492735196,
      7.242263067,
      7.147300432,
      7.275073426
    ]
  },
  "warmup": {
    "times": [

    ]
  },
  "requests": {
    "times": [

    ]
  }
}
