{
  "version": 2,
  "settings": {
    "startup_iters": 20,
    "random_seed": 16541799507913229037,
    "worker_iterations": 0,
    "warmup_iterations": 0,
    "workers": 30,
    "puma_processes": 10,
    "puma_threads": 6,
    "port_num": 4567,
    "out_dir": "newhash/",
    "discourse_revision": "02fb86916f5265ad8318c4415229753428c68eaf"
  },
  "environment": {
    "RUBY_VERSION": "2.5.0"
  },
  "startup": {
    "times": [
      7.150622949,
      7.322034121,
      7.131127458,
      7.444986834,
      7.247703182,
      7.440448271,
      7.321421553,
      7.321175483,
      7.363169764,
      7.311638028,
      7.2892868,
      7.106531982,
      7.39760615,
      7.382935924,
      7.184187258,
      7.283478933,
      7.184361887,
      7.390164907,
      7.118586666,
      7.068316802
    ]
  },
  "warmup": {
    "times": [

    ]
  },
  "requests": {
    "times": [

    ]
  }
}
