{
  "version": 2,
  "settings": {
    "startup_iters": 20,
    "random_seed": 16541799507913229037,
    "worker_iterations": 0,
    "warmup_iterations": 0,
    "workers": 30,
    "puma_processes": 10,
    "puma_threads": 6,
    "port_num": 4567,
    "out_dir": "newhash/",
    "discourse_revision": "02fb86916f5265ad8318c4415229753428c68eaf"
  },
  "environment": {
    "RUBY_VERSION": "2.5.0"
  },
  "startup": {
    "times": [
      7.308068916,
      7.240073225,
      7.192827072,
      7.397066717,
      7.367572742,
      7.230219842,
      7.32187337,
      7.156751143,
      7.275281121,
      7.277841823,
      7.04882482,
      7.279908798,
      7.308458873,
      7.246703123,
      7.242827185,
      7.351016917,
      7.325267206,
      7.316916896,
      7.073550436,
      7.210518656
    ]
  },
  "warmup": {
    "times": [

    ]
  },
  "requests": {
    "times": [

    ]
  }
}
