{
  "version": 2,
  "settings": {
    "startup_iters": 20,
    "random_seed": 16541799507913229037,
    "worker_iterations": 0,
    "warmup_iterations": 0,
    "workers": 30,
    "puma_processes": 10,
    "puma_threads": 6,
    "port_num": 4567,
    "out_dir": "newhash/",
    "discourse_revision": "02fb86916f5265ad8318c4415229753428c68eaf"
  },
  "environment": {
    "RUBY_VERSION": "2.5.0"
  },
  "startup": {
    "times": [
      7.126774673,
      7.31399472,
      7.151043172,
      7.200689959,
      7.164152561,
      7.362469042,
      7.416992944,
      7.401467528,
      7.092622483,
      7.124004784,
      7.305890639,
      7.434132052,
      7.23836094,
      7.202865253,
      7.220908884,
      7.273413045,
      7.23196251,
      7.222321893,
      7.084857552,
      7.191533904
    ]
  },
  "warmup": {
    "times": [

    ]
  },
  "requests": {
    "times": [

    ]
  }
}
