{
  "version": 2,
  "settings": {
    "startup_iters": 20,
    "random_seed": 16541799507913229037,
    "worker_iterations": 0,
    "warmup_iterations": 0,
    "workers": 30,
    "puma_processes": 10,
    "puma_threads": 6,
    "port_num": 4567,
    "out_dir": "newhash/",
    "discourse_revision": "02fb86916f5265ad8318c4415229753428c68eaf"
  },
  "environment": {
    "RUBY_VERSION": "2.5.0"
  },
  "startup": {
    "times": [
      7.363712293,
      7.426668918,
      7.206698013,
      7.307363142,
      7.418403447,
      7.435838935,
      7.508040105,
      7.136528797,
      7.216681875,
      7.130739952,
      7.296251116,
      7.387419993,
      7.25143348,
      7.426637606,
      7.292281262,
      7.082345451,
      7.266377716,
      7.059937873,
      7.304901318,
      7.251751816
    ]
  },
  "warmup": {
    "times": [

    ]
  },
  "requests": {
    "times": [

    ]
  }
}
