{
  "version": 2,
  "settings": {
    "startup_iters": 20,
    "random_seed": 16541799507913229037,
    "worker_iterations": 0,
    "warmup_iterations": 0,
    "workers": 30,
    "puma_processes": 10,
    "puma_threads": 6,
    "port_num": 4567,
    "out_dir": "newhash/",
    "discourse_revision": "02fb86916f5265ad8318c4415229753428c68eaf"
  },
  "environment": {
    "RUBY_VERSION": "2.5.0"
  },
  "startup": {
    "times": [
      7.235805282,
      7.259536589,
      7.330161682,
      7.608674667,
      6.97425598,
      7.327016861,
      7.219074182,
      7.385097989,
      7.170316833,
      7.3552538,
      7.352995541,
      7.181370128,
      7.397207843,
      7.22254242,
      7.241472357,
      7.396495503,
      7.110392747,
      7.162430586,
      7.296154112,
      7.180612751
    ]
  },
  "warmup": {
    "times": [

    ]
  },
  "requests": {
    "times": [

    ]
  }
}
